sku,nombre,marca,categoria,precio_venta,precio_regular,tiene_precio_oh,descuento_pct,url_producto,url_imagen,fecha_extraccion
galletas-soda-field-bolsa-6un,Galletas Saladas FIELD Soda Paquete 6un,FIELD,abarrotes,3.5,3.9,False,10.26,https://www.plazavea.com.pe/galletas-soda-field-bolsa-6un/p,https://vivanda.vteximg.com.br/arquivos/Alto_sodio.png?v=123,2026-09-16 21:08:39
gomas-ambrosoli-cerebros-bolsa-250g,Gomas AMBROSOLI Cerebros Bolsa 250g,AMBROSOLI,abarrotes,14.5,14.5,False,0.0,https://www.plazavea.com.pe/gomas-ambrosoli-cerebros-bolsa-250g/p,https://plazavea.vteximg.com.br/arquivos/ids/32481785-184-184/20564656.jpg?v=638954682668300000,2026-09-16 21:08:39
galleta-chokosoda-field-paquete-6un,Galletas FIELD ChokoSoda Paquete 6un,FIELD,abarrotes,6.3,7.2,False,12.5,https://www.plazavea.com.pe/galleta-chokosoda-field-paquete-6un/p,https://vivanda.vteximg.com.br/arquivos/azucar_saturadas.png?v=123,2026-09-16 21:08:39
galleta-vainilla-field-paquete-6un,Galletas FIELD Vainilla Paquete 6un,FIELD,abarrotes,4.8,5.5,False,12.73,https://www.plazavea.com.pe/galleta-vainilla-field-paquete-6un/p,https://vivanda.vteximg.com.br/arquivos/Alto_azucar.png?v=123,2026-09-16 21:08:39
chupetin-de-halloween-mister-pops-extreme-duo-bolsa-432g,Chupetín de Halloween MISTER POPS Extreme Duo ...,MISTER POPS,abarrotes,10.8,10.8,False,0.0,https://www.plazavea.com.pe/chupetin-de-halloween-mister-pops-extreme-duo-bolsa-432g/p,https://plazavea.vteximg.com.br/arquivos/ids/29519855-184-184/20462432.jpg?v=638623201724470000,2026-09-16 21:08:39
chupetines-mister-pops-ciclopops-halloween-bolsa-432g,Chupetines MISTER POPS Ciclopops Halloween Bol...,MISTER POPS,abarrotes,10.8,10.8,False,0.0,https://www.plazavea.com.pe/chupetines-mister-pops-ciclopops-halloween-bolsa-432g/p,https://vivanda.vteximg.com.br/arquivos/Alto_azucar.png?v=123,2026-09-16 21:08:39
conserva-bells-palmitos-enteros-en-salmuera-frasco-430gr,Conserva BELL'S Palmitos Enteros en Salmuera F...,BELL'S,abarrotes,7.69,7.69,False,0.0,https://www.plazavea.com.pe/conserva-bells-palmitos-enteros-en-salmuera-frasco-430gr/p,https://plazavea.vteximg.com.br/arquivos/ids/34330615-184-184/20081176.jpg?v=639124899345230000,2026-09-16 21:08:39
aceite-vegetal-primor-clasico-botella-900ml,Aceite Vegetal PRIMOR Clásico Botella 900ml,PRIMOR,abarrotes,8.5,9.7,True,12.37,https://www.plazavea.com.pe/aceite-vegetal-primor-clasico-botella-900ml/p,https://plazavea.vteximg.com.br/arquivos/ids/30632030-184-184/20281566.jpg?v=638758944609130000,2026-09-16 21:08:39
galletas-field-cream-crakers-bolsa-73-5g,Galletas Saladas FIELD Cream Cracker Paquete 7...,FIELD,abarrotes,2.1,2.5,False,16.0,https://www.plazavea.com.pe/galletas-field-cream-crakers-bolsa-73-5g/p,https://plazavea.vteximg.com.br/arquivos/ids/30364815-184-184/20353012.jpg?v=638710561194470000,2026-09-16 21:08:39
galletas-field-coronita-sixpack-paquete-216g,Galletas FIELD Coronita Paquete 6un,FIELD,abarrotes,5.3,5.3,False,0.0,https://www.plazavea.com.pe/galletas-field-coronita-sixpack-paquete-216g/p,https://vivanda.vteximg.com.br/arquivos/azucar_saturadas.png?v=123,2026-09-16 21:08:39
galletas-field-charada-sixpack-paquete-226-8g,Galletas FIELD Charada Paquete 6un,FIELD,abarrotes,5.3,5.3,False,0.0,https://www.plazavea.com.pe/galletas-field-charada-sixpack-paquete-226-8g/p,https://vivanda.vteximg.com.br/arquivos/azucar_saturadas.png?v=123,2026-09-16 21:08:39
arroz-extra-bells-bolsa-5kg-19073,Arroz Extra BELL'S Bolsa 5Kg,BELL'S,abarrotes,17.5,17.9,False,2.23,https://www.plazavea.com.pe/arroz-extra-bells-bolsa-5kg-19073/p,https://plazavea.vteximg.com.br/arquivos/ids/35462526-184-184/19073.jpg?v=639207696965100000,2026-09-16 21:08:39
arroz-anejo-extra-costeno-saco-10kg,Arroz Añejo Extra COSTEÑO Saco 10Kg,COSTEÑO,abarrotes,40.7,43.9,True,7.29,https://www.plazavea.com.pe/arroz-anejo-extra-costeno-saco-10kg/p,https://plazavea.vteximg.com.br/arquivos/ids/34976130-184-184/20466651.jpg?v=639234384120530000,2026-09-16 21:08:39
lenteja-casa-verde-listas-para-comer-doypack-360g,Lenteja CASA VERDE Listas para Comer Doypack 3...,CASA VERDE,abarrotes,7.5,7.5,False,0.0,https://www.plazavea.com.pe/lenteja-casa-verde-listas-para-comer-doypack-360g/p,https://plazavea.vteximg.com.br/arquivos/ids/29682624-184-184/20463517.jpg?v=638642707586830000,2026-09-16 21:08:39
mayonesa-bd-doypack-400g,Mayonesa B&D Doypack 400g,B&D,abarrotes,10.99,10.99,False,0.0,https://www.plazavea.com.pe/mayonesa-bd-doypack-400g/p,https://vivanda.vteximg.com.br/arquivos/Sodio_saturadas.png?v=123,2026-09-16 21:08:39
galleta-chocobum-empaque-33g-paquete-6un,Galleta CHOCOBUM Empaque 33g Paquete 6un,CHOCOBUM,abarrotes,4.1,5.3,False,22.64,https://www.plazavea.com.pe/galleta-chocobum-empaque-33g-paquete-6un/p,https://vivanda.vteximg.com.br/arquivos/azucar_saturadas.png?v=123,2026-09-16 21:08:39
galletas-field-cream-crakers-bolsa-258g,Galletas Saladas FIELD Cream Cracker Paquete 2...,FIELD,abarrotes,6.8,6.8,False,0.0,https://www.plazavea.com.pe/galletas-field-cream-crakers-bolsa-258g/p,https://plazavea.vteximg.com.br/arquivos/ids/29033419-184-184/20353013.jpg?v=638501476170030000,2026-09-16 21:08:39
mayonesa-bd-doypack-190g,Mayonesa B&D Doypack 190g,B&D,abarrotes,6.49,6.49,False,0.0,https://www.plazavea.com.pe/mayonesa-bd-doypack-190g/p,https://vivanda.vteximg.com.br/arquivos/Sodio_saturadas.png?v=123,2026-09-16 21:08:39
mayonesa-libbys-doypack-100g,Mayonesa LIBBY'S Doypack 100g,LIBBY S,abarrotes,3.99,3.99,False,0.0,https://www.plazavea.com.pe/mayonesa-libbys-doypack-100g/p,https://vivanda.vteximg.com.br/arquivos/Sodio_saturadas.png?v=123,2026-09-16 21:08:39
aceitunas-en-conserva-bells-verdes-enteras-bolsa-250gr,Aceitunas en Conserva BELL'S Verdes Enteras Bo...,BELL'S,abarrotes,7.19,7.19,False,0.0,https://www.plazavea.com.pe/aceitunas-en-conserva-bells-verdes-enteras-bolsa-250gr/p,https://vivanda.vteximg.com.br/arquivos/Alto_sodio.png?v=123,2026-09-16 21:08:39
frejoles-casa-verde-listas-para-comer-doypack-360g,Frejoles CASA VERDE Listas para Comer Doypack ...,CASA VERDE,abarrotes,8.2,8.6,False,4.65,https://www.plazavea.com.pe/frejoles-casa-verde-listas-para-comer-doypack-360g/p,https://plazavea.vteximg.com.br/arquivos/ids/29682625-184-184/20463515.jpg?v=638642707628170000,2026-09-16 21:08:39
caramelos-tic-tac-naranja-envase-16g,Caramelos TIC TAC Naranja Envase 16g,TIC TAC,abarrotes,2.9,2.9,False,0.0,https://www.plazavea.com.pe/caramelos-tic-tac-naranja-envase-16g/p,https://vivanda.vteximg.com.br/arquivos/Alto_azucar.png?v=123,2026-09-16 21:08:39
tortilla-chips-doritos-queso-atrevido-bolsa-45g-20257362,Tortilla Chips DORITOS Queso Atrevido Bolsa 45...,DORITOS,abarrotes,2.5,2.5,False,0.0,https://www.plazavea.com.pe/tortilla-chips-doritos-queso-atrevido-bolsa-45g-20257362/p,https://vivanda.vteximg.com.br/arquivos/Sodio_saturadas.png?v=123,2026-09-16 21:08:39
mani-karinto-crocante-sal-bolsa-100g,Maní KARINTO Crocante Sal Bolsa 100g,KARINTO,abarrotes,4.2,4.5,False,6.67,https://www.plazavea.com.pe/mani-karinto-crocante-sal-bolsa-100g/p,https://plazavea.vteximg.com.br/arquivos/ids/34359653-184-184/20237026.jpg?v=639125041925500000,2026-09-16 21:08:39
mani-karinto-crocante-sal-bolsa-200g,Maní KARINTO Crocante Sal Bolsa 200g,KARINTO,abarrotes,8.0,8.0,False,0.0,https://www.plazavea.com.pe/mani-karinto-crocante-sal-bolsa-200g/p,https://plazavea.vteximg.com.br/arquivos/ids/34359651-184-184/20237013.jpg?v=639125041865300000,2026-09-16 21:08:39
mani-karinto-clasico-sal-bolsa-100g,Maní KARINTO Clásico Sal Bolsa 100g,KARINTO,abarrotes,4.2,4.2,False,0.0,https://www.plazavea.com.pe/mani-karinto-clasico-sal-bolsa-100g/p,https://vivanda.vteximg.com.br/arquivos/Alto_saturadas.png?v=123,2026-09-16 21:08:39
caramelos-ambrosoli-gajo-frutas-bolsa-100un,Caramelos AMBROSOLI Gajo frutas Bolsa 100Un,AMBROSOLI,abarrotes,7.9,7.9,False,0.0,https://www.plazavea.com.pe/caramelos-ambrosoli-gajo-frutas-bolsa-100un/p,https://vivanda.vteximg.com.br/arquivos/Alto_azucar.png?v=123,2026-09-16 21:08:39
caramelos-oh-ambrosoli-blando-de-leche-bolsa-620gr,Caramelos AMBROSOLI Blando de leche Bolsa 620G...,AMBROSOLI,abarrotes,15.9,17.9,False,11.17,https://www.plazavea.com.pe/caramelos-oh-ambrosoli-blando-de-leche-bolsa-620gr/p,https://vivanda.vteximg.com.br/arquivos/Alto_azucar.png?v=123,2026-09-16 21:08:39
snack-de-maiz-cheese-tris-queso-bolsa-44g,Snack de Maíz CHEESE TRIS Queso Bolsa 44g,CHEESE TRIS,abarrotes,2.49,2.49,False,0.0,https://www.plazavea.com.pe/snack-de-maiz-cheese-tris-queso-bolsa-44g/p,https://vivanda.vteximg.com.br/arquivos/Sodio_saturadas.png?v=123,2026-09-16 21:08:39
caramelos-tic-tac-menta-intensa-envase-16g,Caramelos TIC TAC Menta Intensa Envase 16g,TIC TAC,abarrotes,2.9,2.9,False,0.0,https://www.plazavea.com.pe/caramelos-tic-tac-menta-intensa-envase-16g/p,https://vivanda.vteximg.com.br/arquivos/Alto_azucar.png?v=123,2026-09-16 21:08:39
tableta-con-leche-hersheys-82g,Tableta con Leche HERSHEY'S 82g,HERSHEYS,abarrotes,11.0,11.0,False,0.0,https://www.plazavea.com.pe/tableta-con-leche-hersheys-82g/p,https://plazavea.vteximg.com.br/arquivos/ids/29042011-184-184/20423026.jpg?v=638508770663170000,2026-09-16 21:08:39
nerds-watermeloncherry-un-46-7g,NERDS Watermelon & Cherry Paquete 46.7g,NERDS,abarrotes,7.9,7.9,False,0.0,https://www.plazavea.com.pe/nerds-watermeloncherry-un-46-7g/p,https://plazavea.vteximg.com.br/arquivos/ids/29041846-184-184/20422739.jpg?v=638508755984430000,2026-09-16 21:08:39
nerds-rope-very-berry-un-26g,NERDS Rope Very Berry Bolsa 26g,NERDS,abarrotes,7.9,7.9,False,0.0,https://www.plazavea.com.pe/nerds-rope-very-berry-un-26g/p,https://plazavea.vteximg.com.br/arquivos/ids/29041845-184-184/20422563.jpg?v=638508755633570000,2026-09-16 21:08:39
nerds-rainbow-video-un-141g,NERDS Rainbow Paquete 141g,NERDS,abarrotes,12.9,12.9,False,0.0,https://www.plazavea.com.pe/nerds-rainbow-video-un-141g/p,https://plazavea.vteximg.com.br/arquivos/ids/29041844-184-184/20422562.jpg?v=638508755294230000,2026-09-16 21:08:39
nerds-grapestrawberry-un-46-7g,NERDS Grape & Strawberry Paquete 46.7g,NERDS,abarrotes,7.9,7.9,False,0.0,https://www.plazavea.com.pe/nerds-grapestrawberry-un-46-7g/p,https://plazavea.vteximg.com.br/arquivos/ids/29041843-184-184/20422740.jpg?v=638508754938500000,2026-09-16 21:08:39
tortilla-chips-doritos-dinamita-flamin-hot-bolsa-80-g,Tortilla Chips DORITOS Dinamita Flamin' Hot Bo...,DORITOS,abarrotes,6.5,6.5,False,0.0,https://www.plazavea.com.pe/tortilla-chips-doritos-dinamita-flamin-hot-bolsa-80-g/p,https://plazavea.vteximg.com.br/arquivos/ids/34362404-184-184/20391860.jpg?v=639125060567730000,2026-09-16 21:08:39
caramelos-tic-tac-menta-envase-16g,Caramelos TIC TAC Menta Envase 16g,TIC TAC,abarrotes,2.9,2.9,False,0.0,https://www.plazavea.com.pe/caramelos-tic-tac-menta-envase-16g/p,https://vivanda.vteximg.com.br/arquivos/Alto_azucar.png?v=123,2026-09-16 21:08:39
endulzante-natural-lakanto-sweetener-golden-doypack-800g,Endulzante Natural LAKANTO Sweetener Golden Do...,LAKANTO,abarrotes,89.2,105.0,False,15.05,https://www.plazavea.com.pe/endulzante-natural-lakanto-sweetener-golden-doypack-800g/p,https://plazavea.vteximg.com.br/arquivos/ids/2273544-184-184/20237522.jpg?v=637651063240330000,2026-09-16 21:08:39
mani-karinto-crocante-picante-bolsa-200g,Maní KARINTO Crocante Picante Bolsa 200g,KARINTO,abarrotes,8.0,8.0,False,0.0,https://www.plazavea.com.pe/mani-karinto-crocante-picante-bolsa-200g/p,https://vivanda.vteximg.com.br/arquivos/Sodio_saturadas.png?v=123,2026-09-16 21:08:39
snack-piqueo-snax-original-bolsa-55g,Snack PIQUEO SNAX Original Bolsa 55g,FRITO LAY,abarrotes,2.5,2.5,False,0.0,https://www.plazavea.com.pe/snack-piqueo-snax-original-bolsa-55g/p,https://vivanda.vteximg.com.br/arquivos/Sodio_saturadas.png?v=123,2026-09-16 21:08:39
barra-de-chocolate-hersheys-air-paquete-85g,Barra de Chocolate HERSHEY'S Air Paquete 85g,HERSHEYS,abarrotes,8.9,8.9,False,0.0,https://www.plazavea.com.pe/barra-de-chocolate-hersheys-air-paquete-85g/p,https://vivanda.vteximg.com.br/arquivos/azucar_saturadas.png?v=123,2026-09-16 21:08:39
caramelos-masticables-mentos-tutti-frutti-paquete-29-04g,Caramelos Masticables MENTOS Tutti Frutti Paqu...,MENTOS,abarrotes,2.5,2.5,False,0.0,https://www.plazavea.com.pe/caramelos-masticables-mentos-tutti-frutti-paquete-29-04g/p,https://vivanda.vteximg.com.br/arquivos/Alto_azucar.png?v=123,2026-09-16 21:08:39
caramelos-masticables-mentos-envoltura-29-04g,Caramelos Masticables MENTOS Envoltura 29.04g,MENTOS,abarrotes,2.5,2.5,False,0.0,https://www.plazavea.com.pe/caramelos-masticables-mentos-envoltura-29-04g/p,https://vivanda.vteximg.com.br/arquivos/Alto_azucar.png?v=123,2026-09-16 21:08:39
caramelos-con-leche-butter-toffees-bolsa-390g,Caramelos con Leche BUTTER TOFFEES Bolsa 390g,ARCOR,abarrotes,20.4,20.4,False,0.0,https://www.plazavea.com.pe/caramelos-con-leche-butter-toffees-bolsa-390g/p,https://vivanda.vteximg.com.br/arquivos/azucar_saturadas.png?v=123,2026-09-16 21:08:39
salsa-2-banderas-aderezo-para-lechon-bolsa-300g,Aderezo para Lechón 2 BANDERAS Empaque 300g,2 BANDERAS,abarrotes,8.79,8.79,False,0.0,https://www.plazavea.com.pe/salsa-2-banderas-aderezo-para-lechon-bolsa-300g/p,https://plazavea.vteximg.com.br/arquivos/ids/646035-184-184/20130748.jpg?v=639113443357870000,2026-09-16 21:08:39
caramelos-mentos-kiss-fresa-lata-35gr,Caramelos MENTOS Kiss Fresa Lata 35g,MENTOS,abarrotes,9.2,10.0,False,8.0,https://www.plazavea.com.pe/caramelos-mentos-kiss-fresa-lata-35gr/p,https://plazavea.vteximg.com.br/arquivos/ids/34330749-184-184/20112654.jpg?v=639124900463500000,2026-09-16 21:08:39
caramelos-mentos-kiss-menta-lata-35gr,Caramelos MENTOS Kiss menta Lata 35Gr,MENTOS,abarrotes,9.2,10.0,False,8.0,https://www.plazavea.com.pe/caramelos-mentos-kiss-menta-lata-35gr/p,https://plazavea.vteximg.com.br/arquivos/ids/34330750-184-184/20112655.jpg?v=639124900470000000,2026-09-16 21:08:39
caramelos-starbust-masticables-sabores-surtidos-bolsa-2-07oz,Caramelos Masticables STARBUST Sabores Surtido...,BARCELONA,abarrotes,5.0,5.0,False,0.0,https://www.plazavea.com.pe/caramelos-starbust-masticables-sabores-surtidos-bolsa-2-07oz/p,https://vivanda.vteximg.com.br/arquivos/azucar_saturadas.png?v=123,2026-09-16 21:08:39
caramelos-skittles-original-duro-sabores-surtidos-bolsa-61-5gr,Caramelos SKITTLES ORIGINAL Duro Sabores Surti...,SKITTLES,abarrotes,6.2,6.2,False,0.0,https://www.plazavea.com.pe/caramelos-skittles-original-duro-sabores-surtidos-bolsa-61-5gr/p,https://vivanda.vteximg.com.br/arquivos/Alto_azucar.png?v=123,2026-09-16 21:08:39
caramelos-skittles-wild-berry-sabor-de-frutas-bolsa-61-5gr,Caramelos SKITTLES WILD BERRY Sabor de frutas ...,SKITTLES,abarrotes,6.2,6.2,False,0.0,https://www.plazavea.com.pe/caramelos-skittles-wild-berry-sabor-de-frutas-bolsa-61-5gr/p,https://vivanda.vteximg.com.br/arquivos/Alto_azucar.png?v=123,2026-09-16 21:08:39
caramelos-ambrocolas-ambrosoli-rojo-amarillo-cola-negro-bolsa-350gr,"Caramelos AMBROSOLI Rojo, Amarillo, Cola Negro...",AMBROSOLI,abarrotes,6.9,6.9,False,0.0,https://www.plazavea.com.pe/caramelos-ambrocolas-ambrosoli-rojo-amarillo-cola-negro-bolsa-350gr/p,https://vivanda.vteximg.com.br/arquivos/Alto_azucar.png?v=123,2026-09-16 21:08:39
galletas-saladas-ritz-bolsa-20g-paquete-6un,Galletas Saladas RITZ sabor Original Paquete 6...,RITZ,abarrotes,4.3,4.8,False,10.42,https://www.plazavea.com.pe/galletas-saladas-ritz-bolsa-20g-paquete-6un/p,https://vivanda.vteximg.com.br/arquivos/Sodio_saturadas.png?v=123,2026-09-16 21:08:39
galleta-oreo-twelve-paquete-432g,Galletas OREO Original Paquete 12un,OREO,abarrotes,8.5,9.9,False,14.14,https://www.plazavea.com.pe/galleta-oreo-twelve-paquete-432g/p,https://vivanda.vteximg.com.br/arquivos/octagono-3.png?v=123,2026-09-16 21:08:39
pack-galletas-saladas-ritz-bolsa-20g-paquete-6un-x-2un,Pack Galletas Saladas RITZ Bolsa 20g Paquete 6...,RITZ,abarrotes,7.3,9.6,False,23.96,https://www.plazavea.com.pe/pack-galletas-saladas-ritz-bolsa-20g-paquete-6un-x-2un/p,https://vivanda.vteximg.com.br/arquivos/Sodio_saturadas.png?v=123,2026-09-16 21:08:39
pack-galleta-nabisco-oreo-regular-paquete-6un-x-2un,Pack Galletas OREO Original Paquete 6un x 2,OREO,abarrotes,8.2,10.4,False,21.15,https://www.plazavea.com.pe/pack-galleta-nabisco-oreo-regular-paquete-6un-x-2un/p,https://vivanda.vteximg.com.br/arquivos/octagono-3.png?v=123,2026-09-16 21:08:39
galleta-oreo-regular-paquete-6un,Galletas OREO Original Paquete 6un,OREO,abarrotes,4.7,5.2,False,9.62,https://www.plazavea.com.pe/galleta-oreo-regular-paquete-6un/p,https://vivanda.vteximg.com.br/arquivos/octagono-3.png?v=123,2026-09-16 21:08:39
galletas-saladas-ritz-taco-paquete-70g,Galletas Saladas RITZ Taco Paquete 70g,RITZ,abarrotes,1.6,2.0,False,20.0,https://www.plazavea.com.pe/galletas-saladas-ritz-taco-paquete-70g/p,https://plazavea.vteximg.com.br/arquivos/ids/31463064-184-184/20466772.jpg?v=639150597491300000,2026-09-16 21:08:39
pack-galleta-oreo-twelve-paquete-432g-x-2un,Pack Galletas OREO Original Paquete 12un x 2,OREO,abarrotes,15.0,19.8,False,24.24,https://www.plazavea.com.pe/pack-galleta-oreo-twelve-paquete-432g-x-2un/p,https://vivanda.vteximg.com.br/arquivos/octagono-3.png?v=123,2026-09-16 21:08:39
galletas-saladas-ritz-sabor-a-queso-bolsa-30g-paquete-6un,Galletas Saladas RITZ sabor Queso Paquete 6un,RITZ,abarrotes,5.5,6.0,False,8.33,https://www.plazavea.com.pe/galletas-saladas-ritz-sabor-a-queso-bolsa-30g-paquete-6un/p,https://vivanda.vteximg.com.br/arquivos/octagono-3.png?v=123,2026-09-16 21:09:04
galleta-oreo-doble-vainilla-paquete-6un,Galletas OREO Sabor Vainilla Paquete 6un,OREO,abarrotes,4.8,5.2,False,7.69,https://www.plazavea.com.pe/galleta-oreo-doble-vainilla-paquete-6un/p,https://vivanda.vteximg.com.br/arquivos/azucar_saturadas.png?v=123,2026-09-16 21:09:04
pack-galletas-saladas-ritz-sabor-a-queso-bolsa-30g-paquete-6un-x-2un,Pack Galletas Saladas RITZ Sabor a Queso Bolsa...,RITZ,abarrotes,9.0,12.0,False,25.0,https://www.plazavea.com.pe/pack-galletas-saladas-ritz-sabor-a-queso-bolsa-30g-paquete-6un-x-2un/p,https://vivanda.vteximg.com.br/arquivos/octagono-3.png?v=123,2026-09-16 21:09:04
galleta-oreo-cookies-cream-paquete-6un,Galletas OREO Sabor Cookies & Cream Paquete 6u...,OREO,abarrotes,4.8,5.2,False,7.69,https://www.plazavea.com.pe/galleta-oreo-cookies-cream-paquete-6un/p,https://vivanda.vteximg.com.br/arquivos/octagono-3.png?v=123,2026-09-16 21:09:04
galleta-ritz-mini-paquete-50g,Galletas Saladas RITZ Mini Original Bolsa 50g,RITZ,abarrotes,2.0,2.0,False,0.0,https://www.plazavea.com.pe/galleta-ritz-mini-paquete-50g/p,https://vivanda.vteximg.com.br/arquivos/Sodio_saturadas.png?v=123,2026-09-16 21:09:04
pack-galletas-oreo-sabor-original-paquete-12un-galletas-saladas-ritz-sabor-original-paquete-6un,Pack Galletas OREO Original Paquete 12un + Gal...,OREO,abarrotes,11.0,14.7,False,25.17,https://www.plazavea.com.pe/pack-galletas-oreo-sabor-original-paquete-12un-galletas-saladas-ritz-sabor-original-paquete-6un/p,https://vivanda.vteximg.com.br/arquivos/octagono-3.png?v=123,2026-09-16 21:09:04
galletas-nabisco-oreo-sabor-a-fresa-bolsa-6un-20570745,Galletas OREO Sabor a Fresa Paquete 6un,OREO,abarrotes,4.8,5.5,False,12.73,https://www.plazavea.com.pe/galletas-nabisco-oreo-sabor-a-fresa-bolsa-6un-20570745/p,https://vivanda.vteximg.com.br/arquivos/azucar_saturadas.png?v=123,2026-09-16 21:09:04
galletas-nabisco-ritz-original-bolsa-20g-paquete-12un-20469175,Galletas RITZ Original Bolsa 20g Paquete 12un,RITZ,abarrotes,8.7,8.7,False,0.0,https://www.plazavea.com.pe/galletas-nabisco-ritz-original-bolsa-20g-paquete-12un-20469175/p,https://vivanda.vteximg.com.br/arquivos/Sodio_saturadas.png?v=123,2026-09-16 21:09:04
galleta-oreo-chocolate-paquete-6un,Galletas OREO Sabor Chocolate Paquete 6un,OREO,abarrotes,4.8,5.2,False,7.69,https://www.plazavea.com.pe/galleta-oreo-chocolate-paquete-6un/p,https://vivanda.vteximg.com.br/arquivos/octagono-3.png?v=123,2026-09-16 21:09:04
pack-galletas-nabisco-oreo-sabor-a-fresa-bolsa-6un-x-2un,Pack Galletas OREO Sabor a Fresa Paquete 6un x...,OREO,abarrotes,8.2,11.0,False,25.45,https://www.plazavea.com.pe/pack-galletas-nabisco-oreo-sabor-a-fresa-bolsa-6un-x-2un/p,https://vivanda.vteximg.com.br/arquivos/azucar_saturadas.png?v=123,2026-09-16 21:09:04
galleta-oreo-golden-vainilla-paquete-108g,Galletas OREO Sabor Vainilla Taco 108g,OREO,abarrotes,3.0,3.0,False,0.0,https://www.plazavea.com.pe/galleta-oreo-golden-vainilla-paquete-108g/p,https://vivanda.vteximg.com.br/arquivos/azucar_saturadas.png?v=123,2026-09-16 21:09:04
galleta-oreo-taco-135g,Galletas OREO Original Taco 135g,OREO,abarrotes,3.4,3.4,False,0.0,https://www.plazavea.com.pe/galleta-oreo-taco-135g/p,https://vivanda.vteximg.com.br/arquivos/octagono-3.png?v=123,2026-09-16 21:09:04
pack-galleta-nabisco-oreo-cookies-cream-paquete-6un-x-2un,Pack Galletas OREO Cookies & Cream Paquete 6un...,OREO,abarrotes,8.2,10.4,False,21.15,https://www.plazavea.com.pe/pack-galleta-nabisco-oreo-cookies-cream-paquete-6un-x-2un/p,https://vivanda.vteximg.com.br/arquivos/octagono-3.png?v=123,2026-09-16 21:09:04
pack-galleta-nabisco-oreo-doble-vainilla-paquete-6un-x-2un,Pack Galletas OREO sabor Vainilla Paquete 6un ...,OREO,abarrotes,8.2,10.4,False,21.15,https://www.plazavea.com.pe/pack-galleta-nabisco-oreo-doble-vainilla-paquete-6un-x-2un/p,https://vivanda.vteximg.com.br/arquivos/azucar_saturadas.png?v=123,2026-09-16 21:09:04
pack-galleta-nabisco-oreo-chocolate-paquete-6un-x-2un,Pack Galletas OREO sabor Chocolate Paquete 6un...,OREO,abarrotes,8.2,10.4,False,21.15,https://www.plazavea.com.pe/pack-galleta-nabisco-oreo-chocolate-paquete-6un-x-2un/p,https://vivanda.vteximg.com.br/arquivos/octagono-3.png?v=123,2026-09-16 21:09:04
aceite-vegetal-premium-primor-botella-900ml,Aceite Vegetal Premium PRIMOR Botella 900ml,PRIMOR,abarrotes,9.2,11.0,True,16.36,https://www.plazavea.com.pe/aceite-vegetal-premium-primor-botella-900ml/p,https://plazavea.vteximg.com.br/arquivos/ids/30632032-184-184/20281564.jpg?v=638811125811570000,2026-09-16 21:09:04
galletas-de-soda-san-jorge-paquete-7un,Galletas de Soda SAN JORGE Paquete 7un,SAN JORGE,abarrotes,3.9,4.5,False,13.33,https://www.plazavea.com.pe/galletas-de-soda-san-jorge-paquete-7un/p,https://vivanda.vteximg.com.br/arquivos/Sodio_saturadas.png?v=123,2026-09-16 21:09:04
filete-de-atun-en-agua-bells-lata-140g-20568242,Filete de Atún en Agua BELL'S Lata 140g,BELL'S,abarrotes,4.5,4.8,False,6.25,https://www.plazavea.com.pe/filete-de-atun-en-agua-bells-lata-140g-20568242/p,https://plazavea.vteximg.com.br/arquivos/ids/35462904-184-184/20568242.jpg?v=639207698323070000,2026-09-16 21:09:04
trozos-de-atun-primor-en-aceite-vegetal-lata-140g,Trozos de Atún PRIMOR en Aceite Vegetal Lata 1...,PRIMOR,abarrotes,5.4,6.5,False,16.92,https://www.plazavea.com.pe/trozos-de-atun-primor-en-aceite-vegetal-lata-140g/p,https://plazavea.vteximg.com.br/arquivos/ids/30632036-184-184/20283088.jpg?v=638758944902100000,2026-09-16 21:09:04
fideos-don-vittorio-spaghetti-bolsa-950g-20277768,Fideos DON VITTORIO Spaghetti Bolsa 950g,DON VITTORIO,abarrotes,4.9,6.0,True,18.33,https://www.plazavea.com.pe/fideos-don-vittorio-spaghetti-bolsa-950g-20277768/p,https://plazavea.vteximg.com.br/arquivos/ids/35462680-184-184/20277768.jpg?v=639207697520670000,2026-09-16 21:09:04
lenteja-bebe-bells-bolsa-500g,Lenteja Bebé BELL'S Bolsa 500g,BELL'S,abarrotes,3.3,4.2,False,21.43,https://www.plazavea.com.pe/lenteja-bebe-bells-bolsa-500g/p,https://plazavea.vteximg.com.br/arquivos/ids/2326803-184-184/20220358.jpg?v=637660568038330000,2026-09-16 21:09:04
azucar-rubia-bells-bolsa-1kg,Azúcar Rubia BELL'S Bolsa 1Kg,BELL'S,abarrotes,3.5,3.5,False,0.0,https://www.plazavea.com.pe/azucar-rubia-bells-bolsa-1kg/p,https://plazavea.vteximg.com.br/arquivos/ids/423248-184-184/20198552.jpg?v=637377101312700000,2026-09-16 21:09:04
azucar-rubia-bells-bolsa-5kg-20198553,Azúcar Rubia BELL'S Bolsa 5Kg,BELL'S,abarrotes,14.5,15.5,False,6.45,https://www.plazavea.com.pe/azucar-rubia-bells-bolsa-5kg-20198553/p,https://plazavea.vteximg.com.br/arquivos/ids/35462624-184-184/20198553.jpg?v=639207697346270000,2026-09-16 21:09:04
arroz-extra-faraon-bolsa-5kg,Arroz Extra Añejo FARAON Naranja Bolsa 5kg,FARAON,abarrotes,22.4,26.9,True,16.73,https://www.plazavea.com.pe/arroz-extra-faraon-bolsa-5kg/p,https://plazavea.vteximg.com.br/arquivos/ids/34333890-184-184/20139617.jpg?v=639124920220070000,2026-09-16 21:09:04
arroz-extra-costeno-bolsa-5kg,Arroz Extra COSTEÑO Bolsa 5Kg,COSTEÑO,abarrotes,19.9,25.9,False,23.17,https://www.plazavea.com.pe/arroz-extra-costeno-bolsa-5kg/p,https://plazavea.vteximg.com.br/arquivos/ids/27552451-184-184/641425.jpg?v=638313121271170000,2026-09-16 21:09:04
aceite-vegetal-bells-botella-900ml,Aceite Vegetal BELL'S Botella 900ml,BELL'S,abarrotes,5.7,5.7,True,0.0,https://www.plazavea.com.pe/aceite-vegetal-bells-botella-900ml/p,https://plazavea.vteximg.com.br/arquivos/ids/5002511-184-184/959308.jpg?v=639143695558230000,2026-09-16 21:09:04
frijol-canario-bells-bolsa-500g-20538528,Frijol Canario BELL'S Bolsa 500g,BELL'S,abarrotes,6.9,6.9,False,0.0,https://www.plazavea.com.pe/frijol-canario-bells-bolsa-500g-20538528/p,https://plazavea.vteximg.com.br/arquivos/ids/34466581-184-184/20538528.jpg?v=639130797220730000,2026-09-16 21:09:04
galletas-victoria-margarita-paquete-6un-20570316,Galletas VICTORIA Margarita Paquete 6un,VICTORIA,abarrotes,4.7,5.4,False,12.96,https://www.plazavea.com.pe/galletas-victoria-margarita-paquete-6un-20570316/p,https://vivanda.vteximg.com.br/arquivos/azucar_saturadas.png?v=123,2026-09-16 21:09:04
trozos-de-atun-en-aceite-bells-lata-140g-20568244,Trozos de Atún en Aceite BELL'S Lata 140g,BELL'S,abarrotes,4.1,4.4,False,6.82,https://www.plazavea.com.pe/trozos-de-atun-en-aceite-bells-lata-140g-20568244/p,https://plazavea.vteximg.com.br/arquivos/ids/34469331-184-184/20568244.jpg?v=639130811740270000,2026-09-16 21:09:04
filete-de-atun-en-aceite-bells-lata-140g-20568243,Filete de Atún en Aceite BELL'S Lata 140g,BELL'S,abarrotes,4.5,4.8,False,6.25,https://www.plazavea.com.pe/filete-de-atun-en-aceite-bells-lata-140g-20568243/p,https://plazavea.vteximg.com.br/arquivos/ids/35462903-184-184/20568243.jpg?v=639207698320100000,2026-09-16 21:09:04
fideos-tornillo-don-vittorio-bolsa-500g-20569233,Fideos Tornillo DON VITTORIO Bolsa 500g,DON VITTORIO,abarrotes,3.2,3.8,False,15.79,https://www.plazavea.com.pe/fideos-tornillo-don-vittorio-bolsa-500g-20569233/p,https://plazavea.vteximg.com.br/arquivos/ids/35462909-184-184/20569233.jpg?v=639207698343370000,2026-09-16 21:09:04
fideos-don-vittorio-spaghetti-bolsa-500g-20501452,Fideos DON VITTORIO Spaghetti Bolsa 500g,DON VITTORIO,abarrotes,3.2,3.8,False,15.79,https://www.plazavea.com.pe/fideos-don-vittorio-spaghetti-bolsa-500g-20501452/p,https://plazavea.vteximg.com.br/arquivos/ids/35462839-184-184/20501452.jpg?v=639207698083300000,2026-09-16 21:09:04
arroz-extra-anejo-premium-faraon-bolsa-10-kg,Arroz Extra Añejo Premium FARAÓN Bolsa 10Kg,FARAON,abarrotes,44.9,47.9,False,6.26,https://www.plazavea.com.pe/arroz-extra-anejo-premium-faraon-bolsa-10-kg/p,https://plazavea.vteximg.com.br/arquivos/ids/34333994-184-184/20147595.jpg?v=639195504398970000,2026-09-16 21:09:04
pack-galletas-soda-field-bolsa-6-x-2un,Pack Galletas Soda FIELD Bolsa 6 x 2un,FIELD,abarrotes,6.0,7.8,False,23.08,https://www.plazavea.com.pe/pack-galletas-soda-field-bolsa-6-x-2un/p,https://vivanda.vteximg.com.br/arquivos/Alto_sodio.png?v=123,2026-09-16 21:09:04
arroz-anejo-extra-costeno-bolsa-5kg,Arroz Añejo Extra COSTEÑO Bolsa 5Kg,COSTEÑO,abarrotes,19.9,25.9,False,23.17,https://www.plazavea.com.pe/arroz-anejo-extra-costeno-bolsa-5kg/p,https://plazavea.vteximg.com.br/arquivos/ids/35105587-184-184/20385716.jpg?v=639179172471330000,2026-09-16 21:09:04
mayonesa-alacena-doypack-850g,Mayonesa ALACENA Doypack 850g,ALACENA,abarrotes,17.9,19.6,True,8.67,https://www.plazavea.com.pe/mayonesa-alacena-doypack-850g/p,https://vivanda.vteximg.com.br/arquivos/Sodio_saturadas.png?v=123,2026-09-16 21:09:04
salsa-de-tomate-pomarola-doypack-290g,Salsa de Tomate POMAROLA Doypack 290g,POMAROLA,abarrotes,3.1,3.2,False,3.12,https://www.plazavea.com.pe/salsa-de-tomate-pomarola-doypack-290g/p,https://plazavea.vteximg.com.br/arquivos/ids/18082705-184-184/20284370.jpg?v=637992355891670000,2026-09-16 21:09:04
filete-de-atun-en-aceite-vegetal-florida-lata-140g,Filete de Atún en Aceite Vegetal FLORIDA Lata ...,FLORIDA,abarrotes,5.9,6.5,True,9.23,https://www.plazavea.com.pe/filete-de-atun-en-aceite-vegetal-florida-lata-140g/p,https://vivanda.vteximg.com.br/arquivos/Alto_sodio.png?v=123,2026-09-16 21:09:04
filete-de-atun-campomar-en-aceite-lata-150g,Filete de Atún CAMPOMAR en Aceite Vegetal Lata...,CAMPOMAR,abarrotes,5.0,5.9,True,15.25,https://www.plazavea.com.pe/filete-de-atun-campomar-en-aceite-lata-150g/p,https://plazavea.vteximg.com.br/arquivos/ids/16021094-184-184/20283079.jpg?v=639137726028100000,2026-09-16 21:09:04
aceite-de-soya-sao-botella-900ml,Aceite de Soya SAO Botella 900ml,SAO,abarrotes,6.6,6.6,False,0.0,https://www.plazavea.com.pe/aceite-de-soya-sao-botella-900ml/p,https://plazavea.vteximg.com.br/arquivos/ids/31462861-184-184/20281565.jpg?v=638852260524170000,2026-09-16 21:09:04
lentejas-bells-bolsa-500g,Lentejas BELL'S Bolsa 500g,BELL'S,abarrotes,3.9,4.2,False,7.14,https://www.plazavea.com.pe/lentejas-bells-bolsa-500g/p,https://plazavea.vteximg.com.br/arquivos/ids/2344142-184-184/20220362.jpg?v=637662971812000000,2026-09-16 21:09:04
arverja-partida-bells-bolsa-500g,Arverja Partida BELL'S Bolsa 500g,BELL'S,abarrotes,2.4,2.7,False,11.11,https://www.plazavea.com.pe/arverja-partida-bells-bolsa-500g/p,https://plazavea.vteximg.com.br/arquivos/ids/2326799-184-184/20220365.jpg?v=637660566867230000,2026-09-16 21:09:04
aceite-vegetal-primos-clasico-botella-1-8l,Aceite Vegetal PRIMOR Clásico Botella 1.8L,PRIMOR,abarrotes,15.5,17.8,False,12.92,https://www.plazavea.com.pe/aceite-vegetal-primos-clasico-botella-1-8l/p,https://plazavea.vteximg.com.br/arquivos/ids/30632024-184-184/20235718.jpg?v=638758944329170000,2026-09-16 21:09:04
azucar-rubia-bells-bolsa-2kg-20198548,Azúcar Rubia BELL'S Bolsa 2Kg,BELL'S,abarrotes,6.2,6.9,False,10.14,https://www.plazavea.com.pe/azucar-rubia-bells-bolsa-2kg-20198548/p,https://plazavea.vteximg.com.br/arquivos/ids/35408909-184-184/20198548.jpg?v=639202467236770000,2026-09-16 21:09:04
quinua-bells-bolsa-500g,Quinua BELL'S Bolsa 500g,BELL'S,abarrotes,7.2,7.2,False,0.0,https://www.plazavea.com.pe/quinua-bells-bolsa-500g/p,https://plazavea.vteximg.com.br/arquivos/ids/561457-184-184/20169977.jpg?v=637427432256130000,2026-09-16 21:09:04
derby-vinagre-vino-blanco-bt-1lt,Vinagre DERBY Blanco Botella 1L,DERBY,abarrotes,2.89,2.89,False,0.0,https://www.plazavea.com.pe/derby-vinagre-vino-blanco-bt-1lt/p,https://plazavea.vteximg.com.br/arquivos/ids/553849-184-184/20084983.jpg?v=637426566416730000,2026-09-16 21:09:04
fideo-spaghetti-nicolini-bolsa-1kg,Fideos NICOLINI Spaghetti Bolsa 1Kg,NICOLINI,abarrotes,4.3,4.8,True,10.42,https://www.plazavea.com.pe/fideo-spaghetti-nicolini-bolsa-1kg/p,https://plazavea.vteximg.com.br/arquivos/ids/30708224-184-184/20142784.jpg?v=638764128519230000,2026-09-16 21:09:04
sal-marina-emsal-mesa-bolsa-1kg,Sal Marina EMSAL Mesa Bolsa 1Kg,EMSAL,abarrotes,2.6,2.6,False,0.0,https://www.plazavea.com.pe/sal-marina-emsal-mesa-bolsa-1kg/p,https://plazavea.vteximg.com.br/arquivos/ids/34330762-184-184/20130448.jpg?v=639124900616800000,2026-09-16 21:09:04
sal-marina-emsal-cocina-bolsa-1kg,Sal Marina EMSAL Cocina Bolsa 1Kg,EMSAL,abarrotes,2.6,2.6,False,0.0,https://www.plazavea.com.pe/sal-marina-emsal-cocina-bolsa-1kg/p,https://plazavea.vteximg.com.br/arquivos/ids/34330763-184-184/20130447.jpg?v=639124900626000000,2026-09-16 21:09:31
mayonesa-alacena-doypack-475g,Mayonesa ALACENA Doypack 475g,ALACENA,abarrotes,12.3,13.99,True,12.08,https://www.plazavea.com.pe/mayonesa-alacena-doypack-475g/p,https://vivanda.vteximg.com.br/arquivos/Sodio_saturadas.png?v=123,2026-09-16 21:09:31
sillao-aji-no-sillao-botella-500ml,Sillao AJI-NO-SILLAO Botella 500ml,AJINOSILLAO,abarrotes,4.7,4.7,True,0.0,https://www.plazavea.com.pe/sillao-aji-no-sillao-botella-500ml/p,https://vivanda.vteximg.com.br/arquivos/octagono-sodio-azucar.png?v=123,2026-09-16 21:09:31
maiz-pop-corn-costeno-bolsa-500g,Maíz Pop Corn COSTEÑO Bolsa 500g,COSTEÑO,abarrotes,2.9,3.9,False,25.64,https://www.plazavea.com.pe/maiz-pop-corn-costeno-bolsa-500g/p,https://plazavea.vteximg.com.br/arquivos/ids/27552448-184-184/998185.jpg?v=638313121120600000,2026-09-16 21:09:31
lenteja-costeno-bolsa-500g,Lenteja COSTEÑO Bolsa 500g,COSTEÑO,abarrotes,4.6,5.4,False,14.81,https://www.plazavea.com.pe/lenteja-costeno-bolsa-500g/p,https://plazavea.vteximg.com.br/arquivos/ids/27552452-184-184/995413.jpg?v=638313121359870000,2026-09-16 21:09:31
quinua-costeno-bolsa-500g,Quinua COSTEÑO Bolsa 500g,COSTEÑO,abarrotes,8.5,8.5,False,0.0,https://www.plazavea.com.pe/quinua-costeno-bolsa-500g/p,https://plazavea.vteximg.com.br/arquivos/ids/27552449-184-184/1607.jpg?v=638313121169330000,2026-09-16 21:09:31
fideos-don-vittorio-cabello-de-angel-bolsa-250g-780698,Fideos DON VITTORIO Cabello de Ángel Bolsa 250...,DON VITTORIO,abarrotes,1.8,2.0,False,10.0,https://www.plazavea.com.pe/fideos-don-vittorio-cabello-de-angel-bolsa-250g-780698/p,https://plazavea.vteximg.com.br/arquivos/ids/35462563-184-184/780698.jpg?v=639207697096030000,2026-09-16 21:09:31
galletas-morochas-paquete-180g,Galletas MOROCHAS Paquete 180g,MOROCHAS,abarrotes,4.7,5.9,False,20.34,https://www.plazavea.com.pe/galletas-morochas-paquete-180g/p,https://vivanda.vteximg.com.br/arquivos/azucar_saturadas.png?v=123,2026-09-16 21:09:31
azucar-rubia-dulfina-bolsa-5-kg,Azúcar Rubia DULFINA Bolsa 5Kg,DULFINA,abarrotes,17.4,20.9,True,16.75,https://www.plazavea.com.pe/azucar-rubia-dulfina-bolsa-5-kg/p,https://plazavea.vteximg.com.br/arquivos/ids/26947513-184-184/20084094.jpg?v=639196593360770000,2026-09-16 21:09:31
aceite-de-soya-bells-botella-900ml,Aceite de Soya BELL'S Botella 900ml,BELL'S,abarrotes,5.5,5.5,False,0.0,https://www.plazavea.com.pe/aceite-de-soya-bells-botella-900ml/p,https://plazavea.vteximg.com.br/arquivos/ids/5002512-184-184/21592.jpg?v=637768218597430000,2026-09-16 21:09:31
arroz-extra-costeno-bolsa-750g,Arroz Extra COSTEÑO Bolsa 750g,COSTEÑO,abarrotes,4.5,4.5,False,0.0,https://www.plazavea.com.pe/arroz-extra-costeno-bolsa-750g/p,https://plazavea.vteximg.com.br/arquivos/ids/27552446-184-184/433778.jpg?v=638313120991600000,2026-09-16 21:09:31
arroz-extra-vallenorte-bolsa-5kg,Arroz Extra Añejo VALLENORTE Gran Reserva Bols...,VALLENORTE,abarrotes,21.5,26.9,False,20.07,https://www.plazavea.com.pe/arroz-extra-vallenorte-bolsa-5kg/p,https://plazavea.vteximg.com.br/arquivos/ids/34331982-184-184/32119.jpg?v=639124909515000000,2026-09-16 21:09:31
galletas-picaras-banadas-con-sabor-a-chocolate-paquete-6un,Galletas PICARAS Clásicas Paquete 6un,PICARAS,abarrotes,5.0,6.0,False,16.67,https://www.plazavea.com.pe/galletas-picaras-banadas-con-sabor-a-chocolate-paquete-6un/p,https://vivanda.vteximg.com.br/arquivos/azucar_saturadas.png?v=123,2026-09-16 21:09:31
pack-aceite-vegetal-primor-premium-botella-900ml-fideos-don-vittorio-spaghetti-bolsa-950g,Pack Aceite Vegetal PRIMOR Premium Botella 900...,PRIMOR,abarrotes,13.5,17.0,False,20.59,https://www.plazavea.com.pe/pack-aceite-vegetal-primor-premium-botella-900ml-fideos-don-vittorio-spaghetti-bolsa-950g/p,https://plazavea.vteximg.com.br/arquivos/ids/35715531-184-184/K0000015797.jpg?v=639223181475870000,2026-09-16 21:09:31
trozos-de-atun-campomar-en-aceite-vegetal-lata-150g-paquete-4un-20631687,Trozos de Atún CAMPOMAR en Aceite Vegetal Lata...,CAMPOMAR,abarrotes,23.9,23.9,False,0.0,https://www.plazavea.com.pe/trozos-de-atun-campomar-en-aceite-vegetal-lata-150g-paquete-4un-20631687/p,https://plazavea.vteximg.com.br/arquivos/ids/34447936-184-184/20631687.jpg?v=639130120651170000,2026-09-16 21:09:31
trozos-de-atun-en-aceite-bells-lata-140g-paquete-4un-20571510,Trozos de Atún en Aceite BELL'S Lata 140g Paqu...,BELL'S,abarrotes,15.9,15.9,False,0.0,https://www.plazavea.com.pe/trozos-de-atun-en-aceite-bells-lata-140g-paquete-4un-20571510/p,https://plazavea.vteximg.com.br/arquivos/ids/34447874-184-184/20571510.jpg?v=639130111162770000,2026-09-16 21:09:31
pack-galleta-chocosoda-field-paquete-6un-x-2un,Pack Galleta Chokosoda FIELD Paquete 6un x 2un,FIELD,abarrotes,11.0,14.4,False,23.61,https://www.plazavea.com.pe/pack-galleta-chocosoda-field-paquete-6un-x-2un/p,https://vivanda.vteximg.com.br/arquivos/azucar_saturadas.png?v=123,2026-09-16 21:09:31
pallar-bells-bolsa-500g-20538529,Pallar BELL'S Bolsa 500g,BELL'S,abarrotes,5.6,5.6,False,0.0,https://www.plazavea.com.pe/pallar-bells-bolsa-500g-20538529/p,https://plazavea.vteximg.com.br/arquivos/ids/34466582-184-184/20538529.jpg?v=639130797226630000,2026-09-16 21:09:31
fideos-tornillo-molitalia-molikids-bolsa-220g-20569232,Fideos Tornillo MOLITALIA Molikids Bolsa 220g,MOLITALIA,abarrotes,1.8,2.5,False,28.0,https://www.plazavea.com.pe/fideos-tornillo-molitalia-molikids-bolsa-220g-20569232/p,https://plazavea.vteximg.com.br/arquivos/ids/34471375-184-184/20569232.jpg?v=639130821312930000,2026-09-16 21:09:31
mayonesa-alacena-doypack-235g,Mayonesa ALACENA Doypack 235g,ALACENA,abarrotes,7.5,8.6,False,12.79,https://www.plazavea.com.pe/mayonesa-alacena-doypack-235g/p,https://vivanda.vteximg.com.br/arquivos/Sodio_saturadas.png?v=123,2026-09-16 21:09:31
fideo-canuto-chico-don-vittorio-bolsa-250g-20503661,Fideo Canuto Chico DON VITTORIO Bolsa 250g,DON VITTORIO,abarrotes,1.7,2.0,False,15.0,https://www.plazavea.com.pe/fideo-canuto-chico-don-vittorio-bolsa-250g-20503661/p,https://plazavea.vteximg.com.br/arquivos/ids/35462869-184-184/20503661.jpg?v=639207698198800000,2026-09-16 21:09:31
fideos-canuto-rayado-don-vittorio-bolsa-250g-20501420,Fideos Canuto Rayado DON VITTORIO Bolsa 250g,DON VITTORIO,abarrotes,1.7,2.0,False,15.0,https://www.plazavea.com.pe/fideos-canuto-rayado-don-vittorio-bolsa-250g-20501420/p,https://plazavea.vteximg.com.br/arquivos/ids/35462830-184-184/20501420.jpg?v=639207698052830000,2026-09-16 21:09:31
galleta-vainilla-field-paquete-6un-x-2un,Galleta Vainilla FIELD Paquete 6un x 2un,NABISCO,abarrotes,8.2,11.0,False,25.45,https://www.plazavea.com.pe/galleta-vainilla-field-paquete-6un-x-2un/p,https://vivanda.vteximg.com.br/arquivos/Alto_azucar.png?v=123,2026-09-16 21:09:31
arroz-extra-gran-chalan-bolsa-5-kg,Arroz Extra GRAN CHALAN Añejo Bolsa 5Kg,GRAN CHALAN,abarrotes,20.7,23.4,False,11.54,https://www.plazavea.com.pe/arroz-extra-gran-chalan-bolsa-5-kg/p,https://plazavea.vteximg.com.br/arquivos/ids/34694024-184-184/20356924.jpg?v=639148804662730000,2026-09-16 21:09:31
durazno-en-mitades-bells-lata-820g,Durazno en Mitades BELL'S Lata 820g,BELL'S,abarrotes,6.9,7.5,False,8.0,https://www.plazavea.com.pe/durazno-en-mitades-bells-lata-820g/p,https://vivanda.vteximg.com.br/arquivos/Alto_azucar.png?v=123,2026-09-16 21:09:31
sopa-instantanea-ajinomen-sabor-a-gallina-bolsa-80g,Sopa Instántanea AJINOMEN Sabor a Gallina Bols...,AJINOMEN,abarrotes,1.9,1.9,False,0.0,https://www.plazavea.com.pe/sopa-instantanea-ajinomen-sabor-a-gallina-bolsa-80g/p,https://vivanda.vteximg.com.br/arquivos/Alto_sodio.png?v=123,2026-09-16 21:09:31
filete-de-atun-en-agua-campomar-lata-150g,Filete de Atún en Agua CAMPOMAR Lata 150g,CAMPOMAR,abarrotes,5.0,5.9,False,15.25,https://www.plazavea.com.pe/filete-de-atun-en-agua-campomar-lata-150g/p,https://plazavea.vteximg.com.br/arquivos/ids/26232485-184-184/20353584.jpg?v=638187847433200000,2026-09-16 21:09:31
papas-inka-chips-con-sal-de-mar-bolsa-135g,Papas INKA CHIPS con Sal de Mar Bolsa 135g,INKA CHIPS,abarrotes,7.8,7.8,False,0.0,https://www.plazavea.com.pe/papas-inka-chips-con-sal-de-mar-bolsa-135g/p,https://plazavea.vteximg.com.br/arquivos/ids/27427642-184-184/20329663.jpg?v=638282895816630000,2026-09-16 21:09:31
galleta-club-social-original-bolsa-144g,Galletas Saladas CLUB SOCIAL sabor Original Pa...,CLUB SOCIAL,abarrotes,4.9,4.9,False,0.0,https://www.plazavea.com.pe/galleta-club-social-original-bolsa-144g/p,https://vivanda.vteximg.com.br/arquivos/Sodio_saturadas.png?v=123,2026-09-16 21:09:31
galletas-nabisco-chips-ahoy-bolsa-222g,Galletas CHIPS AHOY! Original Paquete 6un,CHIPS AHOY,abarrotes,8.5,8.5,False,0.0,https://www.plazavea.com.pe/galletas-nabisco-chips-ahoy-bolsa-222g/p,https://vivanda.vteximg.com.br/arquivos/azucar_saturadas.png?v=123,2026-09-16 21:09:31
ketchup-alacena-doypack-800g,Ketchup ALACENA Doypack 800g,ALACENA,abarrotes,11.5,13.5,False,14.81,https://www.plazavea.com.pe/ketchup-alacena-doypack-800g/p,https://vivanda.vteximg.com.br/arquivos/octagono-sodio-azucar.png?v=123,2026-09-16 21:09:31
sal-de-mesa-bells-bolsa-1-kg,Sal de Mesa BELL'S Bolsa 1 Kg,BELL'S,abarrotes,1.9,1.9,False,0.0,https://www.plazavea.com.pe/sal-de-mesa-bells-bolsa-1-kg/p,https://plazavea.vteximg.com.br/arquivos/ids/25707320-184-184/20283060.jpg?v=638121731079200000,2026-09-16 21:09:31
filete-de-atun-primor-en-agua-140g,Filete de Atún PRIMOR en Agua 140g,PRIMOR,abarrotes,5.6,6.7,False,16.42,https://www.plazavea.com.pe/filete-de-atun-primor-en-agua-140g/p,https://plazavea.vteximg.com.br/arquivos/ids/30632038-184-184/20328065.jpg?v=638758945006370000,2026-09-16 21:09:31
lomos-de-atun-en-aceite-vegetal-campomar-lata-150g,Lomos de Atún en Aceite Vegetal CAMPOMAR Lata ...,CAMPOMAR,abarrotes,5.4,6.1,False,11.48,https://www.plazavea.com.pe/lomos-de-atun-en-aceite-vegetal-campomar-lata-150g/p,https://plazavea.vteximg.com.br/arquivos/ids/25710953-184-184/20326488.jpg?v=638122177035330000,2026-09-16 21:09:31
filete-de-atun-primor-en-aceite-vegetal-lata-140g,Filete de Atún PRIMOR en Aceite Vegetal Lata 1...,PRIMOR,abarrotes,5.6,6.7,False,16.42,https://www.plazavea.com.pe/filete-de-atun-primor-en-aceite-vegetal-lata-140g/p,https://plazavea.vteximg.com.br/arquivos/ids/30632037-184-184/20314529.jpg?v=639137725091370000,2026-09-16 21:09:31
trozos-de-atun-en-aceite-vegetal-campomar-lata-150g,Trozos de Atún en Aceite Vegetal CAMPOMAR Lata...,CAMPOMAR,abarrotes,4.8,5.6,False,14.29,https://www.plazavea.com.pe/trozos-de-atun-en-aceite-vegetal-campomar-lata-150g/p,https://plazavea.vteximg.com.br/arquivos/ids/31257508-184-184/20283911.jpg?v=638809920951400000,2026-09-16 21:09:31
azucar-rubia-dulfina-bolsa-2kg,Azúcar Rubia DULFINA Bolsa 2Kg,DULFINA,abarrotes,9.2,9.2,False,0.0,https://www.plazavea.com.pe/azucar-rubia-dulfina-bolsa-2kg/p,https://plazavea.vteximg.com.br/arquivos/ids/26947928-184-184/20283339.jpg?v=638236228494300000,2026-09-16 21:09:31
fideos-spaghetti-molitalia-bolsa-950g,Fideos Spaghetti MOLITALIA Bolsa 950g,MOLITALIA,abarrotes,4.3,5.1,True,15.69,https://www.plazavea.com.pe/fideos-spaghetti-molitalia-bolsa-950g/p,https://plazavea.vteximg.com.br/arquivos/ids/28723328-184-184/20281991.jpg?v=638425016873130000,2026-09-16 21:09:31
lomos-de-atun-en-agua-campomar-lata-150g,Lomos de Atún en Agua CAMPOMAR Lata 150g,CAMPOMAR,abarrotes,6.1,6.1,False,0.0,https://www.plazavea.com.pe/lomos-de-atun-en-agua-campomar-lata-150g/p,https://plazavea.vteximg.com.br/arquivos/ids/13232176-184-184/20281563.jpg?v=637919793989630000,2026-09-16 21:09:31
fideos-don-vittorio-linguini-grosso-bolsa-950g-20281165,Fideos DON VITTORIO Linguini Grosso Bolsa 950g,DON VITTORIO,abarrotes,4.9,6.0,True,18.33,https://www.plazavea.com.pe/fideos-don-vittorio-linguini-grosso-bolsa-950g-20281165/p,https://plazavea.vteximg.com.br/arquivos/ids/35462694-184-184/20281165.jpg?v=639207697567170000,2026-09-16 21:09:31
salsa-clasica-de-tomate-pomarola-doypack-145g,Salsa Clásica de Tomate POMAROLA Doypack 145g,POMAROLA,abarrotes,1.6,1.6,False,0.0,https://www.plazavea.com.pe/salsa-clasica-de-tomate-pomarola-doypack-145g/p,https://plazavea.vteximg.com.br/arquivos/ids/16382258-184-184/20258337.jpg?v=637970168727830000,2026-09-16 21:09:31
mostaza-alacena-doypack-400g,Mostaza AlaCena Doypack 400g,ALACENA,abarrotes,7.5,8.5,False,11.76,https://www.plazavea.com.pe/mostaza-alacena-doypack-400g/p,https://vivanda.vteximg.com.br/arquivos/Alto_sodio.png?v=123,2026-09-16 21:09:31
concentrado-de-tomate-pomarola-doypack-110g,Concentrado de Tomate POMAROLA Doypack 110g,POMAROLA,abarrotes,1.6,1.6,False,0.0,https://www.plazavea.com.pe/concentrado-de-tomate-pomarola-doypack-110g/p,https://plazavea.vteximg.com.br/arquivos/ids/16382181-184-184/20256663.jpg?v=637970165721070000,2026-09-16 21:09:31
garbanzos-bells-bolsa-500g,Garbanzos BELL'S Bolsa 500g,BELL'S,abarrotes,4.5,4.5,False,0.0,https://www.plazavea.com.pe/garbanzos-bells-bolsa-500g/p,https://plazavea.vteximg.com.br/arquivos/ids/2344143-184-184/20220359.jpg?v=637662971841400000,2026-09-16 21:09:31
gaseosa-coca-cola-sin-azucar-botella-300ml-paquete-6-un,Gaseosa COCA COLA sin Azúcar Botella 300ml Paq...,COCA COLA,bebidas,8.5,10.0,True,15.0,https://www.plazavea.com.pe/gaseosa-coca-cola-sin-azucar-botella-300ml-paquete-6-un/p,https://plazavea.vteximg.com.br/arquivos/ids/33481452-184-184/20136607.jpg?v=639041738937430000,2026-09-16 21:10:01
rehidratante-powerade-sabor-a-mora-botella-600ml-paquete-6un,Rehidratante POWERADE Sabor a Mora Botella 600...,POWERADE,bebidas,10.9,10.9,False,0.0,https://www.plazavea.com.pe/rehidratante-powerade-sabor-a-mora-botella-600ml-paquete-6un/p,https://plazavea.vteximg.com.br/arquivos/ids/27527035-184-184/20358275.jpg?v=638308178732300000,2026-09-16 21:10:01
gaseosa-coca-cola-sin-azucar-2-pack-botella-1-5l,Gaseosa COCA COLA sin Azúcar 2Pack Botella 1.5...,COCA COLA,bebidas,12.2,13.4,False,8.96,https://www.plazavea.com.pe/gaseosa-coca-cola-sin-azucar-2-pack-botella-1-5l/p,https://plazavea.vteximg.com.br/arquivos/ids/28352831-184-184/985158.jpg?v=638359194373630000,2026-09-16 21:10:01
gaseosa-coca-cola-sin-azucar-botella-2-25l,Gaseosa COCA COLA sin Azúcar Botella 2.25L,COCA COLA,bebidas,8.5,9.3,False,8.6,https://www.plazavea.com.pe/gaseosa-coca-cola-sin-azucar-botella-2-25l/p,https://plazavea.vteximg.com.br/arquivos/ids/29202304-184-184/20116220.jpg?v=638558262477370000,2026-09-16 21:10:01
gaseosa-guarana-botella-3l,Gaseosa GUARANÁ Botella 3L,GUARANÁ,bebidas,6.5,7.2,True,9.72,https://www.plazavea.com.pe/gaseosa-guarana-botella-3l/p,https://plazavea.vteximg.com.br/arquivos/ids/6760538-184-184/36232.jpg?v=638745587018100000,2026-09-16 21:10:01
gaseosa-guarana-sabor-a-fresa-botella-3l-20635061,Gaseosa GUARANÁ Sabor a Fresa Botella 3L,GUARANÁ,bebidas,6.5,7.2,True,9.72,https://www.plazavea.com.pe/gaseosa-guarana-sabor-a-fresa-botella-3l-20635061/p,https://plazavea.vteximg.com.br/arquivos/ids/35726152-184-184/20635061.jpg?v=639223470668730000,2026-09-16 21:10:01
ginger-ale-schweppes-botella-1-5l-two-pack,Gaseosa SCHWEPPES Ginger Ale Botella 1.5L Two ...,SCHWEPPES,bebidas,9.9,9.9,False,0.0,https://www.plazavea.com.pe/ginger-ale-schweppes-botella-1-5l-two-pack/p,https://plazavea.vteximg.com.br/arquivos/ids/29320810-184-184/20189584.jpg?v=638591621668400000,2026-09-16 21:10:01
agua-de-mesa-cielo-sin-gas-bidon-7l,Agua sin Gas CIELO Bidón 7L,CIELO,bebidas,5.9,6.9,True,14.49,https://www.plazavea.com.pe/agua-de-mesa-cielo-sin-gas-bidon-7l/p,https://plazavea.vteximg.com.br/arquivos/ids/29322627-184-184/118275.jpg?v=638593275364030000,2026-09-16 21:10:01
gaseosa-coca-cola-zero-botella-600ml-paquete-6un-20569052,Gaseosa COCA COLA Zero Botella 600ml Paquete 6...,COCA COLA,bebidas,18.0,18.0,False,0.0,https://www.plazavea.com.pe/gaseosa-coca-cola-zero-botella-600ml-paquete-6un-20569052/p,https://plazavea.vteximg.com.br/arquivos/ids/34471238-184-184/20569052.jpg?v=639130820507170000,2026-09-16 21:10:01
gaseosa-coca-cola-sin-azucar-botella-1-5l,Gaseosa COCA COLA sin Azúcar Botella 1.5L,COCA COLA,bebidas,6.9,7.6,False,9.21,https://www.plazavea.com.pe/gaseosa-coca-cola-sin-azucar-botella-1-5l/p,https://plazavea.vteximg.com.br/arquivos/ids/34625422-184-184/987120.jpg?v=639141156709900000,2026-09-16 21:10:01
gaseosa-coca-cola-zero-botella-600ml-20569056,Gaseosa COCA COLA Zero Botella 600ml,COCA COLA,bebidas,3.6,3.6,False,0.0,https://www.plazavea.com.pe/gaseosa-coca-cola-zero-botella-600ml-20569056/p,https://plazavea.vteximg.com.br/arquivos/ids/34471242-184-184/20569056.jpg?v=639130820533930000,2026-09-16 21:10:01
gaseosa-inca-kola-sin-azucar-botella-300ml-paquete-6un,Gaseosa INCA KOLA sin Azúcar Botella 300ml Paq...,INCA KOLA,bebidas,8.5,10.0,True,15.0,https://www.plazavea.com.pe/gaseosa-inca-kola-sin-azucar-botella-300ml-paquete-6un/p,https://plazavea.vteximg.com.br/arquivos/ids/33481453-184-184/20136609.jpg?v=639041738947900000,2026-09-16 21:10:01
agua-mineral-san-mateo-sin-gas-bidon-7l,Agua Mineral SAN MATEO Sin Gas Bidón 7L,SAN MATEO,bebidas,8.8,9.1,True,3.3,https://www.plazavea.com.pe/agua-mineral-san-mateo-sin-gas-bidon-7l/p,https://plazavea.vteximg.com.br/arquivos/ids/312658-184-184/20063486.jpg?v=637219605227630000,2026-09-16 21:10:01
agua-de-mesa-san-luis-sin-gas-bidon-7l,Agua de Mesa SAN LUIS Sin Gas Bidón 7L,SAN LUIS,bebidas,6.5,6.9,False,5.8,https://www.plazavea.com.pe/agua-de-mesa-san-luis-sin-gas-bidon-7l/p,https://plazavea.vteximg.com.br/arquivos/ids/29320807-184-184/945088.jpg?v=638591621544130000,2026-09-16 21:10:01
agua-de-mesa-san-luis-sin-gas-caja-20l,Agua SAN LUIS sin Gas Caja 20L,SAN LUIS,bebidas,23.3,23.5,False,0.85,https://www.plazavea.com.pe/agua-de-mesa-san-luis-sin-gas-caja-20l/p,https://plazavea.vteximg.com.br/arquivos/ids/29320804-184-184/3936.jpg?v=638591621402870000,2026-09-16 21:10:01
gaseosa-coca-cola-gaseosa-sin-azucar-lata-350ml,Gaseosa COCA COLA GASEOSA sin Azúcar Lata 350m...,COCA COLA,bebidas,6.9,6.9,False,0.0,https://www.plazavea.com.pe/gaseosa-coca-cola-gaseosa-sin-azucar-lata-350ml/p,https://plazavea.vteximg.com.br/arquivos/ids/30631142-184-184/20462431.jpg?v=638758087945330000,2026-09-16 21:10:01
agua-de-mesa-cielo-sin-gas-caja-20l,Agua sin Gas CIELO Caja 20L,CIELO,bebidas,22.9,23.5,False,2.55,https://www.plazavea.com.pe/agua-de-mesa-cielo-sin-gas-caja-20l/p,https://plazavea.vteximg.com.br/arquivos/ids/29322628-184-184/20039976.jpg?v=638593275411700000,2026-09-16 21:10:01
pack-gaseosa-coca-cola-botella-1l-x-2un,Pack Gaseosa COCA COLA Botella 1L x 2un,COCA COLA,bebidas,7.9,9.1,False,13.19,https://www.plazavea.com.pe/pack-gaseosa-coca-cola-botella-1l-x-2un/p,https://vivanda.vteximg.com.br/arquivos/Alto_azucar.png?v=123,2026-09-16 21:10:01
agua-sin-gas-bells-bidon-7l-20283258,Agua sin Gas BELL'S Bidón 7L,BELL'S,bebidas,5.2,5.4,False,3.7,https://www.plazavea.com.pe/agua-sin-gas-bells-bidon-7l-20283258/p,https://plazavea.vteximg.com.br/arquivos/ids/35462696-184-184/20283258.jpg?v=639207697575700000,2026-09-16 21:10:01
agua-sin-gas-cielo-botella-2-5l-paquete-6un,Agua sin Gas CIELO Botella 2.5L Paquete 6un,CIELO,bebidas,14.5,16.2,False,10.49,https://www.plazavea.com.pe/agua-sin-gas-cielo-botella-2-5l-paquete-6un/p,https://plazavea.vteximg.com.br/arquivos/ids/29322649-184-184/20237588.jpg?v=638593276466800000,2026-09-16 21:10:01
agua-de-mesa-san-carlos-sin-gas-botella-500ml-paquete-20un,Agua de Mesa SAN CARLOS sin Gas Botella 500ml ...,SAN CARLOS,bebidas,12.9,14.5,False,11.03,https://www.plazavea.com.pe/agua-de-mesa-san-carlos-sin-gas-botella-500ml-paquete-20un/p,https://plazavea.vteximg.com.br/arquivos/ids/494235-184-184/20173636.jpg?v=637401924506630000,2026-09-16 21:10:01
gaseosa-inca-kola-sin-azucar-botella-1-5l-paquete-2un,Gaseosa INCA KOLA sin Azúcar Botella 1.5L Paqu...,INCA KOLA,bebidas,12.2,13.4,False,8.96,https://www.plazavea.com.pe/gaseosa-inca-kola-sin-azucar-botella-1-5l-paquete-2un/p,https://plazavea.vteximg.com.br/arquivos/ids/21894303-184-184/20102589.jpg?v=638044419027800000,2026-09-16 21:10:01
agua-mineral-san-mateo-sin-gas-botella-2-5l,Agua Mineral SAN MATEO Sin Gas Botella 2.5L,SAN MATEO,bebidas,2.9,3.7,False,21.62,https://www.plazavea.com.pe/agua-mineral-san-mateo-sin-gas-botella-2-5l/p,https://plazavea.vteximg.com.br/arquivos/ids/312673-184-184/968063.jpg?v=637219605292870000,2026-09-16 21:10:01
agua-de-mesa-san-luis-con-gas-paquete-6un-botella-625ml,Agua Mineral SAN LUIS Con Gas Botella 625ml Pa...,SAN LUIS,bebidas,8.5,8.5,False,0.0,https://www.plazavea.com.pe/agua-de-mesa-san-luis-con-gas-paquete-6un-botella-625ml/p,https://plazavea.vteximg.com.br/arquivos/ids/29320805-184-184/131527.jpg?v=638591621458930000,2026-09-16 21:10:01
gaseosa-coca-cola-inca-kola-2-pack-botella-3l,Gaseosa COCA COLA Sabor Original + INCA KOLA S...,COCA COLA,bebidas,24.9,25.4,False,1.97,https://www.plazavea.com.pe/gaseosa-coca-cola-inca-kola-2-pack-botella-3l/p,https://vivanda.vteximg.com.br/arquivos/Alto_azucar.png?v=123,2026-09-16 21:10:01
agua-mineral-san-mateo-con-gas-paquete-6un-botella-600ml,Agua Mineral SAN MATEO Con Gas Botella 600ml P...,SAN MATEO,bebidas,10.5,10.5,False,0.0,https://www.plazavea.com.pe/agua-mineral-san-mateo-con-gas-paquete-6un-botella-600ml/p,https://plazavea.vteximg.com.br/arquivos/ids/4846494-184-184/31591.jpg?v=637764896846730000,2026-09-16 21:10:01
agua-mineral-san-mateo-sin-gas-paquete-6un-botella-600ml,Agua Mineral SAN MATEO sin Gas Botella 600ml P...,SAN MATEO,bebidas,10.4,10.7,False,2.8,https://www.plazavea.com.pe/agua-mineral-san-mateo-sin-gas-paquete-6un-botella-600ml/p,https://plazavea.vteximg.com.br/arquivos/ids/34331932-184-184/31592.jpg?v=639124909192570000,2026-09-16 21:10:01
agua-mineral-san-mateo-con-gas-botella-1-5l,Agua Mineral SAN MATEO Con Gas Botella 1.5L,SAN MATEO,bebidas,2.5,2.9,False,13.79,https://www.plazavea.com.pe/agua-mineral-san-mateo-con-gas-botella-1-5l/p,https://plazavea.vteximg.com.br/arquivos/ids/16380953-184-184/20077910.jpg?v=637970147762870000,2026-09-16 21:10:01
nectar-frugos-durazno-caja-235ml-paquete-6un,Bebida FRUGOS DEL VALLE Durazno Caja 235ml Six...,FRUGOS,bebidas,8.0,8.2,False,2.44,https://www.plazavea.com.pe/nectar-frugos-durazno-caja-235ml-paquete-6un/p,https://plazavea.vteximg.com.br/arquivos/ids/34727073-184-184/128336.jpg?v=639150822575000000,2026-09-16 21:10:01
agua-sin-gas-san-luis-botella-3l-paquete-6un-20571521,Agua sin Gas SAN LUIS Botella 3L Paquete 6un,SAN LUIS,bebidas,17.0,17.0,False,0.0,https://www.plazavea.com.pe/agua-sin-gas-san-luis-botella-3l-paquete-6un-20571521/p,https://plazavea.vteximg.com.br/arquivos/ids/34478046-184-184/20571521.jpg?v=639130848972500000,2026-09-16 21:10:01
agua-con-gas-cielo-gasificada-sabor-a-naranja-botella-600ml-20571239,Agua con Gas CIELO Gasificada Sabor a Naranja ...,CIELO,bebidas,1.7,1.9,False,10.53,https://www.plazavea.com.pe/agua-con-gas-cielo-gasificada-sabor-a-naranja-botella-600ml-20571239/p,https://plazavea.vteximg.com.br/arquivos/ids/34749521-184-184/20571239.jpg?v=639159318541900000,2026-09-16 21:10:01
gaseosa-coca-cola-botella-600ml-paquete-6un-20569053,Gaseosa COCA COLA Botella 600ml Paquete 6un,COCA COLA,bebidas,18.0,18.0,False,0.0,https://www.plazavea.com.pe/gaseosa-coca-cola-botella-600ml-paquete-6un-20569053/p,https://plazavea.vteximg.com.br/arquivos/ids/34471239-184-184/20569053.jpg?v=639130820513700000,2026-09-16 21:10:01
bebida-frugos-sabor-a-durazno-caja-1-45l,Bebida FRUGOS Sabor a Durazno Caja 1.45L,FRUGOS,bebidas,5.5,5.5,False,0.0,https://www.plazavea.com.pe/bebida-frugos-sabor-a-durazno-caja-1-45l/p,https://plazavea.vteximg.com.br/arquivos/ids/30572234-184-184/20466738.jpg?v=638746848586900000,2026-09-16 21:10:01
agua-con-gas-san-luis-sabor-a-manzana-botella-625ml-paquete-6un,Agua con Gas SAN LUIS Sabor a Manzana Botella ...,SAN LUIS,bebidas,11.0,11.0,False,0.0,https://www.plazavea.com.pe/agua-con-gas-san-luis-sabor-a-manzana-botella-625ml-paquete-6un/p,https://plazavea.vteximg.com.br/arquivos/ids/30411172-184-184/20426986.jpg?v=638727290399200000,2026-09-16 21:10:01
gaseosas-multisabor-botella-300ml-paquete-12un,Gaseosas MULTISABOR Botella 300ml Paquete 12un,COCA COLA,bebidas,19.5,19.5,False,0.0,https://www.plazavea.com.pe/gaseosas-multisabor-botella-300ml-paquete-12un/p,https://plazavea.vteximg.com.br/arquivos/ids/29454430-184-184/20427556.jpg?v=639232643118000000,2026-09-16 21:10:01
bebida-de-naranja-gloria-caja-1-5l,Bebida de Naranja GLORIA Caja 1.5L,GLORIA,bebidas,4.9,5.2,False,5.77,https://www.plazavea.com.pe/bebida-de-naranja-gloria-caja-1-5l/p,https://plazavea.vteximg.com.br/arquivos/ids/29182635-184-184/20328808.jpg?v=638551928867570000,2026-09-16 21:10:01
pack-gaseosa-inca-kola-botella-1l-x-2un,Pack Gaseosa INCA KOLA Botella 1L x 2un,INCA KOLA,bebidas,7.9,9.1,False,13.19,https://www.plazavea.com.pe/pack-gaseosa-inca-kola-botella-1l-x-2un/p,https://plazavea.vteximg.com.br/arquivos/ids/33481497-184-184/20326040.jpg?v=639041739341500000,2026-09-16 21:10:01
pack-gaseosa-coca-cola-sin-azucar-botella-1-5lgaseosa-inca-kola-sin-azucar-botella-1-5l,Pack Gaseosa COCA COLA sin Azúcar Botella 1.5L...,COCA COLA,bebidas,12.2,13.4,False,8.96,https://www.plazavea.com.pe/pack-gaseosa-coca-cola-sin-azucar-botella-1-5lgaseosa-inca-kola-sin-azucar-botella-1-5l/p,https://plazavea.vteximg.com.br/arquivos/ids/33481489-184-184/20289476.jpg?v=639041739277000000,2026-09-16 21:10:01
agua-sin-gas-san-luis-botella-750ml-paquete-15un,Agua sin Gas SAN LUIS Botella 750ml Paquete 15...,SAN LUIS,bebidas,19.5,19.5,False,0.0,https://www.plazavea.com.pe/agua-sin-gas-san-luis-botella-750ml-paquete-15un/p,https://plazavea.vteximg.com.br/arquivos/ids/29320815-184-184/20281536.jpg?v=638591621906130000,2026-09-16 21:10:01
agua-sin-gas-cielo-botella-350ml-paquete-24un,Agua sin Gas CIELO Botella 350ml Paquete 24un,CIELO,bebidas,14.5,15.7,False,7.64,https://www.plazavea.com.pe/agua-sin-gas-cielo-botella-350ml-paquete-24un/p,https://plazavea.vteximg.com.br/arquivos/ids/29322564-184-184/20279648.jpg?v=638593270334230000,2026-09-16 21:10:01
agua-san-luis-sin-gas-botella-1l-six-pack,Agua SAN LUIS sin Gas Botella 1L Six Pack,SAN LUIS,bebidas,10.5,10.5,False,0.0,https://www.plazavea.com.pe/agua-san-luis-sin-gas-botella-1l-six-pack/p,https://plazavea.vteximg.com.br/arquivos/ids/29320812-184-184/20205640.jpg?v=638591621779070000,2026-09-16 21:10:01
agua-sin-gas-cielo-alcalina-botella-650ml-paquete-6un,Agua sin Gas CIELO Alcalina Botella 650ml Paqu...,CIELO,bebidas,9.9,10.2,False,2.94,https://www.plazavea.com.pe/agua-sin-gas-cielo-alcalina-botella-650ml-paquete-6un/p,https://plazavea.vteximg.com.br/arquivos/ids/29322644-184-184/20197001.jpg?v=638593276206970000,2026-09-16 21:10:01
pack-cielo-agua-sin-gas-bidon-7l-pack-2un,Pack CIELO Agua sin Gas Bidón 7L Pack 2un,CIELO,bebidas,9.8,13.8,False,28.99,https://www.plazavea.com.pe/pack-cielo-agua-sin-gas-bidon-7l-pack-2un/p,https://plazavea.vteximg.com.br/arquivos/ids/349437-184-184/S000000454.jpg?v=637293924899970000,2026-09-16 21:10:01
agua-sin-gas-bells-caja-20l,Agua sin Gas BELL'S Caja 20L,BELL'S,bebidas,18.9,18.9,False,0.0,https://www.plazavea.com.pe/agua-sin-gas-bells-caja-20l/p,https://plazavea.vteximg.com.br/arquivos/ids/534533-184-184/20192727.jpg?v=637420539946500000,2026-09-16 21:10:01
ginger-ale-schweppes-citrus-botella-1-5l-two-pack,Gaseosa SCHWEPPES Citrus Botella 1.5 L Two Pac...,SCHWEPPES,bebidas,9.9,9.9,False,0.0,https://www.plazavea.com.pe/ginger-ale-schweppes-citrus-botella-1-5l-two-pack/p,https://plazavea.vteximg.com.br/arquivos/ids/29320809-184-184/20189583.jpg?v=638591621629470000,2026-09-16 21:10:01
agua-de-mesa-san-carlos-sin-gas-caja-20l,Agua de Mesa SAN CARLOS Sin Gas Caja 20L,SAN CARLOS,bebidas,23.9,23.9,False,0.0,https://www.plazavea.com.pe/agua-de-mesa-san-carlos-sin-gas-caja-20l/p,https://plazavea.vteximg.com.br/arquivos/ids/410178-184-184/20189389.jpg?v=637358836395070000,2026-09-16 21:10:01
gaseosa-evervess-ginger-ale-botella-1-5l-pack-2un,Gaseosa EVERVESS Ginger Ale Botella 1.5L Pack ...,EVERVESS,bebidas,10.9,11.9,False,8.4,https://www.plazavea.com.pe/gaseosa-evervess-ginger-ale-botella-1-5l-pack-2un/p,https://vivanda.vteximg.com.br/arquivos/Alto_azucar.png?v=123,2026-09-16 21:10:01
gaseosa-inca-kola-sin-azucar-botella-2-25l,Gaseosa INCA KOLA sin Azúcar Botella 2.25L,INCA KOLA,bebidas,8.5,9.3,False,8.6,https://www.plazavea.com.pe/gaseosa-inca-kola-sin-azucar-botella-2-25l/p,https://plazavea.vteximg.com.br/arquivos/ids/29202303-184-184/20116221.jpg?v=638558262049330000,2026-09-16 21:10:01
gaseosa-coca-cola-paquete-2un-botella-3l,Gaseosa COCA COLA Sabor Original Botella 3L Tw...,COCA COLA,bebidas,25.4,25.4,False,0.0,https://www.plazavea.com.pe/gaseosa-coca-cola-paquete-2un-botella-3l/p,https://vivanda.vteximg.com.br/arquivos/Alto_azucar.png?v=123,2026-09-16 21:10:01
agua-de-mesa-san-luis-con-gas-botella-2-5l,Agua de Mesa SAN LUIS Con Gas Botella 2.5L,SAN LUIS,bebidas,3.2,3.2,False,0.0,https://www.plazavea.com.pe/agua-de-mesa-san-luis-con-gas-botella-2-5l/p,https://plazavea.vteximg.com.br/arquivos/ids/29320806-184-184/131594.jpg?v=638591621497870000,2026-09-16 21:10:01
gaseosa-sprite-botella-3l,Gaseosa SPRITE Lima Limón Botella 3L,SPRITE,bebidas,6.9,6.9,False,0.0,https://www.plazavea.com.pe/gaseosa-sprite-botella-3l/p,https://plazavea.vteximg.com.br/arquivos/ids/28872074-184-184/118819.jpg?v=638790549398570000,2026-09-16 21:10:01
agua-de-mesa-cielo-sin-gas-paquete-6un-botella-625ml,Agua sin Gas CIELO Botella 625ml Paquete 6un,CIELO,bebidas,6.9,6.9,False,0.0,https://www.plazavea.com.pe/agua-de-mesa-cielo-sin-gas-paquete-6un-botella-625ml/p,https://plazavea.vteximg.com.br/arquivos/ids/29322560-184-184/986668.jpg?v=638593270177470000,2026-09-16 21:10:01
cerveza-pilsen-12-pack-lata-355ml,Cerveza PILSEN Lata 355ml Pack 12un,PILSEN,bebidas,49.9,49.9,False,0.0,https://www.plazavea.com.pe/cerveza-pilsen-12-pack-lata-355ml/p,https://plazavea.vteximg.com.br/arquivos/ids/34708815-184-184/979253.jpg?v=639149958323670000,2026-09-16 21:10:01
bebida-rehidratante-sporade-surtido-botella-500ml-6-pack,Bebida Rehidratante SPORADE Sabores Surtidos B...,SPORADE,bebidas,10.8,11.9,False,9.24,https://www.plazavea.com.pe/bebida-rehidratante-sporade-surtido-botella-500ml-6-pack/p,https://plazavea.vteximg.com.br/arquivos/ids/29322629-184-184/20091943.jpg?v=638593275469400000,2026-09-16 21:10:28
agua-de-mesa-cielo-sin-gas-botella-2-5l,Agua de Mesa CIELO Sin Gas Botella 2.5L,CIELO,bebidas,2.7,2.9,False,6.9,https://www.plazavea.com.pe/agua-de-mesa-cielo-sin-gas-botella-2-5l/p,https://plazavea.vteximg.com.br/arquivos/ids/29322561-184-184/1046239002.jpg?v=638593270216670000,2026-09-16 21:10:28
gaseosa-soda-hey-fit-black-fizz-botella-600ml-20633804,Gaseosa Soda HEY FIT Black Fizz Botella 600ml,HEY FIT,bebidas,2.5,2.7,False,7.41,https://www.plazavea.com.pe/gaseosa-soda-hey-fit-black-fizz-botella-600ml-20633804/p,https://plazavea.vteximg.com.br/arquivos/ids/35620600-184-184/20633804.jpg?v=639228622599930000,2026-09-16 21:10:28
refresco-tampico-citrus-punch-botella-3l-20629189,Refresco TAMPICO Citrus Punch Botella 3L,TAMPICO,bebidas,7.5,7.5,False,0.0,https://www.plazavea.com.pe/refresco-tampico-citrus-punch-botella-3l-20629189/p,https://plazavea.vteximg.com.br/arquivos/ids/34418154-184-184/20629189.jpg?v=639125677070000000,2026-09-16 21:10:28
agua-saborizada-con-gas-loa-sabor-a-mandarina-botella-625ml-20621703,Agua Saborizada con Gas LOA Sabor a Mandarina ...,LOA,bebidas,1.5,1.7,False,11.76,https://www.plazavea.com.pe/agua-saborizada-con-gas-loa-sabor-a-mandarina-botella-625ml-20621703/p,https://plazavea.vteximg.com.br/arquivos/ids/34625573-184-184/20621703.jpg?v=639141181440400000,2026-09-16 21:10:28
gaseosa-hey-fit-soda-golden-fizz-botella-600ml-20570912,Gaseosa HEY FIT Soda Golden Fizz Botella 600ml,HEY FIT,bebidas,2.5,2.7,False,7.41,https://www.plazavea.com.pe/gaseosa-hey-fit-soda-golden-fizz-botella-600ml-20570912/p,https://plazavea.vteximg.com.br/arquivos/ids/35620598-184-184/20570912.jpg?v=639228622022330000,2026-09-16 21:10:28
gaseosa-coca-colainca-kola-botella-1-5l-pack-2un-20571248,Gaseosa COCA COLA + INCA KOLA Botella 1.5L Pac...,COCA COLA,bebidas,14.0,14.0,False,0.0,https://www.plazavea.com.pe/gaseosa-coca-colainca-kola-botella-1-5l-pack-2un-20571248/p,https://plazavea.vteximg.com.br/arquivos/ids/34477816-184-184/20571248.jpg?v=639130847520700000,2026-09-16 21:10:28
bebida-de-maracuya-gloria-tetrapack-1l-20568617,Bebida de Maracuyá GLORIA Tetrapack 1L,GLORIA,bebidas,4.0,4.2,False,4.76,https://www.plazavea.com.pe/bebida-de-maracuya-gloria-tetrapack-1l-20568617/p,https://plazavea.vteximg.com.br/arquivos/ids/34470188-184-184/20568617.jpg?v=639130815292300000,2026-09-16 21:10:28
gaseosa-hey-fit-soda-tango-twist-botella-600ml-20570908,Gaseosa HEY FIT Soda Tango Twist Botella 600ml,HEY FIT,bebidas,2.5,2.7,False,7.41,https://www.plazavea.com.pe/gaseosa-hey-fit-soda-tango-twist-botella-600ml-20570908/p,https://plazavea.vteximg.com.br/arquivos/ids/34477001-184-184/20570908.jpg?v=639130843109300000,2026-09-16 21:10:28
bebida-de-naranja-gloria-zero-tetrapack-1l-20570322,Bebida de Naranja GLORIA Zero Tetrapack 1L,GLORIA,bebidas,4.5,4.7,False,4.26,https://www.plazavea.com.pe/bebida-de-naranja-gloria-zero-tetrapack-1l-20570322/p,https://plazavea.vteximg.com.br/arquivos/ids/34475506-184-184/20570322.jpg?v=639130834113500000,2026-09-16 21:10:28
agua-sin-gas-cielo-sport-botella-1l-paquete-6un-20569270,Agua sin Gas CIELO Sport Botella 1L Paquete 6u...,CIELO,bebidas,13.9,14.5,False,4.14,https://www.plazavea.com.pe/agua-sin-gas-cielo-sport-botella-1l-paquete-6un-20569270/p,https://plazavea.vteximg.com.br/arquivos/ids/34471404-184-184/20569270.jpg?v=639130821503470000,2026-09-16 21:10:28
gaseosa-sin-azucar-inca-kola-botella-600ml-paquete-6un-20569054,Gaseosa sin Ázucar INCA KOLA Botella 600ml Paq...,INCA KOLA,bebidas,18.0,18.0,False,0.0,https://www.plazavea.com.pe/gaseosa-sin-azucar-inca-kola-botella-600ml-paquete-6un-20569054/p,https://plazavea.vteximg.com.br/arquivos/ids/34471241-184-184/20569054.jpg?v=639130820527070000,2026-09-16 21:10:28
gaseosa-inca-kola-botella-600ml-paquete-6un-20569057,Gaseosa INCA KOLA Botella 600ml Paquete 6un,INCA KOLA,bebidas,18.0,18.0,False,0.0,https://www.plazavea.com.pe/gaseosa-inca-kola-botella-600ml-paquete-6un-20569057/p,https://plazavea.vteximg.com.br/arquivos/ids/34471240-184-184/20569057.jpg?v=639130820520300000,2026-09-16 21:10:28
pack-agua-de-mesa-cielo-sin-gas-caja-20l-x-2un,Pack Agua de Mesa CIELO sin Gas Caja 20L x 2un,CIELO,bebidas,37.8,47.0,False,19.57,https://www.plazavea.com.pe/pack-agua-de-mesa-cielo-sin-gas-caja-20l-x-2un/p,https://plazavea.vteximg.com.br/arquivos/ids/33215431-184-184/K0000014569.jpg?v=639005454473370000,2026-09-16 21:10:28
agua-sin-gas-san-luis-sabor-a-arandano-botella-625ml,Agua sin Gas SAN LUIS Sabor a Arándano Botella...,SAN LUIS,bebidas,1.9,1.9,False,0.0,https://www.plazavea.com.pe/agua-sin-gas-san-luis-sabor-a-arandano-botella-625ml/p,https://plazavea.vteximg.com.br/arquivos/ids/32603599-184-184/20565813.jpg?v=638961881921270000,2026-09-16 21:10:28
agua-con-gas-cielo-sabor-a-a-manzana-botella-1-72l,Agua con Gas CIELO Sabor a a Manzana Botella 1...,CIELO,bebidas,3.9,4.2,False,7.14,https://www.plazavea.com.pe/agua-con-gas-cielo-sabor-a-a-manzana-botella-1-72l/p,https://plazavea.vteximg.com.br/arquivos/ids/34370714-184-184/20565397.jpg?v=639125110818200000,2026-09-16 21:10:28
agua-con-gas-cielo-sabor-a-a-limon-botella-1-72l-20565395,Agua con Gas CIELO Sabor a a Limón Botella 1.7...,CIELO,bebidas,3.9,4.2,False,7.14,https://www.plazavea.com.pe/agua-con-gas-cielo-sabor-a-a-limon-botella-1-72l-20565395/p,https://plazavea.vteximg.com.br/arquivos/ids/34370713-184-184/20565395.jpg?v=639125110809070000,2026-09-16 21:10:28
pack-bebida-frugos-sabor-a-mango-caja-970ml-bebida-de-durazno-frugos-caja-970ml,Pack Bebida FRUGOS Sabor a Mango Caja 970ml + ...,FRUGOS,bebidas,7.7,8.0,False,3.75,https://www.plazavea.com.pe/pack-bebida-frugos-sabor-a-mango-caja-970ml-bebida-de-durazno-frugos-caja-970ml/p,https://plazavea.vteximg.com.br/arquivos/ids/32424587-184-184/K0000014333.jpg?v=638951205519300000,2026-09-16 21:10:28
agua-con-gas-san-luis-sabor-a-manzana-botella-1-5l-20505658,Agua con Gas SAN LUIS Sabor a Manzana Botella ...,SAN LUIS,bebidas,4.0,4.0,False,0.0,https://www.plazavea.com.pe/agua-con-gas-san-luis-sabor-a-manzana-botella-1-5l-20505658/p,https://plazavea.vteximg.com.br/arquivos/ids/34308364-184-184/20505658.jpg?v=639124029698930000,2026-09-16 21:10:28
agua-con-gas-cielo-sabor-a-maracuya-botella-600ml,Agua con Gas CIELO Sabor a Maracuyá Botella 60...,CIELO,bebidas,1.7,1.9,False,10.53,https://www.plazavea.com.pe/agua-con-gas-cielo-sabor-a-maracuya-botella-600ml/p,https://plazavea.vteximg.com.br/arquivos/ids/31662024-184-184/20505659.jpg?v=638875063472530000,2026-09-16 21:10:28
agua-con-gas-cielo-sabor-a-limon-botella-600ml,Agua con Gas CIELO Sabor a Limón Botella 600ml,CIELO,bebidas,1.7,1.9,False,10.53,https://www.plazavea.com.pe/agua-con-gas-cielo-sabor-a-limon-botella-600ml/p,https://plazavea.vteximg.com.br/arquivos/ids/31662023-184-184/20505655.jpg?v=638875063422100000,2026-09-16 21:10:28
agua-con-gas-cielo-sabor-a-manzana-botella-600ml,Agua con Gas CIELO Sabor a Manzana Botella 600...,CIELO,bebidas,1.7,1.9,False,10.53,https://www.plazavea.com.pe/agua-con-gas-cielo-sabor-a-manzana-botella-600ml/p,https://plazavea.vteximg.com.br/arquivos/ids/31662022-184-184/20505660.jpg?v=638875063373270000,2026-09-16 21:10:28
agua-gasificada-loa-sabor-a-manzana-botella-625ml,Agua Gasificada LOA Sabor a Manzana Botella 62...,LOA,bebidas,1.5,1.7,False,11.76,https://www.plazavea.com.pe/agua-gasificada-loa-sabor-a-manzana-botella-625ml/p,https://plazavea.vteximg.com.br/arquivos/ids/34367215-184-184/20503662.jpg?v=639125090969630000,2026-09-16 21:10:28
agua-ligera-saborizada-loa-de-pina-botella-625ml,Agua Ligera Saborizada LOA de Piña Botella 625...,LOA,bebidas,1.5,1.7,False,11.76,https://www.plazavea.com.pe/agua-ligera-saborizada-loa-de-pina-botella-625ml/p,https://plazavea.vteximg.com.br/arquivos/ids/34366768-184-184/20501939.jpg?v=639125087982700000,2026-09-16 21:10:28
bebida-de-pina-gloria-tetrapack-1-5l,Bebida de Piña GLORIA Tetrapack 1.5L,GLORIA,bebidas,5.2,5.2,False,0.0,https://www.plazavea.com.pe/bebida-de-pina-gloria-tetrapack-1-5l/p,https://plazavea.vteximg.com.br/arquivos/ids/31343586-184-184/20501174.jpg?v=638830661536030000,2026-09-16 21:10:28
bebida-frugos-sabor-a-manzana-caja-1-45l,Bebida FRUGOS Sabor a Manzana Caja 1.45L,FRUGOS,bebidas,5.5,5.5,False,0.0,https://www.plazavea.com.pe/bebida-frugos-sabor-a-manzana-caja-1-45l/p,https://plazavea.vteximg.com.br/arquivos/ids/30572235-184-184/20466736.jpg?v=638746848674900000,2026-09-16 21:10:28
agua-alcalina-sin-gas-cielo-botella-350ml-paquete-15un,Agua Alcalina sin Gas CIELO Botella 350ml Paqu...,CIELO,bebidas,15.5,15.5,False,0.0,https://www.plazavea.com.pe/agua-alcalina-sin-gas-cielo-botella-350ml-paquete-15un/p,https://plazavea.vteximg.com.br/arquivos/ids/30294816-184-184/20326649.jpg?v=638690999480000000,2026-09-16 21:10:28
bebida-frugos-sabor-a-durazno-paquete-1unbebida-frugos-naranja-paquete-2un-caja-970ml,Bebida FRUGOS Sabor a Durazno Paquete 1un + Be...,FRUGOS,bebidas,10.9,10.9,False,0.0,https://www.plazavea.com.pe/bebida-frugos-sabor-a-durazno-paquete-1unbebida-frugos-naranja-paquete-2un-caja-970ml/p,https://plazavea.vteximg.com.br/arquivos/ids/29682628-184-184/20463581.jpg?v=638642707785600000,2026-09-16 21:10:28
gaseosa-sprite-botella-500ml-paquete-6un,Gaseosa SPRITE Botella 500ml Paquete 6un,SPRITE,bebidas,13.5,13.5,False,0.0,https://www.plazavea.com.pe/gaseosa-sprite-botella-500ml-paquete-6un/p,https://plazavea.vteximg.com.br/arquivos/ids/28872080-184-184/20237872.jpg?v=638464012818030000,2026-09-16 21:10:28
gaseosa-coca-cola-sabor-original-botella-600ml,Gaseosa COCA COLA Sabor Original Botella 600ml,COCA COLA,bebidas,3.6,3.6,False,0.0,https://www.plazavea.com.pe/gaseosa-coca-cola-sabor-original-botella-600ml/p,https://vivanda.vteximg.com.br/arquivos/Alto_azucar.png?v=123,2026-09-16 21:10:28
bebida-rehidratante-sporade-surtido-botella-500ml-paquete-12un,Bebida Rehidratante SPORADE Surtido Botella 50...,SPORADE,bebidas,20.6,24.0,False,14.17,https://www.plazavea.com.pe/bebida-rehidratante-sporade-surtido-botella-500ml-paquete-12un/p,https://plazavea.vteximg.com.br/arquivos/ids/29322645-184-184/20198111.jpg?v=638768118998100000,2026-09-16 21:10:28
tripack-gaseosa-fanta-naranja-botella-3lfanta-kola-inglesa-botella-3lsprite-botella-3l,Tripack Gaseosa FANTA Naranja Botella 3L + FAN...,FANTA,bebidas,20.7,20.7,False,0.0,https://www.plazavea.com.pe/tripack-gaseosa-fanta-naranja-botella-3lfanta-kola-inglesa-botella-3lsprite-botella-3l/p,https://plazavea.vteximg.com.br/arquivos/ids/24844519-184-184/20198128.jpg?v=638090215083170000,2026-09-16 21:10:28
agua-tonica-evervess-botella-1-5l,Agua Tónica EVERVESS Botella 1.5L,EVERVESS,bebidas,6.9,6.9,False,0.0,https://www.plazavea.com.pe/agua-tonica-evervess-botella-1-5l/p,https://vivanda.vteximg.com.br/arquivos/Alto_azucar.png?v=123,2026-09-16 21:10:28
agua-sin-gas-san-carlos-botella-3l,Agua sin Gas SAN CARLOS Botella 3L,SAN CARLOS,bebidas,2.9,3.5,False,17.14,https://www.plazavea.com.pe/agua-sin-gas-san-carlos-botella-3l/p,https://plazavea.vteximg.com.br/arquivos/ids/34331934-184-184/20119837.jpg?v=639124909207630000,2026-09-16 21:10:28
bebida-de-naranja-frugos-caja-235ml-paquete-6un,Bebida FRUGOS DEL VALLE Naranja Caja 235ml Six...,FRUGOS,bebidas,8.0,8.2,False,2.44,https://www.plazavea.com.pe/bebida-de-naranja-frugos-caja-235ml-paquete-6un/p,https://plazavea.vteximg.com.br/arquivos/ids/34727074-184-184/128338.jpg?v=639150822581730000,2026-09-16 21:10:28
gaseosa-sprite-botella-2-25l,Gaseosa SPRITE Botella 2.25L,SPRITE,bebidas,6.2,6.2,False,0.0,https://www.plazavea.com.pe/gaseosa-sprite-botella-2-25l/p,https://plazavea.vteximg.com.br/arquivos/ids/33481439-184-184/35671.jpg?v=639041738803500000,2026-09-16 21:10:28
gaseosa-coca-cola-inca-kola-botella-3l-paquete-3un,Gaseosa INCA KOLA Sabor Original 2 Botellas 3L...,COCA COLA,bebidas,36.5,36.5,False,0.0,https://www.plazavea.com.pe/gaseosa-coca-cola-inca-kola-botella-3l-paquete-3un/p,https://vivanda.vteximg.com.br/arquivos/Alto_azucar.png?v=123,2026-09-16 21:10:28
gaseosa-pepsi-black-botella-3l-20144884,Gaseosa PEPSI Black Botella 3L,PEPSI,bebidas,8.9,9.0,False,1.11,https://www.plazavea.com.pe/gaseosa-pepsi-black-botella-3l-20144884/p,https://plazavea.vteximg.com.br/arquivos/ids/35642222-184-184/20144884.jpg?v=639219885692030000,2026-09-16 21:10:28
gaseosa-inca-kola-zero-botella-1l,Gaseosa INCA KOLA sin Azúcar Botella 1L,INCA KOLA,bebidas,5.0,5.0,False,0.0,https://www.plazavea.com.pe/gaseosa-inca-kola-zero-botella-1l/p,https://plazavea.vteximg.com.br/arquivos/ids/24844420-184-184/20139554.jpg?v=638090214265570000,2026-09-16 21:10:28
agua-de-mesa-bells-sin-gas-botella-2-5l,Agua BELL'S sin Gas Botella 2.5L,BELL'S,bebidas,1.9,1.9,False,0.0,https://www.plazavea.com.pe/agua-de-mesa-bells-sin-gas-botella-2-5l/p,https://plazavea.vteximg.com.br/arquivos/ids/34919672-184-184/20134746.jpg?v=639167975744100000,2026-09-16 21:10:28
gaseosa-coca-cola-botella-300ml-paquete-6un-vidrio,Gaseosa COCA COLA Botella 300ml Paquete 6un,COCA COLA,bebidas,17.0,19.9,False,14.57,https://www.plazavea.com.pe/gaseosa-coca-cola-botella-300ml-paquete-6un-vidrio/p,https://vivanda.vteximg.com.br/arquivos/Alto_azucar.png?v=123,2026-09-16 21:10:28
gaseosa-coca-cola-botella-1l,Gaseosa COCA COLA Sabor Original Botella 1L,COCA COLA,bebidas,4.9,4.9,False,0.0,https://www.plazavea.com.pe/gaseosa-coca-cola-botella-1l/p,https://plazavea.vteximg.com.br/arquivos/ids/30630868-184-184/20111230.jpg?v=638758080568470000,2026-09-16 21:10:28
bebida-rehidratante-gatorade-multisabor-botella-500ml-paquete-6un,Bebida Rehidratante GATORADE Sabores Surtidos ...,GATORADE,bebidas,12.9,12.9,False,0.0,https://www.plazavea.com.pe/bebida-rehidratante-gatorade-multisabor-botella-500ml-paquete-6un/p,https://plazavea.vteximg.com.br/arquivos/ids/318922-184-184/20101128.jpg?v=637238860784000000,2026-09-16 21:10:28
bebida-instantanea-en-polvo-clight-fresa-con-splenda-sobre-7g,Bebida Instantánea en Polvo CLIGHT Sin Caloría...,CLIGHT,bebidas,2.4,2.4,False,0.0,https://www.plazavea.com.pe/bebida-instantanea-en-polvo-clight-fresa-con-splenda-sobre-7g/p,https://plazavea.vteximg.com.br/arquivos/ids/28324468-184-184/20072417.jpg?v=638355527647570000,2026-09-16 21:10:28
nectar-frugos-manzana-caja-235ml-paquete-6un,Bebida FRUGOS DEL VALLE Manzana Caja 235ml Six...,FRUGOS,bebidas,8.0,8.2,False,2.44,https://www.plazavea.com.pe/nectar-frugos-manzana-caja-235ml-paquete-6un/p,https://plazavea.vteximg.com.br/arquivos/ids/34727071-184-184/128337.jpg?v=639150822558170000,2026-09-16 21:10:28
bebida-frugos-mango-caja-235ml-paquete-6un,Bebida FRUGOS DEL VALLE Mango Caja 235ml Six P...,FRUGOS,bebidas,8.0,8.2,False,2.44,https://www.plazavea.com.pe/bebida-frugos-mango-caja-235ml-paquete-6un/p,https://plazavea.vteximg.com.br/arquivos/ids/34727072-184-184/128335.jpg?v=639150822566400000,2026-09-16 21:10:28
gaseosa-fanta-kola-inglesa-botella-3l,Gaseosa FANTA KOLA INGLESA Botella 3L,FANTA,bebidas,6.9,6.9,False,0.0,https://www.plazavea.com.pe/gaseosa-fanta-kola-inglesa-botella-3l/p,https://plazavea.vteximg.com.br/arquivos/ids/34826131-184-184/20057689.jpg?v=639161748655800000,2026-09-16 21:10:28
gaseosa-inca-kola-paquete-2un-botella-3l,Gaseosa INCA KOLA Sabor Original Botella 3L Tw...,INCA KOLA,bebidas,25.4,25.4,False,0.0,https://www.plazavea.com.pe/gaseosa-inca-kola-paquete-2un-botella-3l/p,https://plazavea.vteximg.com.br/arquivos/ids/28516734-184-184/109850.jpg?v=638374469721600000,2026-09-16 21:10:28
gaseosa-coca-cola-botella-1-5l,Gaseosa COCA COLA Sabor Original Botella 1.5L,COCA COLA,bebidas,6.9,7.6,False,9.21,https://www.plazavea.com.pe/gaseosa-coca-cola-botella-1-5l/p,https://vivanda.vteximg.com.br/arquivos/Alto_azucar.png?v=123,2026-09-16 21:10:51
agua-mineral-san-mateo-con-gas-botella-600ml,Agua Mineral SAN MATEO Con Gas Botella 600ml,SAN MATEO,bebidas,2.0,2.0,False,0.0,https://www.plazavea.com.pe/agua-mineral-san-mateo-con-gas-botella-600ml/p,https://plazavea.vteximg.com.br/arquivos/ids/312649-184-184/737791.jpg?v=637219605151170000,2026-09-16 21:10:51
gaseosa-fanta-naranja-botella-3l,Gaseosa FANTA Naranja Botella 3L,FANTA,bebidas,6.9,6.9,False,0.0,https://www.plazavea.com.pe/gaseosa-fanta-naranja-botella-3l/p,https://plazavea.vteximg.com.br/arquivos/ids/34817791-184-184/29856.jpg?v=639161335300070000,2026-09-16 21:10:51
agua-de-mesa-cielo-sin-gas-tapa-sport-botella-1l,Agua sin Gas CIELO Sport Botella 1L,CIELO,bebidas,2.3,2.3,False,0.0,https://www.plazavea.com.pe/agua-de-mesa-cielo-sin-gas-tapa-sport-botella-1l/p,https://plazavea.vteximg.com.br/arquivos/ids/34331933-184-184/20032267.jpg?v=639124909200000000,2026-09-16 21:10:51
agua-de-mesa-cielo-con-gas-botella-625ml,Agua de mesa CIELO Con gas Botella 625ml,CIELO,bebidas,1.3,1.3,False,0.0,https://www.plazavea.com.pe/agua-de-mesa-cielo-con-gas-botella-625ml/p,https://plazavea.vteximg.com.br/arquivos/ids/29322562-184-184/1005652002.jpg?v=638593270256900000,2026-09-16 21:10:51
k0000015677-hey-fit-soda-black-fizz-bt-600-ml,Pack Gaseosa Soda HEY FIT Black Fizz Botella 6...,HEY FIT,bebidas,3.7,5.4,False,31.48,https://www.plazavea.com.pe/k0000015677-hey-fit-soda-black-fizz-bt-600-ml/p,https://plazavea.vteximg.com.br/arquivos/ids/35095385-184-184/K0000015677.jpg?v=639178324860400000,2026-09-16 21:10:51
k0000015675-hey-fit soda-golden-fizz-bt-600-ml,Pack Gaseosa HEY FIT Sosa Golden Fizz Botella ...,HEY FIT,bebidas,3.7,5.4,False,31.48,https://www.plazavea.com.pe/k0000015675-hey-fit soda-golden-fizz-bt-600-ml/p,https://plazavea.vteximg.com.br/arquivos/ids/35095393-184-184/K0000015675.jpg?v=639178326130000000,2026-09-16 21:10:51
agua-san-luis-sabor-a-manzanamaracuyalimon-botella-625ml-paquete-6un-20633469,Agua SAN LUIS Sabor a Manzana + Maracuyá + Lim...,SAN LUIS,bebidas,11.0,11.0,False,0.0,https://www.plazavea.com.pe/agua-san-luis-sabor-a-manzanamaracuyalimon-botella-625ml-paquete-6un-20633469/p,https://plazavea.vteximg.com.br/arquivos/ids/34826778-184-184/20633469.jpg?v=639161894456430000,2026-09-16 21:10:51
tripack-gaseosa-inca-kolagaseosa-coca-colagaseosa-fanta-botella-2-25ml-20633036,Tripack Gaseosa INCA KOLA + Gaseosa COCA COLA ...,COCA COLA,bebidas,23.5,23.5,False,0.0,https://www.plazavea.com.pe/tripack-gaseosa-inca-kolagaseosa-coca-colagaseosa-fanta-botella-2-25ml-20633036/p,https://plazavea.vteximg.com.br/arquivos/ids/34749548-184-184/20633036.jpg?v=639154025994830000,2026-09-16 21:10:51
pack-gaseosa-coca-colagaseosa-inca-kola-paquete-2un-botella-2-25l-20633029,Pack Gaseosa COCA COLA + Gaseosa INCA KOLA Paq...,COCA COLA,bebidas,17.5,18.2,False,3.85,https://www.plazavea.com.pe/pack-gaseosa-coca-colagaseosa-inca-kola-paquete-2un-botella-2-25l-20633029/p,https://plazavea.vteximg.com.br/arquivos/ids/34726086-184-184/20633029.jpg?v=639150662133970000,2026-09-16 21:10:51
refresco-tampico-citrus-punch-botella-3-78l-20629188,Refresco TAMPICO Citrus Punch Botella 3.78L,TAMPICO,bebidas,11.5,12.2,False,5.74,https://www.plazavea.com.pe/refresco-tampico-citrus-punch-botella-3-78l-20629188/p,https://plazavea.vteximg.com.br/arquivos/ids/34418150-184-184/20629188.jpg?v=639125677029500000,2026-09-16 21:10:51
agua-saborizada-con-gas-loa-sabor-a-pina-botella-1-5l-20621701,Agua Saborizada con Gas LOA Sabor a Piña Botel...,LOA,bebidas,3.2,3.7,False,13.51,https://www.plazavea.com.pe/agua-saborizada-con-gas-loa-sabor-a-pina-botella-1-5l-20621701/p,https://plazavea.vteximg.com.br/arquivos/ids/34630682-184-184/20621701.jpg?v=639141989412470000,2026-09-16 21:10:51
agua-saborizada-con-gas-loa-sabor-a-granadilla-botella-625ml-20621702,Agua Saborizada con Gas LOA Sabor a Granadilla...,LOA,bebidas,1.5,1.7,False,11.76,https://www.plazavea.com.pe/agua-saborizada-con-gas-loa-sabor-a-granadilla-botella-625ml-20621702/p,https://plazavea.vteximg.com.br/arquivos/ids/34625572-184-184/20621702.jpg?v=639141181423530000,2026-09-16 21:10:51
pack-gaseosa-hey-fit-soda-summer-breeze-botella-600ml-paquete-2un,Pack Gaseosa HEY FIT Soda Summer Breeze Botell...,HEY FIT,bebidas,3.7,5.4,False,31.48,https://www.plazavea.com.pe/pack-gaseosa-hey-fit-soda-summer-breeze-botella-600ml-paquete-2un/p,https://plazavea.vteximg.com.br/arquivos/ids/34262624-184-184/K0000015231.jpg?v=639117131688930000,2026-09-16 21:10:51
pack-gaseosa-hey-fit soda-tango-twist-botella-600-ml-paquete-2un,Pack Gaseosa HEY FIT Soda Tango Twist Botella ...,HEY FIT,bebidas,3.7,5.4,False,31.48,https://www.plazavea.com.pe/pack-gaseosa-hey-fit soda-tango-twist-botella-600-ml-paquete-2un/p,https://plazavea.vteximg.com.br/arquivos/ids/34262660-184-184/K0000015227.jpg?v=639117135009730000,2026-09-16 21:10:51
agua-sin-gas-san-luis-botella-3l-pv-20571520,Agua sin Gas SAN LUIS Botella 3L,SAN LUIS,bebidas,3.2,3.2,False,0.0,https://www.plazavea.com.pe/agua-sin-gas-san-luis-botella-3l-pv-20571520/p,https://plazavea.vteximg.com.br/arquivos/ids/34187114-184-184/20571520.jpg?v=639101362889130000,2026-09-16 21:10:51
gaseosa-coca-cola-botella-1-5l-pack-2un-20571245,Gaseosa COCA COLA Botella 1.5L Pack 2un,COCA COLA,bebidas,14.0,14.0,False,0.0,https://www.plazavea.com.pe/gaseosa-coca-cola-botella-1-5l-pack-2un-20571245/p,https://plazavea.vteximg.com.br/arquivos/ids/34477815-184-184/20571245.jpg?v=639130847512270000,2026-09-16 21:10:51
bebida-rehidratante-suerox-surtido-botella-630ml-paquete-6un-20571242,Bebida Rehidratante SUEROX Surtido Botella 630...,SUEROX,bebidas,28.5,28.5,False,0.0,https://www.plazavea.com.pe/bebida-rehidratante-suerox-surtido-botella-630ml-paquete-6un-20571242/p,https://plazavea.vteximg.com.br/arquivos/ids/34477813-184-184/20571242.jpg?v=639130847499670000,2026-09-16 21:10:51
gaseosa-inca-kola-botella-1-5l-pack-2un-20571244,Gaseosa INCA KOLA Botella 1.5L Pack 2un,INCA KOLA,bebidas,13.3,13.3,False,0.0,https://www.plazavea.com.pe/gaseosa-inca-kola-botella-1-5l-pack-2un-20571244/p,https://plazavea.vteximg.com.br/arquivos/ids/34477812-184-184/20571244.jpg?v=639130847492330000,2026-09-16 21:10:51
bebida-rehidratante-dilyte-sabor-a-mandarina-y-naranja-sin-azucar-botella-650ml-20571241,Bebida Rehidratante DILYTE Sabor a Mandarina y...,DILYTE,bebidas,4.0,4.0,False,0.0,https://www.plazavea.com.pe/bebida-rehidratante-dilyte-sabor-a-mandarina-y-naranja-sin-azucar-botella-650ml-20571241/p,https://plazavea.vteximg.com.br/arquivos/ids/34477811-184-184/20571241.jpg?v=639130847483030000,2026-09-16 21:10:51
bebida-de-chicha-morada-gloria-tetrapack-1l-20568624,Bebida de Chicha Morada GLORIA Tetrapack 1L,GLORIA,bebidas,4.0,4.2,False,4.76,https://www.plazavea.com.pe/bebida-de-chicha-morada-gloria-tetrapack-1l-20568624/p,https://plazavea.vteximg.com.br/arquivos/ids/34470195-184-184/20568624.jpg?v=639130815338600000,2026-09-16 21:10:51
bebida-de-mango-gloria-tetrapack-1l-20568621,Bebida de Mango GLORIA Tetrapack 1L,GLORIA,bebidas,4.0,4.2,False,4.76,https://www.plazavea.com.pe/bebida-de-mango-gloria-tetrapack-1l-20568621/p,https://plazavea.vteximg.com.br/arquivos/ids/34470194-184-184/20568621.jpg?v=639130815331000000,2026-09-16 21:10:51
bebida-de-pina-gloria-tetrapack-1l-20568623,Bebida de Piña GLORIA Tetrapack 1L,GLORIA,bebidas,4.0,4.2,False,4.76,https://www.plazavea.com.pe/bebida-de-pina-gloria-tetrapack-1l-20568623/p,https://plazavea.vteximg.com.br/arquivos/ids/34470190-184-184/20568623.jpg?v=639130815305370000,2026-09-16 21:10:51
gaseosa-hey-fit-soda-summer-breeze-botella-600ml-20570911,Gaseosa HEY FIT Soda Summer Breeze Botella 600...,HEY FIT,bebidas,2.5,2.7,False,7.41,https://www.plazavea.com.pe/gaseosa-hey-fit-soda-summer-breeze-botella-600ml-20570911/p,https://plazavea.vteximg.com.br/arquivos/ids/34477002-184-184/20570911.jpg?v=639130843119400000,2026-09-16 21:10:51
bebida-de-pina-gloria-zero-tetrapack-1l-20570318,Bebida de Piña GLORIA Zero Tetrapack 1L,GLORIA,bebidas,4.5,4.7,False,4.26,https://www.plazavea.com.pe/bebida-de-pina-gloria-zero-tetrapack-1l-20570318/p,https://plazavea.vteximg.com.br/arquivos/ids/34475509-184-184/20570318.jpg?v=639130834141670000,2026-09-16 21:10:51
bebida-de-durazno-gloria-zero-tetrapack-1l-20570320,Bebida de Durazno GLORIA Zero Tetrapack 1L,GLORIA,bebidas,4.5,4.7,False,4.26,https://www.plazavea.com.pe/bebida-de-durazno-gloria-zero-tetrapack-1l-20570320/p,https://plazavea.vteximg.com.br/arquivos/ids/34475508-184-184/20570320.jpg?v=639130834127800000,2026-09-16 21:10:51
agua-ligera-saborizada-loa-de-lima-limon-botella-625ml,Agua Ligera Saborizada LOA de Lima Limón Botel...,LOA,bebidas,1.5,1.7,False,11.76,https://www.plazavea.com.pe/agua-ligera-saborizada-loa-de-lima-limon-botella-625ml/p,https://plazavea.vteximg.com.br/arquivos/ids/34366769-184-184/20501940.jpg?v=639125087997170000,2026-09-16 21:10:51
pacl-de-bebida-rehidratante-suerox-frutos-rojos-tropicales-botella-630ml-paquete-4un,Pack de Bebida Rehidratante SUEROX Frutos Rojo...,SUEROX,bebidas,19.5,19.5,False,0.0,https://www.plazavea.com.pe/pacl-de-bebida-rehidratante-suerox-frutos-rojos-tropicales-botella-630ml-paquete-4un/p,https://plazavea.vteximg.com.br/arquivos/ids/31348369-184-184/20503524.jpg?v=638841386495430000,2026-09-16 21:10:51
pack-frugos-sabor-naranja-1-45l-sabor-manzana-1-45l-sabor-durazno-1-45l,Pack FRUGOS Sabor Naranja 1.45L + Sabor Manzan...,FRUGOS,bebidas,14.9,16.5,False,9.7,https://www.plazavea.com.pe/pack-frugos-sabor-naranja-1-45l-sabor-manzana-1-45l-sabor-durazno-1-45l/p,https://plazavea.vteximg.com.br/arquivos/ids/30620182-184-184/K0000013098.jpg?v=638755933543170000,2026-09-16 21:10:51
bebida-frugos-sabor-a-naranja-caja-1-45l,Bebida FRUGOS Sabor a Naranja Caja 1.45L,FRUGOS,bebidas,5.5,5.5,False,0.0,https://www.plazavea.com.pe/bebida-frugos-sabor-a-naranja-caja-1-45l/p,https://plazavea.vteximg.com.br/arquivos/ids/30572236-184-184/20466745.jpg?v=638746848717370000,2026-09-16 21:10:51
bebida-rehidratante-dilyte-fresa-kiwi-botella-650ml,Bebida Rehidratante DILYTE Fresa Kiwi Botella ...,DILYTE,bebidas,4.0,4.0,False,0.0,https://www.plazavea.com.pe/bebida-rehidratante-dilyte-fresa-kiwi-botella-650ml/p,https://plazavea.vteximg.com.br/arquivos/ids/36154702-184-184/20466742.jpg?v=639250971421170000,2026-09-16 21:10:51
bebida-rehidratante-gatorade-tropical-paquete-12un-botella-500ml,Bebida Rehidratante GATORADE Tropical Paquete ...,GATORADE,bebidas,24.9,24.9,False,0.0,https://www.plazavea.com.pe/bebida-rehidratante-gatorade-tropical-paquete-12un-botella-500ml/p,https://plazavea.vteximg.com.br/arquivos/ids/30708943-184-184/20463582.jpg?v=638764758098570000,2026-09-16 21:10:51
bebida-frugos-sabor-a-mango-caja-970ml,Bebida FRUGOS Sabor a Mango Caja 970ml,FRUGOS,bebidas,4.0,4.0,False,0.0,https://www.plazavea.com.pe/bebida-frugos-sabor-a-mango-caja-970ml/p,https://plazavea.vteximg.com.br/arquivos/ids/30631143-184-184/20463261.jpg?v=638758088000100000,2026-09-16 21:10:51
agua-sin-gas-san-luis-limon-botella-625ml-paquete-6un,Agua sin Gas SAN LUIS Limón Botella 625ml Paqu...,SAN LUIS,bebidas,11.0,11.0,False,0.0,https://www.plazavea.com.pe/agua-sin-gas-san-luis-limon-botella-625ml-paquete-6un/p,https://plazavea.vteximg.com.br/arquivos/ids/29320820-184-184/20402693.jpg?v=638591622118500000,2026-09-16 21:10:51
bebida-rehidratante-suerox-surtido-botella-630ml-paquete-4un,Bebida Rehidratante SUEROX Surtido Botella 630...,SUEROX,bebidas,19.5,19.5,False,0.0,https://www.plazavea.com.pe/bebida-rehidratante-suerox-surtido-botella-630ml-paquete-4un/p,https://plazavea.vteximg.com.br/arquivos/ids/28651392-184-184/20394286.jpg?v=638412250232500000,2026-09-16 21:10:51
agua-con-gas-san-luis-sabor-a-manzana-botella-625-ml,Agua con Gas SAN LUIS Sabor a Manzana Botella ...,SAN LUIS,bebidas,1.9,1.9,False,0.0,https://www.plazavea.com.pe/agua-con-gas-san-luis-sabor-a-manzana-botella-625-ml/p,https://plazavea.vteximg.com.br/arquivos/ids/29320818-184-184/20376680.jpg?v=638591622042170000,2026-09-16 21:10:51
agua-con-gas-san-luis-sabor-a-maracuya-botella-625ml,Agua con Gas SAN LUIS Sabor a Maracuyá Botella...,SAN LUIS,bebidas,1.9,1.9,False,0.0,https://www.plazavea.com.pe/agua-con-gas-san-luis-sabor-a-maracuya-botella-625ml/p,https://plazavea.vteximg.com.br/arquivos/ids/29320817-184-184/20376687.jpg?v=638591621996900000,2026-09-16 21:10:51
bebida-gloria-sabor-a-durazno-tetrapack-1-5l,Bebida GLORIA Sabor a Durazno Tetrapack 1.5L,GLORIA,bebidas,4.9,5.2,False,5.77,https://www.plazavea.com.pe/bebida-gloria-sabor-a-durazno-tetrapack-1-5l/p,https://plazavea.vteximg.com.br/arquivos/ids/27597247-184-184/20328814.jpg?v=638320897706100000,2026-09-16 21:10:51
agua-sin-gas-san-luis-sabor-limon-botella-625ml,Agua sin Gas SAN LUIS Sabor Limón Botella 625m...,SAN LUIS,bebidas,1.9,1.9,False,0.0,https://www.plazavea.com.pe/agua-sin-gas-san-luis-sabor-limon-botella-625ml/p,https://plazavea.vteximg.com.br/arquivos/ids/29320816-184-184/20325720.jpg?v=638591621954070000,2026-09-16 21:10:51
agua-mineral-con-gas-socosani-botella-500ml-paquete-6un,Agua Mineral con Gas SOCOSANI Botella 500ml Pa...,SOCOSANI,bebidas,10.9,10.9,False,0.0,https://www.plazavea.com.pe/agua-mineral-con-gas-socosani-botella-500ml-paquete-6un/p,https://plazavea.vteximg.com.br/arquivos/ids/22590591-184-184/20325719.jpg?v=638053721973130000,2026-09-16 21:10:51
agua-sin-gas-san-luis-botella-750ml-paquete-6un,Agua sin Gas SAN LUIS Botella 750ml Paquete 6u...,SAN LUIS,bebidas,8.5,8.5,False,0.0,https://www.plazavea.com.pe/agua-sin-gas-san-luis-botella-750ml-paquete-6un/p,https://plazavea.vteximg.com.br/arquivos/ids/29320814-184-184/20281538.jpg?v=638591621863930000,2026-09-16 21:10:51
gelatina-bebible-umsha-frutisimos-sabor-fresa-bolsa-20g,Gelatina Bebible UMSHA FRUTÍSIMOS Sabor Fresa ...,UMSHA,bebidas,3.2,3.2,False,0.0,https://www.plazavea.com.pe/gelatina-bebible-umsha-frutisimos-sabor-fresa-bolsa-20g/p,https://plazavea.vteximg.com.br/arquivos/ids/17163235-184-184/20255423.jpg?v=637979621501000000,2026-09-16 21:10:51
refresco-instantaneo-umsha-maracuya-bolsa-13g,Refresco Instantáneo UMSHA Maracuyá Bolsa 13g,UMSHA,bebidas,1.0,1.0,False,0.0,https://www.plazavea.com.pe/refresco-instantaneo-umsha-maracuya-bolsa-13g/p,https://plazavea.vteximg.com.br/arquivos/ids/28754455-184-184/20255449.jpg?v=638435809015130000,2026-09-16 21:10:51
refresco-instantaneo-umsha-chicha-morada-bolsa-13g,Refresco Instantáneo UMSHA Chicha Morada Bolsa...,UMSHA,bebidas,1.0,1.0,False,0.0,https://www.plazavea.com.pe/refresco-instantaneo-umsha-chicha-morada-bolsa-13g/p,https://plazavea.vteximg.com.br/arquivos/ids/28754448-184-184/20255422.jpg?v=638435808927270000,2026-09-16 21:10:51
bebida-frugos-citrus-fresh-naranja-botella-3l,Bebida FRUGOS Citrus Fresh Naranja Botella 3L,FRUGOS,bebidas,7.2,7.2,False,0.0,https://www.plazavea.com.pe/bebida-frugos-citrus-fresh-naranja-botella-3l/p,https://plazavea.vteximg.com.br/arquivos/ids/26964799-184-184/20254407.jpg?v=638242273264670000,2026-09-16 21:10:51
te-verde-free-tea-limon-botella-500ml,Té Verde FREE TEA Limón Botella 500ml,FREE TEA,bebidas,2.0,2.5,False,20.0,https://www.plazavea.com.pe/te-verde-free-tea-limon-botella-500ml/p,https://plazavea.vteximg.com.br/arquivos/ids/29322656-184-184/20254412.jpg?v=638593276754870000,2026-09-16 21:10:51
gaseosa-fanta-naranja-botella-500ml-paquete-6un,Gaseosa FANTA Naranja Botella 500ml Paquete 6u...,FANTA,bebidas,13.5,13.5,False,0.0,https://www.plazavea.com.pe/gaseosa-fanta-naranja-botella-500ml-paquete-6un/p,https://plazavea.vteximg.com.br/arquivos/ids/30630879-184-184/20237874.jpg?v=638758081377400000,2026-09-16 21:10:51
gaseosa-bells-ginger-cero-azucar-botella-1-5l,Gaseosa BELL'S Ginger Cero Azúcar Botella 1.5L,BELL'S,bebidas,3.9,3.9,False,0.0,https://www.plazavea.com.pe/gaseosa-bells-ginger-cero-azucar-botella-1-5l/p,https://plazavea.vteximg.com.br/arquivos/ids/1256472-184-184/20193576.jpg?v=637517635395030000,2026-09-16 21:10:51
bebida-aloe-kero-uva-botella-300ml,Bebida Aloe KERO Uva Botella 300ml,KERO,bebidas,2.9,2.9,False,0.0,https://www.plazavea.com.pe/bebida-aloe-kero-uva-botella-300ml/p,https://plazavea.vteximg.com.br/arquivos/ids/34625570-184-184/20196997.jpg?v=639141181359930000,2026-09-16 21:10:51
bebida-de-almendras-natures-heart-sin-azucar-caja-946ml-paquete-2un-20402673,Bebida de Almendras NATURE'S HEART sin Azúcar ...,NATURE'S HEART,lacteos,19.9,19.9,False,0.0,https://www.plazavea.com.pe/bebida-de-almendras-natures-heart-sin-azucar-caja-946ml-paquete-2un-20402673/p,https://plazavea.vteximg.com.br/arquivos/ids/35081610-184-184/20402673.jpg?v=639177613390300000,2026-09-16 21:11:23
huevos-pardos-bells-bandeja-30un-20353008,Huevos Pardos BELL'S Bandeja 30un,BELL'S,lacteos,17.7,17.9,True,1.12,https://www.plazavea.com.pe/huevos-pardos-bells-bandeja-30un-20353008/p,https://plazavea.vteximg.com.br/arquivos/ids/35642214-184-184/20353008.jpg?v=639219879539330000,2026-09-16 21:11:23
bebida-de-almendras-y-vainilla-natures-heart-sin-azucar-caja-946ml-20161084,Bebida de Almendras y Vainilla NATURE'S HEART ...,NATURE'S HEART,lacteos,8.9,12.99,False,31.49,https://www.plazavea.com.pe/bebida-de-almendras-y-vainilla-natures-heart-sin-azucar-caja-946ml-20161084/p,https://plazavea.vteximg.com.br/arquivos/ids/35495773-184-184/20161084.jpg?v=639210382959570000,2026-09-16 21:11:23
bebida-de-coco-natures-heart-sin-azucar-botella-946ml-20212653,Bebida de Coco NATURE'S HEART sin Azúcar Botel...,NATURE'S HEART,lacteos,8.9,11.5,False,22.61,https://www.plazavea.com.pe/bebida-de-coco-natures-heart-sin-azucar-botella-946ml-20212653/p,https://plazavea.vteximg.com.br/arquivos/ids/35495749-184-184/20212653.jpg?v=639210382881470000,2026-09-16 21:11:23
leche-uht-gloria-zero-lacto-caja-946ml-20402656,Leche UHT GLORIA Zero Lacto Caja 946ml,GLORIA,lacteos,6.2,6.2,False,0.0,https://www.plazavea.com.pe/leche-uht-gloria-zero-lacto-caja-946ml-20402656/p,https://plazavea.vteximg.com.br/arquivos/ids/35081607-184-184/20402656.jpg?v=639177613333400000,2026-09-16 21:11:23
leche-gloria-chocolatada-uht-caja-1l,Leche Chocolatada UHT GLORIA Caja 946ml,GLORIA,lacteos,6.19,6.19,False,0.0,https://www.plazavea.com.pe/leche-gloria-chocolatada-uht-caja-1l/p,https://plazavea.vteximg.com.br/arquivos/ids/35081443-184-184/664189.jpg?v=639177601097800000,2026-09-16 21:11:23
leche-sin-lactosa-uht-descremada-gloria-slim-triple-zero-caja-946ml-20394566,Leche sin Lactosa UHT Descremada GLORIA Slim T...,GLORIA,lacteos,6.2,6.2,False,0.0,https://www.plazavea.com.pe/leche-sin-lactosa-uht-descremada-gloria-slim-triple-zero-caja-946ml-20394566/p,https://plazavea.vteximg.com.br/arquivos/ids/35081586-184-184/20394566.jpg?v=639177613032570000,2026-09-16 21:11:23
leche-gloria-entera-uhtcon-vitamina-a-cy-d-caja-1l,Leche Entera UHT GLORIA Caja 946ml,GLORIA,lacteos,6.2,6.2,False,0.0,https://www.plazavea.com.pe/leche-gloria-entera-uhtcon-vitamina-a-cy-d-caja-1l/p,https://plazavea.vteximg.com.br/arquivos/ids/35081437-184-184/358217.jpg?v=639177600896330000,2026-09-16 21:11:23
bebida-de-almendras-natures-heart-sin-azucar-caja-946ml-paquete-6un-20357119,Bebida de Almendras NATURE'S HEART sin Azúcar ...,NATURE'S HEART,lacteos,49.9,49.9,False,0.0,https://www.plazavea.com.pe/bebida-de-almendras-natures-heart-sin-azucar-caja-946ml-paquete-6un-20357119/p,https://plazavea.vteximg.com.br/arquivos/ids/36104086-184-184/20357119.jpg?v=639245038617830000,2026-09-16 21:11:23
bebida-de-almendras-natures-heart-sin-azucar-caja-946ml-20161083,Bebida de Almendras NATURE'S HEART sin Azúcar ...,NATURE'S HEART,lacteos,8.9,11.5,False,22.61,https://www.plazavea.com.pe/bebida-de-almendras-natures-heart-sin-azucar-caja-946ml-20161083/p,https://plazavea.vteximg.com.br/arquivos/ids/35495771-184-184/20161083.jpg?v=639210382953930000,2026-09-16 21:11:23
bebida-de-almendras-natures-heart-caja-946ml-20161082,Bebida de Almendras NATURE'S HEART Caja 946ml,NATURE'S HEART,lacteos,8.9,10.9,False,18.35,https://www.plazavea.com.pe/bebida-de-almendras-natures-heart-caja-946ml-20161082/p,https://plazavea.vteximg.com.br/arquivos/ids/35495772-184-184/20161082.jpg?v=639210382956600000,2026-09-16 21:11:23
leche-gloria-fresca-light-uht-caja-1l,Leche Ligh UHT GLORIA UHT Caja 946ml,GLORIA,lacteos,6.2,6.2,False,0.0,https://www.plazavea.com.pe/leche-gloria-fresca-light-uht-caja-1l/p,https://plazavea.vteximg.com.br/arquivos/ids/35081438-184-184/665063.jpg?v=639177600937400000,2026-09-16 21:11:23
leche-fresca-uht-gloria-ninos-dha-1-a-5-anos-caja-946ml-145611,Leche Fresca UHT GLORIA Niños DHA 1 a 5 años C...,GLORIA,lacteos,6.2,6.2,False,0.0,https://www.plazavea.com.pe/leche-fresca-uht-gloria-ninos-dha-1-a-5-anos-caja-946ml-145611/p,https://plazavea.vteximg.com.br/arquivos/ids/35081442-184-184/145611.jpg?v=639177601060770000,2026-09-16 21:11:23
pack-mantequilla-con-sal-laive-barra-180g-pack-mixto-queso-edam-jamon-americano-laive-paquete-300g,Pack Mantequilla con Sal LAIVE Barra 180g + Pa...,LAIVE,lacteos,21.8,25.3,False,13.83,https://www.plazavea.com.pe/pack-mantequilla-con-sal-laive-barra-180g-pack-mixto-queso-edam-jamon-americano-laive-paquete-300g/p,https://vivanda.vteximg.com.br/arquivos/Sodio_saturadas.png?v=123,2026-09-16 21:11:23
leche-uht-gloria-zero-lacto-caja-946ml-paquete-3un-20402671,Leche UHT GLORIA Zero Lacto Caja 946ml Paquete...,GLORIA,lacteos,15.8,16.5,True,4.24,https://www.plazavea.com.pe/leche-uht-gloria-zero-lacto-caja-946ml-paquete-3un-20402671/p,https://plazavea.vteximg.com.br/arquivos/ids/35081609-184-184/20402671.jpg?v=639177613370900000,2026-09-16 21:11:23
bebida-de-avena-natures-heart-caja-946ml-20199529,Bebida de Avena NATURE'S HEART Caja 946ml,NATURE'S HEART,lacteos,8.9,12.99,False,31.49,https://www.plazavea.com.pe/bebida-de-avena-natures-heart-caja-946ml-20199529/p,https://plazavea.vteximg.com.br/arquivos/ids/35495766-184-184/20199529.jpg?v=639210382939600000,2026-09-16 21:11:23
bebida-de-coco-y-vainilla-natures-heart-sin-azucar-caja-946ml-20352716,Bebida de Coco y Vainilla NATURE'S HEART sin A...,NATURE'S HEART,lacteos,8.9,12.99,False,31.49,https://www.plazavea.com.pe/bebida-de-coco-y-vainilla-natures-heart-sin-azucar-caja-946ml-20352716/p,https://plazavea.vteximg.com.br/arquivos/ids/35495767-184-184/20352716.jpg?v=639210382942570000,2026-09-16 21:11:23
mantequilla-gloria-pote-390g,Mantequilla GLORIA Pote 390g,GLORIA,lacteos,15.9,17.9,True,11.17,https://www.plazavea.com.pe/mantequilla-gloria-pote-390g/p,https://vivanda.vteximg.com.br/arquivos/Sodio_saturadas.png?v=123,2026-09-16 21:11:23
leche-light-gloria-lata-390g-paquete-6un-20402667,Leche Light GLORIA Lata 390g Paquete 6un,GLORIA,lacteos,21.9,23.3,True,6.01,https://www.plazavea.com.pe/leche-light-gloria-lata-390g-paquete-6un-20402667/p,https://plazavea.vteximg.com.br/arquivos/ids/35081594-184-184/20402667.jpg?v=639177613161000000,2026-09-16 21:11:23
leche-uht-gloria-entera-pack-3un-x-1l,Leche Entera UHT GLORIA Caja 946ml Paquete 3un,GLORIA,lacteos,15.9,16.2,True,1.85,https://www.plazavea.com.pe/leche-uht-gloria-entera-pack-3un-x-1l/p,https://plazavea.vteximg.com.br/arquivos/ids/35081441-184-184/929548.jpg?v=639177601042600000,2026-09-16 21:11:23
leche-light-gloria-zero-lacto-lata-390g-paquete-6un-20566576,Leche Light GLORIA Zero Lacto Lata 390g Paquet...,GLORIA,lacteos,21.9,23.3,True,6.01,https://www.plazavea.com.pe/leche-light-gloria-zero-lacto-lata-390g-paquete-6un-20566576/p,https://plazavea.vteximg.com.br/arquivos/ids/35081672-184-184/20566576.jpg?v=639177614140200000,2026-09-16 21:11:23
leche-uht-gloria-light-pack-3un-x-1l,Leche Light UHT GLORIA Caja 946ml Paquete 3un,GLORIA,lacteos,15.9,16.5,True,3.64,https://www.plazavea.com.pe/leche-uht-gloria-light-pack-3un-x-1l/p,https://plazavea.vteximg.com.br/arquivos/ids/35081436-184-184/919289.jpg?v=639177600876530000,2026-09-16 21:11:23
leche-con-miel-de-abeja-gloria-ninos-lata-390g-paquete-6un-20632854,Leche con Miel de Abeja GLORIA Niños Lata 390g...,GLORIA,lacteos,21.9,26.5,True,17.36,https://www.plazavea.com.pe/leche-con-miel-de-abeja-gloria-ninos-lata-390g-paquete-6un-20632854/p,https://plazavea.vteximg.com.br/arquivos/ids/35081711-184-184/20632854.jpg?v=639177617136330000,2026-09-16 21:11:23
leche-reconstituida-entera-gloria-lata-390g-paquete-6un-20402655,Leche Reconstituida Entera GLORIA Lata 390g Pa...,GLORIA,lacteos,22.9,24.6,True,6.91,https://www.plazavea.com.pe/leche-reconstituida-entera-gloria-lata-390g-paquete-6un-20402655/p,https://plazavea.vteximg.com.br/arquivos/ids/35081592-184-184/20402655.jpg?v=639177613125270000,2026-09-16 21:11:23
yogurt-griego-vakimu-original-pote-960g-20175797,Yogurt Griego VAKIMU Original Pote 960g,VAKIMU,lacteos,12.6,15.9,False,20.75,https://www.plazavea.com.pe/yogurt-griego-vakimu-original-pote-960g-20175797/p,https://plazavea.vteximg.com.br/arquivos/ids/35909058-184-184/20175797.jpg?v=639232868827100000,2026-09-16 21:11:23
huevos-pardos-la-calera-paquete-30un-20138032,Huevos Pardos LA CALERA Paquete 30un,LA CALERA,lacteos,19.3,19.5,True,1.03,https://www.plazavea.com.pe/huevos-pardos-la-calera-paquete-30un-20138032/p,https://plazavea.vteximg.com.br/arquivos/ids/35462966-184-184/20138032.jpg?v=639207698534400000,2026-09-16 21:11:23
mantequilla-con-sal-gloria-paquete-180g,Mantequilla con Sal GLORIA Paquete 180g,GLORIA,lacteos,9.5,10.49,False,9.44,https://www.plazavea.com.pe/mantequilla-con-sal-gloria-paquete-180g/p,https://vivanda.vteximg.com.br/arquivos/Sodio_saturadas.png?v=123,2026-09-16 21:11:23
leche-light-sin-lactosa-laive-botella-390g-paquete-6un-20358057,Leche Light sin Lactosa LAIVE Botella 390g Paq...,LAIVE,lacteos,23.7,25.9,False,8.49,https://www.plazavea.com.pe/leche-light-sin-lactosa-laive-botella-390g-paquete-6un-20358057/p,https://plazavea.vteximg.com.br/arquivos/ids/35081522-184-184/20358057.jpg?v=639177603359800000,2026-09-16 21:11:23
yogurt-parcialmente-descremado-gloria-fresa-galonera-1-6kg,Yogurt Parcialmente Descremado GLORIA Fresa Ga...,GLORIA,lacteos,9.2,10.3,True,10.68,https://www.plazavea.com.pe/yogurt-parcialmente-descremado-gloria-fresa-galonera-1-6kg/p,https://plazavea.vteximg.com.br/arquivos/ids/34361310-184-184/20326315.jpg?v=639125053143230000,2026-09-16 21:11:23
mantequilla-con-sal-laive-barra-180g,Mantequilla con Sal LAIVE Barra 180g,LAIVE,lacteos,9.5,10.4,False,8.65,https://www.plazavea.com.pe/mantequilla-con-sal-laive-barra-180g/p,https://vivanda.vteximg.com.br/arquivos/Sodio_saturadas.png?v=123,2026-09-16 21:11:23
huevos-de-gallina-bells-pardos-bandeja-15un,Huevos de Gallina BELL'S Pardos Bandeja 15un,BELL'S,lacteos,9.5,9.5,False,0.0,https://www.plazavea.com.pe/huevos-de-gallina-bells-pardos-bandeja-15un/p,https://plazavea.vteximg.com.br/arquivos/ids/34330692-184-184/2294.jpg?v=639124899969100000,2026-09-16 21:11:23
yogurt-griego-gloria-batido-frutos-rojos-bolsa-800g,Yogurt Griego GLORIA Batido Frutos Rojos Bolsa...,GLORIA,lacteos,6.5,6.9,False,5.8,https://www.plazavea.com.pe/yogurt-griego-gloria-batido-frutos-rojos-bolsa-800g/p,https://plazavea.vteximg.com.br/arquivos/ids/34368780-184-184/20505692.jpg?v=639125098467270000,2026-09-16 21:11:23
leche-sin-lactosa-laive-botella-390g-paquete-6un-20416417,Leche sin Lactosa LAIVE Botella 390g Paquete 6...,LAIVE,lacteos,23.2,23.9,False,2.93,https://www.plazavea.com.pe/leche-sin-lactosa-laive-botella-390g-paquete-6un-20416417/p,https://plazavea.vteximg.com.br/arquivos/ids/35081615-184-184/20416417.jpg?v=639177613463770000,2026-09-16 21:11:23
huevos-pardos-la-calera-bandeja-15un-20416571,Huevos Pardos LA CALERA Bandeja 15un,LA CALERA,lacteos,9.9,9.9,False,0.0,https://www.plazavea.com.pe/huevos-pardos-la-calera-bandeja-15un-20416571/p,https://plazavea.vteximg.com.br/arquivos/ids/35463031-184-184/20416571.jpg?v=639207698765170000,2026-09-16 21:11:23
leche-gloria-zero-lacto-lata-390g-paquete-6un-20402677,Leche GLORIA Zero Lacto Lata 390g Paquete 6un,GLORIA,lacteos,24.5,26.5,False,7.55,https://www.plazavea.com.pe/leche-gloria-zero-lacto-lata-390g-paquete-6un-20402677/p,https://plazavea.vteximg.com.br/arquivos/ids/35081604-184-184/20402677.jpg?v=639177613288370000,2026-09-16 21:11:23
leche-sin-lactosa-uht-descremada-gloria-slim-triple-zero-caja-946ml-paquete-3un-20394568,Leche sin Lactosa UHT Descremada GLORIA Slim T...,GLORIA,lacteos,15.9,16.2,True,1.85,https://www.plazavea.com.pe/leche-sin-lactosa-uht-descremada-gloria-slim-triple-zero-caja-946ml-paquete-3un-20394568/p,https://plazavea.vteximg.com.br/arquivos/ids/35081585-184-184/20394568.jpg?v=639177613025030000,2026-09-16 21:11:23
leche-sin-lactosa-uht-laive-caja-946ml-paquete-4un-20393022,Leche sin Lactosa UHT LAIVE Caja 946ml Paquete...,LAIVE,lacteos,20.5,22.4,False,8.48,https://www.plazavea.com.pe/leche-sin-lactosa-uht-laive-caja-946ml-paquete-4un-20393022/p,https://plazavea.vteximg.com.br/arquivos/ids/35081550-184-184/20393022.jpg?v=639177603985400000,2026-09-16 21:11:23
yogurt-parcialmente-descremado-gloria-vainilla-galonera-1-6kg,Yogurt Parcialmente Descremado GLORIA Vainilla...,GLORIA,lacteos,9.2,10.3,False,10.68,https://www.plazavea.com.pe/yogurt-parcialmente-descremado-gloria-vainilla-galonera-1-6kg/p,https://plazavea.vteximg.com.br/arquivos/ids/34361309-184-184/20326303.jpg?v=639125053136370000,2026-09-16 21:11:23
yogurt-gloria-battimix-vainilla-con-arroz-crujiente-banado-en-chocolate-vaso-146g,Yogurt GLORIA Battimix Vainilla con Arroz Cruj...,GLORIA,lacteos,3.0,3.0,False,0.0,https://www.plazavea.com.pe/yogurt-gloria-battimix-vainilla-con-arroz-crujiente-banado-en-chocolate-vaso-146g/p,https://plazavea.vteximg.com.br/arquivos/ids/34760944-184-184/20295425.jpg?v=639154311713470000,2026-09-16 21:11:23
mezcla-lactea-ideal-cremosita-lata-390g-paquete-6un-20282485,Mezcla Láctea IDEAL Cremosita Lata 390g Paquet...,IDEAL,lacteos,21.5,23.5,False,8.51,https://www.plazavea.com.pe/mezcla-lactea-ideal-cremosita-lata-390g-paquete-6un-20282485/p,https://plazavea.vteximg.com.br/arquivos/ids/35081489-184-184/20282485.jpg?v=639177602476630000,2026-09-16 21:11:23
mezcla-lactea-sin-lactosa-laive-caja-480g-paquete-6un-20236481,Mezcla Láctea sin Lactosa LAIVE Caja 480g Paqu...,LAIVE,lacteos,21.1,23.5,False,10.21,https://www.plazavea.com.pe/mezcla-lactea-sin-lactosa-laive-caja-480g-paquete-6un-20236481/p,https://plazavea.vteximg.com.br/arquivos/ids/35081473-184-184/20236481.jpg?v=639177601920830000,2026-09-16 21:11:23
leche-entera-uht-gloria-bolsa-800ml-paquete-3un-20198435,Leche Entera UHT GLORIA Bolsa 800ml Paquete 3u...,GLORIA,lacteos,13.4,13.5,False,0.74,https://www.plazavea.com.pe/leche-entera-uht-gloria-bolsa-800ml-paquete-3un-20198435/p,https://plazavea.vteximg.com.br/arquivos/ids/35081461-184-184/20198435.jpg?v=639177601604100000,2026-09-16 21:11:23
yogurt-griego-vakimu-frutos-del-bosque-pote-960g-20175794,Yogurt Griego VAKIMU Frutos del Bosque Pote 96...,VAKIMU,lacteos,12.6,15.9,False,20.75,https://www.plazavea.com.pe/yogurt-griego-vakimu-frutos-del-bosque-pote-960g-20175794/p,https://plazavea.vteximg.com.br/arquivos/ids/35909057-184-184/20175794.jpg?v=639232868823970000,2026-09-16 21:11:23
huevos-de-gallina-la-calera-de-corral-paquete-12un-20101889,Huevos de Gallina LA CALERA de Corral Paquete ...,LA CALERA,lacteos,14.5,14.5,False,0.0,https://www.plazavea.com.pe/huevos-de-gallina-la-calera-de-corral-paquete-12un-20101889/p,https://plazavea.vteximg.com.br/arquivos/ids/35462944-184-184/20101889.jpg?v=639207698462900000,2026-09-16 21:11:23
yogurt-bebible-vakimu--pro-frambuesa-botella-350g-20570775,Yogurt Bebible VAKIMU +Pro Frambuesa Botella 3...,VAKIMU,lacteos,7.5,7.5,False,0.0,https://www.plazavea.com.pe/yogurt-bebible-vakimu--pro-frambuesa-botella-350g-20570775/p,https://plazavea.vteximg.com.br/arquivos/ids/35909079-184-184/20570775.jpg?v=639232868940700000,2026-09-16 21:11:23
yogurt-bebible-gloria-ninos-fresa-caja-80g-paquete-6un-20569304,Yogurt Bebible GLORIA Niños Fresa Caja 80g Paq...,GLORIA,lacteos,5.9,5.9,False,0.0,https://www.plazavea.com.pe/yogurt-bebible-gloria-ninos-fresa-caja-80g-paquete-6un-20569304/p,https://plazavea.vteximg.com.br/arquivos/ids/34471410-184-184/20569304.jpg?v=639130821548400000,2026-09-16 21:11:23
yogurt-batido-gloria-griego-sabor-natural-bolsa-800g-20564862,Yogurt Batido GLORIA Griego Sabor Natural Bols...,GLORIA,lacteos,6.5,6.9,False,5.8,https://www.plazavea.com.pe/yogurt-batido-gloria-griego-sabor-natural-bolsa-800g-20564862/p,https://plazavea.vteximg.com.br/arquivos/ids/34467397-184-184/20564862.jpg?v=639130801811800000,2026-09-16 21:11:23
mantequilla-con-sal-laive-pote-350g,Mantequilla con Sal LAIVE Pote 350g,LAIVE,lacteos,16.9,19.5,False,13.33,https://www.plazavea.com.pe/mantequilla-con-sal-laive-pote-350g/p,https://plazavea.vteximg.com.br/arquivos/ids/34367597-184-184/20504521.jpg?v=639135126245300000,2026-09-16 21:11:23
yogurt-probiotico-laive-sabor-a-mora-galonera-17kg-20463461,Yogurt Probiótico LAIVE Sabor a Mora Galonera ...,LAIVE,lacteos,10.9,10.9,False,0.0,https://www.plazavea.com.pe/yogurt-probiotico-laive-sabor-a-mora-galonera-17kg-20463461/p,https://plazavea.vteximg.com.br/arquivos/ids/35661699-184-184/20463461.jpg?v=639220838836030000,2026-09-16 21:11:23
leche-evaporada-entera-gloria-lata-390g-paquete-6un-20402648,Leche Evaporada Entera GLORIA Lata 390g Paquet...,GLORIA,lacteos,22.9,23.3,False,1.72,https://www.plazavea.com.pe/leche-evaporada-entera-gloria-lata-390g-paquete-6un-20402648/p,https://plazavea.vteximg.com.br/arquivos/ids/35081598-184-184/20402648.jpg?v=639177613207200000,2026-09-16 21:11:23
leche-reconstituida-entera-gloria-lata-390g-20402646,Leche Reconstituida Entera GLORIA Lata 390g,GLORIA,lacteos,4.2,4.2,False,0.0,https://www.plazavea.com.pe/leche-reconstituida-entera-gloria-lata-390g-20402646/p,https://plazavea.vteximg.com.br/arquivos/ids/35081589-184-184/20402646.jpg?v=639177613086130000,2026-09-16 21:11:23
huevos-pardos-artisan-bandeja-15un,Huevos Pardos ARTISAN Bandeja 15un,ARTISAN,lacteos,15.8,15.8,False,0.0,https://www.plazavea.com.pe/huevos-pardos-artisan-bandeja-15un/p,https://plazavea.vteximg.com.br/arquivos/ids/34361430-184-184/20329089.jpg?v=639125053975930000,2026-09-16 21:11:23
yogurt-frutado-danlac-maracumango-botella-900g-20394895,Yogurt Frutado DANLAC Maracumango Botella 900g,DANLAC,lacteos,9.9,10.9,False,9.17,https://www.plazavea.com.pe/yogurt-frutado-danlac-maracumango-botella-900g-20394895/p,https://plazavea.vteximg.com.br/arquivos/ids/34061607-184-184/20394895.jpg?v=639087616487830000,2026-09-16 21:11:23
leche-entera-uht-laive-caja-946ml-paquete-4un-20393020,Leche Entera UHT LAIVE Caja 946ml Paquete 4un,LAIVE,lacteos,22.5,22.5,False,0.0,https://www.plazavea.com.pe/leche-entera-uht-laive-caja-946ml-paquete-4un-20393020/p,https://plazavea.vteximg.com.br/arquivos/ids/35081570-184-184/20393020.jpg?v=639177612830670000,2026-09-16 21:11:23
leche-light-sin-lactosa-uht-laive-caja-946ml-paquete-4un-20393024,Leche Light sin Lactosa UHT LAIVE Caja 946ml P...,LAIVE,lacteos,23.1,23.1,False,0.0,https://www.plazavea.com.pe/leche-light-sin-lactosa-uht-laive-caja-946ml-paquete-4un-20393024/p,https://plazavea.vteximg.com.br/arquivos/ids/35081547-184-184/20393024.jpg?v=639177603908470000,2026-09-16 21:11:23
yogurt-bebible-laive-sabor-a-fresa-galonera-17kg-20365883,Yogurt Bebible LAIVE Sabor a Fresa Galonera 1....,LAIVE,lacteos,10.9,11.4,False,4.39,https://www.plazavea.com.pe/yogurt-bebible-laive-sabor-a-fresa-galonera-17kg-20365883/p,https://plazavea.vteximg.com.br/arquivos/ids/35661691-184-184/20365883.jpg?v=639220838773130000,2026-09-16 21:11:23
yogurt-laive-sbelt-sabor-a-fresa-galonera-1-7kg,Yogurt LAIVE Sbelt Sabor a Fresa Galonera 1.7K...,LAIVE,lacteos,11.8,11.8,False,0.0,https://www.plazavea.com.pe/yogurt-laive-sbelt-sabor-a-fresa-galonera-1-7kg/p,https://plazavea.vteximg.com.br/arquivos/ids/27457347-184-184/20365876.jpg?v=638291302026430000,2026-09-16 21:11:23
leche-sin-lactosa-laive-light-botella-390g-20358055,Leche Light sin Lactosa LAIVE Botella 390g,LAIVE,lacteos,4.4,4.4,False,0.0,https://www.plazavea.com.pe/leche-sin-lactosa-laive-light-botella-390g-20358055/p,https://plazavea.vteximg.com.br/arquivos/ids/35081520-184-184/20358055.jpg?v=639177603279630000,2026-09-16 21:11:23
yogurt-griego-descremado-danlac-natural-frasco-900g-20326477,Yogurt Griego Descremado DANLAC Natural Frasco...,DANLAC,lacteos,17.5,18.9,False,7.41,https://www.plazavea.com.pe/yogurt-griego-descremado-danlac-natural-frasco-900g-20326477/p,https://plazavea.vteximg.com.br/arquivos/ids/34123083-184-184/20326477.jpg?v=639094448762630000,2026-09-16 21:11:47
yogurt-parcialmente-descremado-gloria-lucuma-galonera-1-6kg,Yogurt Parcialmente Descremado GLORIA Lúcuma G...,GLORIA,lacteos,9.2,10.3,False,10.68,https://www.plazavea.com.pe/yogurt-parcialmente-descremado-gloria-lucuma-galonera-1-6kg/p,https://plazavea.vteximg.com.br/arquivos/ids/34361312-184-184/20326323.jpg?v=639125053159500000,2026-09-16 21:11:47
yogurt-parcialmente-descremado-gloria-durazno-galonera-1-6kg,Yogurt Parcialmente Descremado GLORIA Durazno ...,GLORIA,lacteos,9.2,10.3,False,10.68,https://www.plazavea.com.pe/yogurt-parcialmente-descremado-gloria-durazno-galonera-1-6kg/p,https://plazavea.vteximg.com.br/arquivos/ids/34361301-184-184/20326311.jpg?v=639125053067530000,2026-09-16 21:11:47
yogurt-parcialmente-descremado-gloria-sabor-a-fresa-botella-180g-paquete-6un,Yogurt Parcialmente Descremado GLORIA Sabor a ...,GLORIA,lacteos,10.3,10.5,False,1.9,https://www.plazavea.com.pe/yogurt-parcialmente-descremado-gloria-sabor-a-fresa-botella-180g-paquete-6un/p,https://plazavea.vteximg.com.br/arquivos/ids/34361104-184-184/20295422.jpg?v=639125051910100000,2026-09-16 21:11:47
mezcla-lactea-bonle-familiar-caja-480g-paquete-6un-20289771,Mezcla Láctea BONLÉ Familiar Caja 480g Paquete...,BONLÉ,lacteos,20.1,22.9,False,12.23,https://www.plazavea.com.pe/mezcla-lactea-bonle-familiar-caja-480g-paquete-6un-20289771/p,https://plazavea.vteximg.com.br/arquivos/ids/35081506-184-184/20289771.jpg?v=639177602858170000,2026-09-16 21:11:47
leche-entera-reconstituida-gloria-lata-170g-paquete-6un-20289770,Leche Entera Reconstituida GLORIA Lata 170g Pa...,GLORIA,lacteos,12.9,12.9,False,0.0,https://www.plazavea.com.pe/leche-entera-reconstituida-gloria-lata-170g-paquete-6un-20289770/p,https://plazavea.vteximg.com.br/arquivos/ids/35081505-184-184/20289770.jpg?v=639177602807670000,2026-09-16 21:11:47
yogurt-batido-gloria-griego-sabor-frutos-rojos-vaso-120g,Yogurt Batido GLORIA Griego Sabor Frutos Rojos...,GLORIA,lacteos,1.8,1.99,False,9.55,https://www.plazavea.com.pe/yogurt-batido-gloria-griego-sabor-frutos-rojos-vaso-120g/p,https://plazavea.vteximg.com.br/arquivos/ids/16382232-184-184/20257690.jpg?v=637970167303630000,2026-09-16 21:11:47
yogurt-quark-vakimu-natural-pote-500g-20237178,Yogurt Quark VAKIMU Natural Pote 500g,VAKIMU,lacteos,14.9,14.9,False,0.0,https://www.plazavea.com.pe/yogurt-quark-vakimu-natural-pote-500g-20237178/p,https://plazavea.vteximg.com.br/arquivos/ids/35909061-184-184/20237178.jpg?v=639232868846300000,2026-09-16 21:11:47
yogurt-skyr-plusa-pote-500g,Yogurt Skyr PLUSA Pote 500g,PLUSA,lacteos,14.2,17.7,False,19.77,https://www.plazavea.com.pe/yogurt-skyr-plusa-pote-500g/p,https://plazavea.vteximg.com.br/arquivos/ids/561597-184-184/20183183.jpg?v=637427437164370000,2026-09-16 21:11:47
yogurt-griego-mango-con-fresa-vakimu-pote-960g-20187692,Yogurt Griego Mango con Fresa VAKIMU Pote 960g,VAKIMU,lacteos,12.6,15.9,False,20.75,https://www.plazavea.com.pe/yogurt-griego-mango-con-fresa-vakimu-pote-960g-20187692/p,https://plazavea.vteximg.com.br/arquivos/ids/35909059-184-184/20187692.jpg?v=639232868830600000,2026-09-16 21:11:47
yogurt-griego-de-arandanos-vakimu-pote-960g-20187695,Yogurt Griego de Arándanos VAKIMU Pote 960g,VAKIMU,lacteos,12.6,15.9,False,20.75,https://www.plazavea.com.pe/yogurt-griego-de-arandanos-vakimu-pote-960g-20187695/p,https://plazavea.vteximg.com.br/arquivos/ids/35909060-184-184/20187695.jpg?v=639232868840200000,2026-09-16 21:11:47
huevos-pardos-gallinas-libres-bandeja-12un-20171098,Huevos Pardos GALLINAS LIBRES Bandeja 12un,GALLINAS LIBRES,lacteos,15.5,15.5,False,0.0,https://www.plazavea.com.pe/huevos-pardos-gallinas-libres-bandeja-12un-20171098/p,https://plazavea.vteximg.com.br/arquivos/ids/35463133-184-184/20171098.jpg?v=639207699302570000,2026-09-16 21:11:47
yogurt-natural-danlac-botella-900g,Yogurt Entero DANLAC Sabor Natural Botella 900...,DANLAC,lacteos,9.9,10.9,False,9.17,https://www.plazavea.com.pe/yogurt-natural-danlac-botella-900g/p,https://plazavea.vteximg.com.br/arquivos/ids/34061591-184-184/20110509.jpg?v=639087616383300000,2026-09-16 21:11:47
yogurt-frutado-danlac-fresa-botella-900g,Yogurt Frutado DANLAC con Fresa Botella 900g,DANLAC,lacteos,9.9,10.9,False,9.17,https://www.plazavea.com.pe/yogurt-frutado-danlac-fresa-botella-900g/p,https://plazavea.vteximg.com.br/arquivos/ids/34330675-184-184/20060547.jpg?v=639124899880130000,2026-09-16 21:11:47
margarina-sello-de-oro-barra-200g,Margarina SELLO DE ORO Barra 200g,SELLO DE ORO,lacteos,4.6,4.6,False,0.0,https://www.plazavea.com.pe/margarina-sello-de-oro-barra-200g/p,https://plazavea.vteximg.com.br/arquivos/ids/29178565-184-184/20062191.jpg?v=638548606696200000,2026-09-16 21:11:47
huevos-de-codorniz-la-calera-paquete-18un-20087719,Huevos de Codorniz LA CALERA Paquete 18un,LA CALERA,lacteos,7.5,7.5,False,0.0,https://www.plazavea.com.pe/huevos-de-codorniz-la-calera-paquete-18un-20087719/p,https://plazavea.vteximg.com.br/arquivos/ids/35462946-184-184/20087719.jpg?v=639207698471500000,2026-09-16 21:11:47
huevos-de-codorniz-bells-bandeja-24un,Huevos de Codorniz BELL'S Bandeja 24un,BELL'S,lacteos,8.9,8.9,False,0.0,https://www.plazavea.com.pe/huevos-de-codorniz-bells-bandeja-24un/p,https://plazavea.vteximg.com.br/arquivos/ids/8125863-184-184/18653.jpg?v=637829557810830000,2026-09-16 21:11:47
yogurt-bebible-vakimu--pro-durazno-botella-350g-20570772,Yogurt Bebible VAKIMU +Pro Durazno Botella 350...,VAKIMU,lacteos,7.5,7.5,False,0.0,https://www.plazavea.com.pe/yogurt-bebible-vakimu--pro-durazno-botella-350g-20570772/p,https://plazavea.vteximg.com.br/arquivos/ids/35909081-184-184/20570772.jpg?v=639232868950300000,2026-09-16 21:11:47
yogurt-bebible-vakimu--pro-coco-acai-botella-350g-20570774,Yogurt Bebible VAKIMU +Pro Coco & Acai Botella...,VAKIMU,lacteos,7.5,7.5,False,0.0,https://www.plazavea.com.pe/yogurt-bebible-vakimu--pro-coco-acai-botella-350g-20570774/p,https://plazavea.vteximg.com.br/arquivos/ids/35909080-184-184/20570774.jpg?v=639232868946430000,2026-09-16 21:11:47
crema-de-leche-gloria-culinaria-caja-180g-20570300,Crema de Leche GLORIA Culinaria Caja 180g,GLORIA,lacteos,9.3,9.3,False,0.0,https://www.plazavea.com.pe/crema-de-leche-gloria-culinaria-caja-180g-20570300/p,https://plazavea.vteximg.com.br/arquivos/ids/34475494-184-184/20570300.jpg?v=639130834027530000,2026-09-16 21:11:47
yogurt-bebible-gloria-ninos-vainilla-caja-80g-paquete-6un-20569303,Yogurt Bebible GLORIA Niños Vainilla Caja 80g ...,GLORIA,lacteos,5.9,5.9,False,0.0,https://www.plazavea.com.pe/yogurt-bebible-gloria-ninos-vainilla-caja-80g-paquete-6un-20569303/p,https://plazavea.vteximg.com.br/arquivos/ids/34471411-184-184/20569303.jpg?v=639130821554830000,2026-09-16 21:11:47
yogurt-yofresh-gloria-fresa-con-leche-fermentada-caja-190g-paquete-6un-20568493,Yogurt Yofresh GLORIA Fresa con Leche Fermenta...,GLORIA,lacteos,12.0,12.0,False,0.0,https://www.plazavea.com.pe/yogurt-yofresh-gloria-fresa-con-leche-fermentada-caja-190g-paquete-6un-20568493/p,https://plazavea.vteximg.com.br/arquivos/ids/34470140-184-184/20568493.jpg?v=639130814990000000,2026-09-16 21:11:47
mantequilla-bazo-velarde-barra-180g,Mantequilla BAZO VELARDE Barra 180g,BAZO VELARDE,lacteos,12.5,12.9,False,3.1,https://www.plazavea.com.pe/mantequilla-bazo-velarde-barra-180g/p,https://plazavea.vteximg.com.br/arquivos/ids/34371274-184-184/20566676.jpg?v=639125113783270000,2026-09-16 21:11:47
yogurt-batido-gloria-griego-sabor-mango-bolsa-800g-20564860,Yogurt Batido GLORIA Griego Sabor Mango Bolsa ...,GLORIA,lacteos,6.5,6.9,False,5.8,https://www.plazavea.com.pe/yogurt-batido-gloria-griego-sabor-mango-bolsa-800g-20564860/p,https://plazavea.vteximg.com.br/arquivos/ids/34467398-184-184/20564860.jpg?v=639130801818600000,2026-09-16 21:11:47
yogurt-batido-gloria-griego-con-miel-bolsa-800g-20564861,Yogurt Batido GLORIA Griego con Miel Bolsa 800...,GLORIA,lacteos,6.5,6.9,False,5.8,https://www.plazavea.com.pe/yogurt-batido-gloria-griego-con-miel-bolsa-800g-20564861/p,https://plazavea.vteximg.com.br/arquivos/ids/34467396-184-184/20564861.jpg?v=639130801804770000,2026-09-16 21:11:47
leche-uht-gloria-ninos-sabor-a-chocolate-caja-180ml-paquete-6un-20561336,Leche UHT GLORIA Niños Sabor a Chocolate Caja ...,GLORIA,lacteos,10.4,10.4,False,0.0,https://www.plazavea.com.pe/leche-uht-gloria-ninos-sabor-a-chocolate-caja-180ml-paquete-6un-20561336/p,https://plazavea.vteximg.com.br/arquivos/ids/35081670-184-184/20561336.jpg?v=639177614091730000,2026-09-16 21:11:47
leche-uht-gloria-zero-lacto-bolsa-800ml-paquete-3un-20506325,Leche UHT GLORIA Zero Lacto Bolsa 800ml Paquet...,GLORIA,lacteos,13.4,14.9,False,10.07,https://www.plazavea.com.pe/leche-uht-gloria-zero-lacto-bolsa-800ml-paquete-3un-20506325/p,https://plazavea.vteximg.com.br/arquivos/ids/35081655-184-184/20506325.jpg?v=639177613944870000,2026-09-16 21:11:47
mantequilla-con-sal-laive-en-barra-bolsa-90g,Mantequilla con Sal LAIVE en Barra Bolsa 90g,LAIVE,lacteos,5.9,6.9,False,14.49,https://www.plazavea.com.pe/mantequilla-con-sal-laive-en-barra-bolsa-90g/p,https://plazavea.vteximg.com.br/arquivos/ids/34367598-184-184/20504518.jpg?v=639125092781730000,2026-09-16 21:11:47
mantequilla-con-sal-tonadita-pote-200g,Mantequilla con Sal TONADITA Pote 200g,TONADITA,lacteos,9.9,9.9,False,0.0,https://www.plazavea.com.pe/mantequilla-con-sal-tonadita-pote-200g/p,https://vivanda.vteximg.com.br/arquivos/Sodio_saturadas.png?v=123,2026-09-16 21:11:47
yogurt-griego-kefir-deslactosado-duman-natural-pote-500g-20466538,Yogurt Griego Kéfir Deslactosado DUMAN Natural...,DUMAN,lacteos,18.6,18.9,False,1.59,https://www.plazavea.com.pe/yogurt-griego-kefir-deslactosado-duman-natural-pote-500g-20466538/p,https://plazavea.vteximg.com.br/arquivos/ids/35667164-184-184/20466538.jpg?v=639221643559630000,2026-09-16 21:11:47
bebida-de-almendras-laive-vio-sin-endulzar-caja-946ml-paquete-4un-20465339,Bebida de Almendras LAIVE Vio sin Endulzar Caj...,LAIVE,lacteos,33.5,33.5,False,0.0,https://www.plazavea.com.pe/bebida-de-almendras-laive-vio-sin-endulzar-caja-946ml-paquete-4un-20465339/p,https://plazavea.vteximg.com.br/arquivos/ids/35081631-184-184/20465339.jpg?v=639177613631400000,2026-09-16 21:11:47
leche-sin-lactosa-laive-sabor-a-chocolate-caja-180ml-paquete-6un-20422347,Leche sin Lactosa LAIVE Sabor a Chocolate Caja...,LAIVE,lacteos,9.9,9.9,False,0.0,https://www.plazavea.com.pe/leche-sin-lactosa-laive-sabor-a-chocolate-caja-180ml-paquete-6un-20422347/p,https://vivanda.vteximg.com.br/arquivos/Alto_azucar.png?v=123,2026-09-16 21:11:47
yogurt-descremado-quark-fresa-balde-500g-20408013,Yogurt Descremado QUARK Fresa Balde 500g,VAKIMU,lacteos,15.5,15.5,False,0.0,https://www.plazavea.com.pe/yogurt-descremado-quark-fresa-balde-500g-20408013/p,https://plazavea.vteximg.com.br/arquivos/ids/35909077-184-184/20408013.jpg?v=639232868925570000,2026-09-16 21:11:47
yogurt-bebible-vakimu--pro-vainilla-botella-350g-20408016,Yogurt Bebible VAKIMU +Pro Vainilla Botella 35...,VAKIMU,lacteos,7.5,7.5,False,0.0,https://www.plazavea.com.pe/yogurt-bebible-vakimu--pro-vainilla-botella-350g-20408016/p,https://plazavea.vteximg.com.br/arquivos/ids/35909075-184-184/20408016.jpg?v=639232868918600000,2026-09-16 21:11:47
leche-light-gloria-lata-390g-20402653,Leche Light GLORIA Lata 390g,GLORIA,lacteos,4.4,4.4,False,0.0,https://www.plazavea.com.pe/leche-light-gloria-lata-390g-20402653/p,https://plazavea.vteximg.com.br/arquivos/ids/35081596-184-184/20402653.jpg?v=639177613190500000,2026-09-16 21:11:47
leche-laive-practi-tarro-botella-390g-paquete-6un-20416416,Leche LAIVE Practi Tarro Botella 390g Paquete ...,LAIVE,lacteos,23.7,23.9,False,0.84,https://www.plazavea.com.pe/leche-laive-practi-tarro-botella-390g-paquete-6un-20416416/p,https://plazavea.vteximg.com.br/arquivos/ids/35081616-184-184/20416416.jpg?v=639177613472200000,2026-09-16 21:11:47
leche-sin-lactosa-laive-botella-390g-20416414,Leche sin Lactosa LAIVE Botella 390g,LAIVE,lacteos,4.4,4.4,False,0.0,https://www.plazavea.com.pe/leche-sin-lactosa-laive-botella-390g-20416414/p,https://plazavea.vteximg.com.br/arquivos/ids/35081613-184-184/20416414.jpg?v=639177613437230000,2026-09-16 21:11:47
leche-gloria-zero-lacto-lata-390g-20402665,Leche GLORIA Zero Lacto Lata 390g,GLORIA,lacteos,4.4,4.4,False,0.0,https://www.plazavea.com.pe/leche-gloria-zero-lacto-lata-390g-20402665/p,https://plazavea.vteximg.com.br/arquivos/ids/35081606-184-184/20402665.jpg?v=639177613312170000,2026-09-16 21:11:47
mantequilla-sin-sal-gloria-paquete-180g,Mantequilla sin Sal GLORIA Paquete 180g,GLORIA,lacteos,9.5,10.49,False,9.44,https://www.plazavea.com.pe/mantequilla-sin-sal-gloria-paquete-180g/p,https://plazavea.vteximg.com.br/arquivos/ids/34362460-184-184/20393023.jpg?v=639125060959400000,2026-09-16 21:11:47
mantequilla-con-sal-gloria-pote-180g,Mantequilla con Sal GLORIA Pote 180g,GLORIA,lacteos,10.7,11.9,False,10.08,https://www.plazavea.com.pe/mantequilla-con-sal-gloria-pote-180g/p,https://plazavea.vteximg.com.br/arquivos/ids/34362458-184-184/20393013.jpg?v=639125060942500000,2026-09-16 21:11:47
leche-sin-lactosa-uht-laive-caja-946ml-20393007,Leche sin Lactosa UHT LAIVE Caja 946ml,LAIVE,lacteos,5.9,5.9,False,0.0,https://www.plazavea.com.pe/leche-sin-lactosa-uht-laive-caja-946ml-20393007/p,https://plazavea.vteximg.com.br/arquivos/ids/35081544-184-184/20393007.jpg?v=639177603854270000,2026-09-16 21:11:47
leche-descremada-uht-sbelt-caja-946ml-20393015,Leche Descremada UHT SBELT Caja 946ml,SBELT,lacteos,6.2,6.2,False,0.0,https://www.plazavea.com.pe/leche-descremada-uht-sbelt-caja-946ml-20393015/p,https://plazavea.vteximg.com.br/arquivos/ids/35081542-184-184/20393015.jpg?v=639180995442700000,2026-09-16 21:11:47
yogurt-laive-sin-lactosa-sabor-a-vainilla-botella-946g,Yogurt LAIVE sin Lactosa Sabor a Vainilla Bote...,LAIVE,lacteos,7.9,7.9,False,0.0,https://www.plazavea.com.pe/yogurt-laive-sin-lactosa-sabor-a-vainilla-botella-946g/p,https://plazavea.vteximg.com.br/arquivos/ids/27552407-184-184/20385693.jpg?v=638312960008530000,2026-09-16 21:11:47
yogurt-sbelt-sabor-a-vainilla-botella-946g,Yogurt SBELT Sabor a Vainilla Botella 946g,SBELT,lacteos,6.5,6.5,False,0.0,https://www.plazavea.com.pe/yogurt-sbelt-sabor-a-vainilla-botella-946g/p,https://plazavea.vteximg.com.br/arquivos/ids/27669123-184-184/20385701.jpg?v=638331793287900000,2026-09-16 21:11:47
yogurt-vakimu--pro-sabor-arandanos-pote-500g-20358395,Yogurt VAKIMU +Pro Sabor Arándanos Pote 500g,VAKIMU,lacteos,14.7,14.8,False,0.68,https://www.plazavea.com.pe/yogurt-vakimu--pro-sabor-arandanos-pote-500g-20358395/p,https://plazavea.vteximg.com.br/arquivos/ids/35909072-184-184/20358395.jpg?v=639232868901800000,2026-09-16 21:11:47
yogurt-vakimu--pro-sabor-a-fresa-pote-500g-20358389,Yogurt VAKIMU +Pro Sabor a Fresa Pote 500g,VAKIMU,lacteos,14.8,14.8,False,0.0,https://www.plazavea.com.pe/yogurt-vakimu--pro-sabor-a-fresa-pote-500g-20358389/p,https://plazavea.vteximg.com.br/arquivos/ids/35909071-184-184/20358389.jpg?v=639232868896530000,2026-09-16 21:11:47
yogurt-gloria-parcialmente-descremado-sabor-a-fresa-y-platano-botella-1-7kg,Yogurt Parcialmente Descremado GLORIA Fresa y ...,GLORIA,lacteos,9.2,10.3,False,10.68,https://www.plazavea.com.pe/yogurt-gloria-parcialmente-descremado-sabor-a-fresa-y-platano-botella-1-7kg/p,https://plazavea.vteximg.com.br/arquivos/ids/27473654-184-184/20358393.jpg?v=638931132248330000,2026-09-16 21:11:47
yogurt-sabor-a-fresa-sin-lactosa-laive-galonera-1-7kg,Yogurt Sabor a Fresa sin Lactosa LAIVE Galoner...,LAIVE,lacteos,12.5,12.5,False,0.0,https://www.plazavea.com.pe/yogurt-sabor-a-fresa-sin-lactosa-laive-galonera-1-7kg/p,https://plazavea.vteximg.com.br/arquivos/ids/27457342-184-184/20365893.jpg?v=638291300016570000,2026-09-16 21:11:47
yogurt-bebible-laive-sabor-a-vainilla-galonera-17kg-20365890,Yogurt Bebible LAIVE Sabor a Vainilla Galonera...,LAIVE,lacteos,10.9,10.9,False,0.0,https://www.plazavea.com.pe/yogurt-bebible-laive-sabor-a-vainilla-galonera-17kg-20365890/p,https://plazavea.vteximg.com.br/arquivos/ids/35661688-184-184/20365890.jpg?v=639220838759230000,2026-09-16 21:12:10
yogurt-laive-sbelt-sabor-a-vainilla-galonera-1-7kg,Yogurt LAIVE Sbelt Sabor a Vainilla Galonera 1...,LAIVE,lacteos,11.8,11.8,False,0.0,https://www.plazavea.com.pe/yogurt-laive-sbelt-sabor-a-vainilla-galonera-1-7kg/p,https://plazavea.vteximg.com.br/arquivos/ids/27457340-184-184/20365881.jpg?v=638291299150870000,2026-09-16 21:12:10
leche-deslactosada-light-danlac-botella-900ml-20352482,Leche Deslactosada Light DANLAC Botella 900ml,DANLAC,lacteos,8.5,8.5,False,0.0,https://www.plazavea.com.pe/leche-deslactosada-light-danlac-botella-900ml-20352482/p,https://plazavea.vteximg.com.br/arquivos/ids/35081514-184-184/20352482.jpg?v=639177603143170000,2026-09-16 21:12:10
mezcla-lactea-light-bonle-caja-480g-paquete-6un-20329462,Mezcla Láctea Light BONLÉ Caja 480g Paquete 6u...,BONLÉ,lacteos,19.9,22.2,False,10.36,https://www.plazavea.com.pe/mezcla-lactea-light-bonle-caja-480g-paquete-6un-20329462/p,https://plazavea.vteximg.com.br/arquivos/ids/35392779-184-184/20329462.jpg?v=639201616516930000,2026-09-16 21:12:10
mezcla-lactea-sin-lactosa-bonle-caja-480g-paquete-6un-20327786,Mezcla Láctea sin Lactosa BONLÉ Caja 480g Paqu...,BONLÉ,lacteos,19.9,22.9,False,13.1,https://www.plazavea.com.pe/mezcla-lactea-sin-lactosa-bonle-caja-480g-paquete-6un-20327786/p,https://plazavea.vteximg.com.br/arquivos/ids/35081509-184-184/20327786.jpg?v=639177602972770000,2026-09-16 21:12:10
yogurt-griego-descremado-danlac-sabor-a-arandanos-frasco-900g-20326475,Yogurt Griego Descremado DANLAC Sabor a Aránda...,DANLAC,lacteos,17.5,18.9,False,7.41,https://www.plazavea.com.pe/yogurt-griego-descremado-danlac-sabor-a-arandanos-frasco-900g-20326475/p,https://plazavea.vteximg.com.br/arquivos/ids/34061601-184-184/20326475.jpg?v=639087616449170000,2026-09-16 21:12:10
yogurt-bebible-gloria-sabor-a-vainilla-botella-946g,Yogurt Bebible GLORIA Sabor a Vainilla Botella...,GLORIA,lacteos,6.0,6.3,False,4.76,https://www.plazavea.com.pe/yogurt-bebible-gloria-sabor-a-vainilla-botella-946g/p,https://plazavea.vteximg.com.br/arquivos/ids/34361311-184-184/20326321.jpg?v=639125053153470000,2026-09-16 21:12:10
yogurt-bebible-gloria-sabor-a-fresa-botella-946g,Yogurt Bebible GLORIA Sabor a Fresa Botella 94...,GLORIA,lacteos,6.0,6.3,False,4.76,https://www.plazavea.com.pe/yogurt-bebible-gloria-sabor-a-fresa-botella-946g/p,https://plazavea.vteximg.com.br/arquivos/ids/34361302-184-184/20326320.jpg?v=639125053075570000,2026-09-16 21:12:10
yogurt-parcialmente-descremado-gloria-guanabana-galonera-1-6kg,Yogurt Parcialmente Descremado GLORIA Guanában...,GLORIA,lacteos,9.2,10.3,False,10.68,https://www.plazavea.com.pe/yogurt-parcialmente-descremado-gloria-guanabana-galonera-1-6kg/p,https://plazavea.vteximg.com.br/arquivos/ids/34361300-184-184/20326309.jpg?v=639125053051700000,2026-09-16 21:12:10
yogurt-batido-gloria-griego-sabor-mango-vaso-120g,Yogurt Batido GLORIA Griego Sabor Mango Vaso 1...,GLORIA,lacteos,1.8,1.99,False,9.55,https://www.plazavea.com.pe/yogurt-batido-gloria-griego-sabor-mango-vaso-120g/p,https://plazavea.vteximg.com.br/arquivos/ids/22976324-184-184/20326291.jpg?v=638059744826670000,2026-09-16 21:12:10
yogurt-battimix-gloria-fresa-con-bolitas-de-chocolate-vaso-146g,Yogurt Battimix GLORIA Fresa con Bolitas de Ch...,GLORIA,lacteos,3.0,3.0,False,0.0,https://www.plazavea.com.pe/yogurt-battimix-gloria-fresa-con-bolitas-de-chocolate-vaso-146g/p,https://plazavea.vteximg.com.br/arquivos/ids/34760945-184-184/20295426.jpg?v=639154311720500000,2026-09-16 21:12:10
yogurt-parcialmente-descremado-gloria-sabor-a-vainilla-botella-180g-paquete-6un,Yogurt Parcialmente Descremado GLORIA Sabor a ...,GLORIA,lacteos,10.3,10.5,False,1.9,https://www.plazavea.com.pe/yogurt-parcialmente-descremado-gloria-sabor-a-vainilla-botella-180g-paquete-6un/p,https://plazavea.vteximg.com.br/arquivos/ids/34361103-184-184/20295424.jpg?v=639125051902100000,2026-09-16 21:12:10
yogur-battimix-gloria-vainilla-con-hojuelas-vaso-144g,Yogur Battimix GLORIA Vainilla con Hojuelas Va...,GLORIA,lacteos,3.0,3.0,False,0.0,https://www.plazavea.com.pe/yogur-battimix-gloria-vainilla-con-hojuelas-vaso-144g/p,https://plazavea.vteximg.com.br/arquivos/ids/34760943-184-184/20295423.jpg?v=639154311702470000,2026-09-16 21:12:10
yogurt-probiotico-de-fresa-laive-botella-180g,Yogurt Probiótico de Fresa LAIVE Botella 180g,LAIVE,lacteos,1.8,1.99,False,9.55,https://www.plazavea.com.pe/yogurt-probiotico-de-fresa-laive-botella-180g/p,https://plazavea.vteximg.com.br/arquivos/ids/34361036-184-184/20283149.jpg?v=639125051421500000,2026-09-16 21:12:10
mezcla-lactea-ideal-cremosita-lata-390g-20282484,Mezcla Láctea IDEAL Cremosita Lata 390g,IDEAL,lacteos,4.0,4.0,False,0.0,https://www.plazavea.com.pe/mezcla-lactea-ideal-cremosita-lata-390g-20282484/p,https://plazavea.vteximg.com.br/arquivos/ids/35081494-184-184/20282484.jpg?v=639177602565500000,2026-09-16 21:12:10
mantequilla-sin-sal-laive-barra-180g,Mantequilla sin Sal LAIVE Barra 180g,LAIVE,lacteos,9.5,10.4,False,8.65,https://www.plazavea.com.pe/mantequilla-sin-sal-laive-barra-180g/p,https://vivanda.vteximg.com.br/arquivos/Alto_saturadas.png?v=123,2026-09-16 21:12:10
yogurt-slim-gloria-sabor-a-vainilla-galonera-1-6kg-20266229,Yogurt Slim GLORIA Sabor a Vainilla Galonera 1...,GLORIA,lacteos,10.9,11.2,False,2.68,https://www.plazavea.com.pe/yogurt-slim-gloria-sabor-a-vainilla-galonera-1-6kg-20266229/p,https://plazavea.vteximg.com.br/arquivos/ids/34360472-184-184/20266229.jpg?v=639125048168600000,2026-09-16 21:12:10
mantequilla-gloria-caja-90g,Mantequilla GLORIA Caja 90g,GLORIA,lacteos,6.9,6.9,False,0.0,https://www.plazavea.com.pe/mantequilla-gloria-caja-90g/p,https://vivanda.vteximg.com.br/arquivos/Sodio_saturadas.png?v=123,2026-09-16 21:12:10
yogurt-probiotico-laive-sabor-a-vainilla-botella-180g,Yogurt Probiótico LAIVE Sabor a Vainilla Botel...,LAIVE,lacteos,1.8,1.99,False,9.55,https://www.plazavea.com.pe/yogurt-probiotico-laive-sabor-a-vainilla-botella-180g/p,https://plazavea.vteximg.com.br/arquivos/ids/34360345-184-184/20257691.jpg?v=639125046716100000,2026-09-16 21:12:10
leche-parcialmente-descremada-uht-vigor-bolsa-800ml-20202148,Leche Parcialmente Descremada UHT VIGOR Bolsa ...,VIGOR,lacteos,4.7,4.99,False,5.81,https://www.plazavea.com.pe/leche-parcialmente-descremada-uht-vigor-bolsa-800ml-20202148/p,https://plazavea.vteximg.com.br/arquivos/ids/35081465-184-184/20202148.jpg?v=639177601707730000,2026-09-16 21:12:10
yogurt-danlac-frutado-frutos-del-bosque-botella-900g,Yogurt Frutado DANLAC con Frutos del Bosque Bo...,DANLAC,lacteos,9.9,10.9,False,9.17,https://www.plazavea.com.pe/yogurt-danlac-frutado-frutos-del-bosque-botella-900g/p,https://plazavea.vteximg.com.br/arquivos/ids/34330681-184-184/20100514.jpg?v=639124899924000000,2026-09-16 21:12:10
mantequilla-plusa-100-natural-caja-200gr,Mantequilla PLUSA 100% Natural Barra 200g,PLUSA,lacteos,15.3,15.3,False,0.0,https://www.plazavea.com.pe/mantequilla-plusa-100-natural-caja-200gr/p,https://vivanda.vteximg.com.br/arquivos/Alto_saturadas.png?v=123,2026-09-16 21:12:10
margarina-manty-clasica-pote-330gr,Margarina MANTY Clásica Pote 300g,MANTY,lacteos,5.4,5.4,False,0.0,https://www.plazavea.com.pe/margarina-manty-clasica-pote-330gr/p,https://vivanda.vteximg.com.br/arquivos/Sodio_saturadas.png?v=123,2026-09-16 21:12:10
crema-de-leche-nestle-lata-300g,Crema de Leche NESTLÉ Lata 300g,NESTLÉ,lacteos,10.4,10.9,False,4.59,https://www.plazavea.com.pe/crema-de-leche-nestle-lata-300g/p,https://vivanda.vteximg.com.br/arquivos/Alto_saturadas.png?v=123,2026-09-16 21:12:10
leche-uht-gloria-ninos-pack-3un-x-1l,Leche UHT GLORIA Niños DHA Caja 1L Paquete 3un,GLORIA,lacteos,16.2,16.2,False,0.0,https://www.plazavea.com.pe/leche-uht-gloria-ninos-pack-3un-x-1l/p,https://plazavea.vteximg.com.br/arquivos/ids/35081440-184-184/20083790.jpg?v=639177601016070000,2026-09-16 21:12:10
huevos-de-gallina-la-calera-pardos-jumbo-bandeja-15un-2308,Huevos de Gallina LA CALERA Pardos Jumbo Bande...,LA CALERA,lacteos,11.9,12.9,False,7.75,https://www.plazavea.com.pe/huevos-de-gallina-la-calera-pardos-jumbo-bandeja-15un-2308/p,https://plazavea.vteximg.com.br/arquivos/ids/35462935-184-184/2308.jpg?v=639207698426900000,2026-09-16 21:12:10
leche-fresca-danlac-botella-900ml,Leche Entera Pasteurizada DANLAC Botella 900ml,DANLAC,lacteos,7.8,7.8,False,0.0,https://www.plazavea.com.pe/leche-fresca-danlac-botella-900ml/p,https://plazavea.vteximg.com.br/arquivos/ids/35081450-184-184/28547.jpg?v=639177601309630000,2026-09-16 21:12:10
huevos-de-codorniz-bells-bandeja-18un,Huevos de Codorniz BELL'S Bandeja 18un,BELL'S,lacteos,6.9,6.9,False,0.0,https://www.plazavea.com.pe/huevos-de-codorniz-bells-bandeja-18un/p,https://plazavea.vteximg.com.br/arquivos/ids/8125864-184-184/18656.jpg?v=637829557841300000,2026-09-16 21:12:10
leche-entera-uht-bazo-velarde-caja-946ml-paquete-3un-20633791,Leche Entera UHT BAZO VELARDE Caja 946ml Paque...,BAZO VELARDE,lacteos,19.5,19.5,False,0.0,https://www.plazavea.com.pe/leche-entera-uht-bazo-velarde-caja-946ml-paquete-3un-20633791/p,https://plazavea.vteximg.com.br/arquivos/ids/34923835-184-184/20633791.jpg?v=639168105625000000,2026-09-16 21:12:10
yogurt-griego-kefir-deslactosado-duman-vainilla-bebible-botella-900ml-20569491,Yogurt Griego Kéfir Deslactosado DUMAN Vainill...,DUMAN,lacteos,17.9,17.9,False,0.0,https://www.plazavea.com.pe/yogurt-griego-kefir-deslactosado-duman-vainilla-bebible-botella-900ml-20569491/p,https://plazavea.vteximg.com.br/arquivos/ids/34471616-184-184/20569491.jpg?v=639130822567300000,2026-09-16 21:12:10
yogurt-griego-kefir-deslactosado-duman-frutos-del-bosque-botella-900ml-20569492,Yogurt Griego Kéfir Deslactosado DUMAN Frutos ...,DUMAN,lacteos,17.9,17.9,False,0.0,https://www.plazavea.com.pe/yogurt-griego-kefir-deslactosado-duman-frutos-del-bosque-botella-900ml-20569492/p,https://plazavea.vteximg.com.br/arquivos/ids/34471615-184-184/20569492.jpg?v=639130822560870000,2026-09-16 21:12:10
yogurt-griego-kefir-deslactosado-duman-fresa-bebible-botella-900ml-20569494,Yogurt Griego Kéfir Deslactosado DUMAN Fresa B...,DUMAN,lacteos,17.9,17.9,False,0.0,https://www.plazavea.com.pe/yogurt-griego-kefir-deslactosado-duman-fresa-bebible-botella-900ml-20569494/p,https://plazavea.vteximg.com.br/arquivos/ids/34471614-184-184/20569494.jpg?v=639130822552700000,2026-09-16 21:12:10
yogurt-griego-kefir-bebible-duman-natural-botella-900ml-20569493,Yogurt Griego Kéfir Bebible DUMAN Natural Bote...,DUMAN,lacteos,17.9,17.9,False,0.0,https://www.plazavea.com.pe/yogurt-griego-kefir-bebible-duman-natural-botella-900ml-20569493/p,https://plazavea.vteximg.com.br/arquivos/ids/34471613-184-184/20569493.jpg?v=639130822546000000,2026-09-16 21:12:10
yogurt-parcialmente-descremado-gloria-sabor-pina-botella-946g-20568904,Yogurt Parcialmente Descremado GLORIA Sabor Pi...,GLORIA,lacteos,6.0,6.3,False,4.76,https://www.plazavea.com.pe/yogurt-parcialmente-descremado-gloria-sabor-pina-botella-946g-20568904/p,https://plazavea.vteximg.com.br/arquivos/ids/34470894-184-184/20568904.jpg?v=639130818798830000,2026-09-16 21:12:10
leche-entera-uht-bazo-velarde-bolsa-800ml-20566673,Leche Entera UHT BAZO VELARDE Bolsa 800ml,BAZO VELARDE,lacteos,5.1,5.5,False,7.27,https://www.plazavea.com.pe/leche-entera-uht-bazo-velarde-bolsa-800ml-20566673/p,https://plazavea.vteximg.com.br/arquivos/ids/35081673-184-184/20566673.jpg?v=639177614153600000,2026-09-16 21:12:10
yogurt-batido-gloria-griegosabor-maracuya-bolsa-800g,Yogurt Batido GLORIA Griego  Sabor Maracuyá Bo...,GLORIA,lacteos,6.5,6.9,False,5.8,https://www.plazavea.com.pe/yogurt-batido-gloria-griegosabor-maracuya-bolsa-800g/p,https://plazavea.vteximg.com.br/arquivos/ids/34370626-184-184/20564859.jpg?v=639125110265930000,2026-09-16 21:12:10
yogurt-griego-laive-frutos-rojos-botella-1-5kg,Yogurt Griego LAIVE Frutos Rojos Botella 1.5Kg,LAIVE,lacteos,15.9,18.5,False,14.05,https://www.plazavea.com.pe/yogurt-griego-laive-frutos-rojos-botella-1-5kg/p,https://plazavea.vteximg.com.br/arquivos/ids/32417197-184-184/20565400.jpg?v=638950587010670000,2026-09-16 21:12:10
leche-reconstituida-gloria-con-quinua-kiwicha-y-canihua-lata-390g-paquete-6un-20506410,"Leche Reconstituida GLORIA con Quinua, Kiwicha...",GLORIA,lacteos,22.7,23.3,False,2.58,https://www.plazavea.com.pe/leche-reconstituida-gloria-con-quinua-kiwicha-y-canihua-lata-390g-paquete-6un-20506410/p,https://plazavea.vteximg.com.br/arquivos/ids/35081665-184-184/20506410.jpg?v=639177614036370000,2026-09-16 21:12:10
yogurt-frutado-tigo-deslactosado-tropical-frasco-850g,Yogurt Frutado TIGO Deslactosado Tropical Fras...,TIGO,lacteos,11.4,11.99,False,4.92,https://www.plazavea.com.pe/yogurt-frutado-tigo-deslactosado-tropical-frasco-850g/p,https://plazavea.vteximg.com.br/arquivos/ids/34367604-184-184/20504517.jpg?v=639125092830070000,2026-09-16 21:12:10
bebida-lactea-gloria-pro-power-dark-choco-botella-320ml-paquete-6un-20503431,Bebida Láctea GLORIA Pro Power Dark Choco Bote...,GLORIA,lacteos,36.9,42.5,False,13.18,https://www.plazavea.com.pe/bebida-lactea-gloria-pro-power-dark-choco-botella-320ml-paquete-6un-20503431/p,https://plazavea.vteximg.com.br/arquivos/ids/35081646-184-184/20503431.jpg?v=639177613845300000,2026-09-16 21:12:10
bebida-de-almendras-laive-vio-bolsa-800ml-20500754,Bebida de Almendras LAIVE Vio Bolsa 800ml,LAIVE,lacteos,6.9,7.0,False,1.43,https://www.plazavea.com.pe/bebida-de-almendras-laive-vio-bolsa-800ml-20500754/p,https://plazavea.vteximg.com.br/arquivos/ids/35081638-184-184/20500754.jpg?v=639177613751800000,2026-09-16 21:12:10
leche-parcialmente-deslactosada-uht-vigor-bolsa-800ml-20469084,Leche Parcialmente Deslactosada UHT VIGOR Bols...,VIGOR,lacteos,4.7,5.3,False,11.32,https://www.plazavea.com.pe/leche-parcialmente-deslactosada-uht-vigor-bolsa-800ml-20469084/p,https://plazavea.vteximg.com.br/arquivos/ids/35081637-184-184/20469084.jpg?v=639177613726070000,2026-09-16 21:12:10
yogurt-frutado-danlac-con-chirimoya-botella-900g-20466142,Yogurt Frutado DANLAC con Chirimoya Botella 90...,DANLAC,lacteos,9.9,10.9,False,9.17,https://www.plazavea.com.pe/yogurt-frutado-danlac-con-chirimoya-botella-900g-20466142/p,https://plazavea.vteximg.com.br/arquivos/ids/34061614-184-184/20466142.jpg?v=639087616547430000,2026-09-16 21:12:10
bebida-de-leche-uht-gloria-actiavena-caja-946ml-20464643,Bebida de Leche UHT GLORIA Actiavena Caja 946m...,GLORIA,lacteos,6.2,6.29,False,1.43,https://www.plazavea.com.pe/bebida-de-leche-uht-gloria-actiavena-caja-946ml-20464643/p,https://plazavea.vteximg.com.br/arquivos/ids/35081629-184-184/20464643.jpg?v=639177613609900000,2026-09-16 21:12:10
trapeador-giratorio-con-autoexprimidor-para-cuidado-diario-de-superficies-del-hogar-y-notas-102254536,Trapeador Giratorio con Autoexprimidor para Cu...,GRUPO LIUS,limpieza,69.9,175.0,False,60.06,https://www.plazavea.com.pe/trapeador-giratorio-con-autoexprimidor-para-cuidado-diario-de-superficies-del-hogar-y-notas-102254536/p,https://plazavea.vteximg.com.br/arquivos/ids/35707701-184-184/imageUrl_1.jpg?v=639222843794970000,2026-09-16 21:12:31
tapiz-de-piso-45x60-talla-m-para-mascotas-cuidado-interior-del-hogar-y-papel-regalo-102029225,Tapiz de Piso 45x60 Talla M para Mascotas Cuid...,RYBIU IMPORT,limpieza,79.9,200.0,False,60.05,https://www.plazavea.com.pe/tapiz-de-piso-45x60-talla-m-para-mascotas-cuidado-interior-del-hogar-y-papel-regalo-102029225/p,https://plazavea.vteximg.com.br/arquivos/ids/34501335-184-184/imageUrl_1.jpg?v=639131689891600000,2026-09-16 21:12:31
juego-organizador-aseo-4-piezas-negro-para-espacios-del-hogar-actual-plus-y-papel-regalo-102001945,Juego Organizador Aseo 4 Piezas Negro para Esp...,RYBIU IMPORT,limpieza,113.0,283.0,False,60.07,https://www.plazavea.com.pe/juego-organizador-aseo-4-piezas-negro-para-espacios-del-hogar-actual-plus-y-papel-regalo-102001945/p,https://plazavea.vteximg.com.br/arquivos/ids/34295174-184-184/imageUrl_1.jpg?v=639120637797970000,2026-09-16 21:12:31
pack6-modulo-organizador-aseo-4-piezas-negro-para-espacios-del-hogar-actual-plus-y-papel-regalo-102000970,Pack6 Modulo Organizador Aseo 4 Piezas Negro p...,RYBIU IMPORT,limpieza,647.0,1618.0,False,60.01,https://www.plazavea.com.pe/pack6-modulo-organizador-aseo-4-piezas-negro-para-espacios-del-hogar-actual-plus-y-papel-regalo-102000970/p,https://plazavea.vteximg.com.br/arquivos/ids/34290090-184-184/imageUrl_1.jpg?v=639120498002900000,2026-09-16 21:12:31
pack2-serie-organizadora-aseo-4-piezas-negro-para-espacios-del-hogar-actual-y-regalo-sticker-102000936,Pack2 Serie Organizadora Aseo 4 Piezas Negro p...,RYBIU IMPORT,limpieza,276.0,613.0,False,54.98,https://www.plazavea.com.pe/pack2-serie-organizadora-aseo-4-piezas-negro-para-espacios-del-hogar-actual-y-regalo-sticker-102000936/p,https://plazavea.vteximg.com.br/arquivos/ids/34289919-184-184/imageUrl_1.jpg?v=639120497244300000,2026-09-16 21:12:31
juego-organizador-aseo-4-piezas-plateado-para-espacios-del-hogar-actual-plus-y-papel-regalo-102000874,Juego Organizador Aseo 4 Piezas Plateado para ...,RYBIU IMPORT,limpieza,113.0,283.0,False,60.07,https://www.plazavea.com.pe/juego-organizador-aseo-4-piezas-plateado-para-espacios-del-hogar-actual-plus-y-papel-regalo-102000874/p,https://plazavea.vteximg.com.br/arquivos/ids/34289609-184-184/imageUrl_1.jpg?v=639120496109330000,2026-09-16 21:12:31
basculas-de-pesaje-del-hogar-digital-del-led-180-kg-a-pilas-balanza-101757367,Básculas De Pesaje Del Hogar Digital Del Led 1...,GENÉRICO,limpieza,32.0,65.0,False,50.77,https://www.plazavea.com.pe/basculas-de-pesaje-del-hogar-digital-del-led-180-kg-a-pilas-balanza-101757367/p,https://plazavea.vteximg.com.br/arquivos/ids/32892963-184-184/image-0.jpg?v=638979717269000000,2026-09-16 21:12:31
basculas-de-pesaje-del-hogar-digital-del-led-180-kg-recargable-balanza-101757240,Básculas de Pesaje Del Hogar Digital del Led 1...,GENÉRICO,limpieza,39.0,50.0,False,22.0,https://www.plazavea.com.pe/basculas-de-pesaje-del-hogar-digital-del-led-180-kg-recargable-balanza-101757240/p,https://plazavea.vteximg.com.br/arquivos/ids/32891605-184-184/image-0.jpg?v=638979716457400000,2026-09-16 21:12:31
removedor-de-callos-cuidado-de-pies-recargable-101632817,Removedor de Callos Cuidado de Pies recargable,GENÉRICO,limpieza,89.0,89.0,False,0.0,https://www.plazavea.com.pe/removedor-de-callos-cuidado-de-pies-recargable-101632817/p,https://plazavea.vteximg.com.br/arquivos/ids/32159986-184-184/imageUrl_1.jpg?v=638936875830300000,2026-09-16 21:12:31
filtro-purificador-de-agua-pura-para-ducha-elimina-cloro-piel-y-cabello-suave-y-brillo-101630827,PURA Beauty Ducha - Filtro Anticloro Purificad...,PURA,limpieza,109.9,270.0,False,59.3,https://www.plazavea.com.pe/filtro-purificador-de-agua-pura-para-ducha-elimina-cloro-piel-y-cabello-suave-y-brillo-101630827/p,https://plazavea.vteximg.com.br/arquivos/ids/32784982-184-184/Image-1.jpg?v=638972631481500000,2026-09-16 21:12:31
basculas-de-pesaje-del-hogar-digital-del-led-180-kg-recargable-balanza-101564168,Básculas de Pesaje Del Hogar Digital del Led 1...,GENÉRICO,limpieza,58.0,68.0,False,14.71,https://www.plazavea.com.pe/basculas-de-pesaje-del-hogar-digital-del-led-180-kg-recargable-balanza-101564168/p,https://plazavea.vteximg.com.br/arquivos/ids/31847389-184-184/image-bc7fff49d9cc4f7f97acfec75ca3f913.jpg?v=638901861761100000,2026-09-16 21:12:31
basculas-de-pesaje-del-hogar-digital-del-led-180-kg-a-pilas-balanza-101564164,Básculas De Pesaje Del Hogar Digital Del Led 1...,GENÉRICO,limpieza,32.0,65.0,False,50.77,https://www.plazavea.com.pe/basculas-de-pesaje-del-hogar-digital-del-led-180-kg-a-pilas-balanza-101564164/p,https://plazavea.vteximg.com.br/arquivos/ids/31847352-184-184/image-36fcd6a8306d4b32b29ee35685a5e225.jpg?v=638901861594130000,2026-09-16 21:12:31
pack-cuidado-para-orquideas-con-pocas-raices-101261658,Pack Recuperación,GREEN SUPPLY,limpieza,101.0,101.0,False,0.0,https://www.plazavea.com.pe/pack-cuidado-para-orquideas-con-pocas-raices-101261658/p,https://plazavea.vteximg.com.br/arquivos/ids/33535758-184-184/Image-1.jpg?v=639051270260470000,2026-09-16 21:12:31
pack-basico-varias-plantas-cleanim-250-ml-fertialga-1-lt-pulverizador-100986767,Pack Básico Varias Plantas,GREEN SUPPLY,limpieza,149.0,149.0,False,0.0,https://www.plazavea.com.pe/pack-basico-varias-plantas-cleanim-250-ml-fertialga-1-lt-pulverizador-100986767/p,https://plazavea.vteximg.com.br/arquivos/ids/33536515-184-184/Image-1.jpg?v=639051318284700000,2026-09-16 21:12:31
pack-basico-pocas-plantas-cleanim-ready-600-ml-fertialga-250-ml-100986766,Pack Básico Pocas Plantas,GREEN SUPPLY,limpieza,62.0,62.0,False,0.0,https://www.plazavea.com.pe/pack-basico-pocas-plantas-cleanim-ready-600-ml-fertialga-250-ml-100986766/p,https://plazavea.vteximg.com.br/arquivos/ids/33536482-184-184/Image-1.jpg?v=639051305501130000,2026-09-16 21:12:31
set-cuidado-personal-eos-vanilla-cashmere-101977514,SET CUIDADO PERSONAL EOS | VANILLA CASHMERE,EOS,cuidado-personal,379.0,509.0,False,25.54,https://www.plazavea.com.pe/set-cuidado-personal-eos-vanilla-cashmere-101977514/p,https://plazavea.vteximg.com.br/arquivos/ids/34168537-184-184/imageUrl_1.jpg?v=639100154117800000,2026-09-16 21:13:17
secadora-de-cabello-siegen-sgb3160-blanco,Secadora de Cabello SIEGEN SG-B3160 Blanco,SIEGEN,cuidado-personal,369.0,699.0,False,47.21,https://www.plazavea.com.pe/secadora-de-cabello-siegen-sgb3160-blanco/p,https://plazavea.vteximg.com.br/arquivos/ids/31671113-184-184/20504286.jpg?v=638875354354570000,2026-09-16 21:13:17
protector-solar-corporal-eucerin-crema-gel-toque-seco-fps-50-tubo-200-ml-100209657,Protector Solar Corporal Eucerin Crema-Gel Toq...,EUCERIN,cuidado-personal,172.9,172.9,True,0.0,https://www.plazavea.com.pe/protector-solar-corporal-eucerin-crema-gel-toque-seco-fps-50-tubo-200-ml-100209657/p,https://plazavea.vteximg.com.br/arquivos/ids/7168169-184-184/imageUrl_1.jpg?v=637813597265170000,2026-09-16 21:13:17
crema-corporal-eucerin-reparadora-ph5-pote-450-ml-100208638,Crema Corporal Eucerin Reparadora pH5 - Pote 4...,EUCERIN,cuidado-personal,152.5,152.5,True,0.0,https://www.plazavea.com.pe/crema-corporal-eucerin-reparadora-ph5-pote-450-ml-100208638/p,https://plazavea.vteximg.com.br/arquivos/ids/7167049-184-184/imageUrl_1.jpg?v=637813596130500000,2026-09-16 21:13:17
protector-solar-corporal-spray-eucerin-transparente-sensitive-protect-seco-fps-50-frasco-200-ml-100208529,Protector Solar Corporal Spray Eucerin Transpa...,EUCERIN,cuidado-personal,159.5,159.5,True,0.0,https://www.plazavea.com.pe/protector-solar-corporal-spray-eucerin-transparente-sensitive-protect-seco-fps-50-frasco-200-ml-100208529/p,https://plazavea.vteximg.com.br/arquivos/ids/7166936-184-184/imageUrl_1.jpg?v=637813596057470000,2026-09-16 21:13:17
acniben-limpiador-purificante-isdin-teen-skin-frasco-150-ml-100208349,Acniben Limpiador Purificante Isdin Teen Skin ...,ISDIN,cuidado-personal,59.9,59.9,True,0.0,https://www.plazavea.com.pe/acniben-limpiador-purificante-isdin-teen-skin-frasco-150-ml-100208349/p,https://plazavea.vteximg.com.br/arquivos/ids/7166751-184-184/imageUrl_1.jpg?v=637813595938370000,2026-09-16 21:13:17
mochila-de-emergencia-naranja-botiquin-100139165,Mochila de Emergencia Naranja + Botiquín,SASARU IMPORTACIONES,cuidado-personal,69.9,139.8,False,50.0,https://www.plazavea.com.pe/mochila-de-emergencia-naranja-botiquin-100139165/p,https://plazavea.vteximg.com.br/arquivos/ids/2552691-184-184/image-0fc5d15a95524126bb9468dc4f0bbb41.jpg?v=637692226472800000,2026-09-16 21:13:17
combo-salud-mochila-para-emergencia-naranja-botiquin-100122165,Combo Salud Mochila para Emergencia Naranja + ...,SASARU IMPORTACIONES,cuidado-personal,69.9,139.9,False,50.04,https://www.plazavea.com.pe/combo-salud-mochila-para-emergencia-naranja-botiquin-100122165/p,https://plazavea.vteximg.com.br/arquivos/ids/2288730-184-184/image-f31c910eeb0b432e97f765d9408fc6ef.jpg?v=637655189050700000,2026-09-16 21:13:17
mochila-de-emergencia-30lt-cinta-reflectiva-101197649,Mochila De Emergencia 30Lt Cinta Reflectiva,GENÉRICO,cuidado-personal,71.0,99.0,False,28.28,https://www.plazavea.com.pe/mochila-de-emergencia-30lt-cinta-reflectiva-101197649/p,https://plazavea.vteximg.com.br/arquivos/ids/30258791-184-184/image-4715e2e126b54eccaf5b3e8d3861282c.jpg?v=638682528972300000,2026-09-16 21:13:17
mochila-de-emergencia-naranja-101089166,Mochila de Emergencia Naranja,GENÉRICO,cuidado-personal,59.99,99.9,False,39.95,https://www.plazavea.com.pe/mochila-de-emergencia-naranja-101089166/p,https://plazavea.vteximg.com.br/arquivos/ids/29302856-184-184/image-66078f4f17b34f7b8999c6a9b7afca27.jpg?v=638580668644800000,2026-09-16 21:13:17
mochila-de-emergencia-roja-101089164,Mochila de Emergencia Roja,GENÉRICO,cuidado-personal,59.99,79.9,False,24.92,https://www.plazavea.com.pe/mochila-de-emergencia-roja-101089164/p,https://plazavea.vteximg.com.br/arquivos/ids/29302857-184-184/image-5f868f9848e94ffeab9527c57ba96e38.jpg?v=638580668644970000,2026-09-16 21:13:17
mochila-de-emergencia-familiar-3-4-personas-101689750,Mochila de emergencia FAMILIAR (3-4 personas),EMERGENCY KIT PERÚ,cuidado-personal,200.0,250.0,False,20.0,https://www.plazavea.com.pe/mochila-de-emergencia-familiar-3-4-personas-101689750/p,https://plazavea.vteximg.com.br/arquivos/ids/32452840-184-184/imageUrl_1.jpg?v=638952429766230000,2026-09-16 21:13:17
mochila-de-emergencia-basica-1-2-personas-101689747,Mochila de emergencia BÁSICA (1-2 personas),EMERGENCY KIT PERÚ,cuidado-personal,160.0,200.0,False,20.0,https://www.plazavea.com.pe/mochila-de-emergencia-basica-1-2-personas-101689747/p,https://plazavea.vteximg.com.br/arquivos/ids/32452819-184-184/imageUrl_1.jpg?v=638952429764070000,2026-09-16 21:13:17
mochila-de-emergencia-familiar-plus-5-6-personas-101689763,Mochila de emergencia FAMILIAR PLUS (5-6 perso...,EMERGENCY KIT PERÚ,cuidado-personal,256.0,320.0,False,20.0,https://www.plazavea.com.pe/mochila-de-emergencia-familiar-plus-5-6-personas-101689763/p,https://plazavea.vteximg.com.br/arquivos/ids/32452903-184-184/imageUrl_1.jpg?v=638952429772970000,2026-09-16 21:13:17
shakra-vitamina-b12-5000mcg-240-capsulas-101930436,Shakra Vitamina B12 5000mcg 240 Capsulas,SHAKRA,cuidado-personal,80.0,125.0,False,36.0,https://www.plazavea.com.pe/shakra-vitamina-b12-5000mcg-240-capsulas-101930436/p,https://plazavea.vteximg.com.br/arquivos/ids/33929222-184-184/imageUrl_1.jpg?v=639073370302970000,2026-09-16 21:13:17
shakra-rhodiola-rosea-60-capsulas-101983356,SHAKRA RHODIOLA ROSEA 60 CAPSULAS,SHAKRA,cuidado-personal,55.0,115.0,False,52.17,https://www.plazavea.com.pe/shakra-rhodiola-rosea-60-capsulas-101983356/p,https://plazavea.vteximg.com.br/arquivos/ids/34201483-184-184/imageUrl_1.jpg?v=639102746414500000,2026-09-16 21:13:17
shakra-zinc-carnosine-86-mg-120-capsules-102110044,Shakra Zinc Carnosine 86 mg 120 Capsules,SHAKRA,cuidado-personal,74.0,145.0,False,48.97,https://www.plazavea.com.pe/shakra-zinc-carnosine-86-mg-120-capsules-102110044/p,https://plazavea.vteximg.com.br/arquivos/ids/34933262-184-184/imageUrl_1.jpg?v=639168410933130000,2026-09-16 21:13:17
shakra-boric-acid-suppository-supositorio-de-acido-borico-102109577,Shakra Boric Acid Suppository Supositorio de á...,SHAKRA,cuidado-personal,57.0,99.0,False,42.42,https://www.plazavea.com.pe/shakra-boric-acid-suppository-supositorio-de-acido-borico-102109577/p,https://plazavea.vteximg.com.br/arquivos/ids/34931247-184-184/imageUrl_1.jpg?v=639168410071200000,2026-09-16 21:13:17
shakra-coq10-200-mg-60-capsulas-101982927,SHAKRA COQ10 200 MG 60 CAPSULAS,SHAKRA,cuidado-personal,75.0,125.0,False,40.0,https://www.plazavea.com.pe/shakra-coq10-200-mg-60-capsulas-101982927/p,https://plazavea.vteximg.com.br/arquivos/ids/35765660-184-184/Image-1.jpg?v=639226689314700000,2026-09-16 21:13:17
nordic-naturals-childrens-dha-extra-omega-3-60-ml-101918169,Nordic Naturals Childrens DHA Extra Omega-3 - ...,NORDIC NATURALS,cuidado-personal,229.0,329.0,False,30.4,https://www.plazavea.com.pe/nordic-naturals-childrens-dha-extra-omega-3-60-ml-101918169/p,https://plazavea.vteximg.com.br/arquivos/ids/33848206-184-184/imageUrl_1.jpg?v=639068761160600000,2026-09-16 21:13:17
nordic-naturals-ultimate-omega-2840mg-omega-3-premium-epa-dha-237ml-sabor-limon-101966815,Nordic Naturals Ultimate Omega 2840mg Omega 3 ...,NORDIC NATURALS,cuidado-personal,429.0,549.0,False,21.86,https://www.plazavea.com.pe/nordic-naturals-ultimate-omega-2840mg-omega-3-premium-epa-dha-237ml-sabor-limon-101966815/p,https://plazavea.vteximg.com.br/arquivos/ids/34111587-184-184/imageUrl_1.jpg?v=639093242652470000,2026-09-16 21:13:17
mutant-mass-de-5lb-vainilla-ganador-masa-101750310,MUTANT MASS DE 5LB VAINILLA - GANADOR MASA,MUTANT,cuidado-personal,164.0,599.0,False,72.62,https://www.plazavea.com.pe/mutant-mass-de-5lb-vainilla-ganador-masa-101750310/p,https://plazavea.vteximg.com.br/arquivos/ids/32852222-184-184/image-0.jpg?v=638977897991630000,2026-09-16 21:13:17
creatina-applied-nutrition-1-kg-micronizada-200-servicios-101670545,Creatina Applied Nutrition 1 kg - Creatina Mon...,APPLIED NUTRITION,cuidado-personal,159.9,319.9,False,50.02,https://www.plazavea.com.pe/creatina-applied-nutrition-1-kg-micronizada-200-servicios-101670545/p,https://plazavea.vteximg.com.br/arquivos/ids/34826456-184-184/Image-1.png?v=639161886617430000,2026-09-16 21:13:17
proteina-vegana-critical-plant-protein-1-8-kg-chocolate-101670215,Proteína Vegana Critical Plant Protein 1.8 kg ...,APPLIED NUTRITION,cuidado-personal,179.0,259.0,False,30.89,https://www.plazavea.com.pe/proteina-vegana-critical-plant-protein-1-8-kg-chocolate-101670215/p,https://plazavea.vteximg.com.br/arquivos/ids/32354188-184-184/imageUrl_1.jpg?v=638944655936500000,2026-09-16 21:13:17
vitamina-d3-k2-capsulas-blandas-300-capsulas-100948865,Vitamina D3 + K2 Capsulas Blandas 300 Capsulas,MICROINGREDIENTS,cuidado-personal,219.0,299.0,False,26.76,https://www.plazavea.com.pe/vitamina-d3-k2-capsulas-blandas-300-capsulas-100948865/p,https://plazavea.vteximg.com.br/arquivos/ids/28719720-184-184/imageUrl_1.jpg?v=638423450352770000,2026-09-16 21:13:17
hgh-releasing-xtralife-natural-products-120-tabletas-100472355,Hgh Releasing - Xtralife Natural Products - 12...,XTRALIFE NATURAL PRODUCTS,cuidado-personal,164.9,195.0,False,15.44,https://www.plazavea.com.pe/hgh-releasing-xtralife-natural-products-120-tabletas-100472355/p,https://plazavea.vteximg.com.br/arquivos/ids/34867653-184-184/Image-1.jpg?v=639165036563230000,2026-09-16 21:13:17
nordic-naturals-ultimate-omega-2x-2150mg-epa-dha-90-softgels-102026747,Nordic Naturals Ultimate Omega 2X 2150mg EPA D...,NORDIC NATURALS,cuidado-personal,419.0,499.0,False,16.03,https://www.plazavea.com.pe/nordic-naturals-ultimate-omega-2x-2150mg-epa-dha-90-softgels-102026747/p,https://plazavea.vteximg.com.br/arquivos/ids/34488491-184-184/imageUrl_1.jpg?v=639131259491430000,2026-09-16 21:13:17
universe-nutrition-iso-whey-90-5-kg-chocolate-shaker-102026156,UNIVERSE NUTRITION ISO WHEY 90 5 KG. CHOCOLATE...,UNIVERSE NUTRITION,cuidado-personal,379.9,409.9,False,7.32,https://www.plazavea.com.pe/universe-nutrition-iso-whey-90-5-kg-chocolate-shaker-102026156/p,https://plazavea.vteximg.com.br/arquivos/ids/34485183-184-184/imageUrl_1.jpg?v=639130970181870000,2026-09-16 21:13:17
universe-nutrition-iso-whey-90-5-kg-vainilla-shaker-102023767,UNIVERSE NUTRITION ISO WHEY 90 5 KG. VAINILLA ...,UNIVERSE NUTRITION,cuidado-personal,379.9,409.9,False,7.32,https://www.plazavea.com.pe/universe-nutrition-iso-whey-90-5-kg-vainilla-shaker-102023767/p,https://plazavea.vteximg.com.br/arquivos/ids/34451717-184-184/imageUrl_1.jpg?v=639130717724370000,2026-09-16 21:13:17
whey-pro-5-kg-chocolate-y-creatina-un-150-gr-y-shaker-101978615,WHEY PRO 5 KG CHOCOLATE Y CREATINA UN 150 GR Y...,UNIVERSE NUTRITION,cuidado-personal,169.9,209.9,False,19.06,https://www.plazavea.com.pe/whey-pro-5-kg-chocolate-y-creatina-un-150-gr-y-shaker-101978615/p,https://plazavea.vteximg.com.br/arquivos/ids/34173836-184-184/imageUrl_1.jpg?v=639100479067430000,2026-09-16 21:13:17
whey-pro-3-kg-vainilla-101978485,WHEY PRO 3 KG VAINILLA,UNIVERSE NUTRITION,cuidado-personal,99.0,139.0,False,28.78,https://www.plazavea.com.pe/whey-pro-3-kg-vainilla-101978485/p,https://plazavea.vteximg.com.br/arquivos/ids/34173444-184-184/imageUrl_1.jpg?v=639100478382000000,2026-09-16 21:13:17
whey-pro-1-1-kg-y-creatina-un-250-gramos-101971225,WHEY PRO 1.1 KG VAINILLA Y CREATINA UN 250 GRA...,UNIVERSE NUTRITION,cuidado-personal,83.5,119.9,False,30.36,https://www.plazavea.com.pe/whey-pro-1-1-kg-y-creatina-un-250-gramos-101971225/p,https://plazavea.vteximg.com.br/arquivos/ids/34132690-184-184/imageUrl_1.jpg?v=639095149297300000,2026-09-16 21:13:17
whey-pro-1-1-kg-y-creatina-250-gramos-101971223,WHEY PRO 1 KG CHOCOLATE Y CREATINA 250 GRAMOS,UNIVERSE NUTRITION,cuidado-personal,83.9,119.9,False,30.03,https://www.plazavea.com.pe/whey-pro-1-1-kg-y-creatina-250-gramos-101971223/p,https://plazavea.vteximg.com.br/arquivos/ids/34132692-184-184/imageUrl_1.jpg?v=639095149297430000,2026-09-16 21:13:17
whey-pro-1-1-kg-vainilla-101971035,WHEY PRO 1.1 KG VAINILLA,UNIVERSE NUTRITION,cuidado-personal,49.9,99.0,False,49.6,https://www.plazavea.com.pe/whey-pro-1-1-kg-vainilla-101971035/p,https://plazavea.vteximg.com.br/arquivos/ids/34131863-184-184/imageUrl_1.jpg?v=639094970923530000,2026-09-16 21:13:17
proteina-gold-standard-isolate-5lb-chocolate-optimum-nutrition-101791409,Proteína Gold standard isolate 5lb Chocolate O...,OPTIMUM NUTRITION,cuidado-personal,529.0,610.0,False,13.28,https://www.plazavea.com.pe/proteina-gold-standard-isolate-5lb-chocolate-optimum-nutrition-101791409/p,https://plazavea.vteximg.com.br/arquivos/ids/33043188-184-184/imageUrl_1.jpg?v=638993018287970000,2026-09-16 21:13:17
proteina-whey-pro-5kg-chocolate-universe-nutrition-y-shaker-101769079,Proteína Whey Pro 5kg Chocolate Universe Nutri...,UNIVERSE NUTRITION,cuidado-personal,138.0,175.0,False,21.14,https://www.plazavea.com.pe/proteina-whey-pro-5kg-chocolate-universe-nutrition-y-shaker-101769079/p,https://plazavea.vteximg.com.br/arquivos/ids/32949837-184-184/imageUrl_1.jpg?v=638983945003470000,2026-09-16 21:13:17
calmano-6-pack-capsulas-para-varices-y-hemorroides-101679450,CALMANO - 6 pack - CAPSULAS para VARICES y HEM...,CALMANO,cuidado-personal,382.0,894.0,False,57.27,https://www.plazavea.com.pe/calmano-6-pack-capsulas-para-varices-y-hemorroides-101679450/p,https://plazavea.vteximg.com.br/arquivos/ids/32399290-184-184/imageUrl_1.jpg?v=638948971589670000,2026-09-16 21:13:17
calmano-capsulas-pack-x-3-calmano-crema-pack-x-3-101679449,CALMANO capsulas pack x 3 + CALMANO crema pack...,CALMANO,cuidado-personal,382.0,894.0,False,57.27,https://www.plazavea.com.pe/calmano-capsulas-pack-x-3-calmano-crema-pack-x-3-101679449/p,https://plazavea.vteximg.com.br/arquivos/ids/32399281-184-184/imageUrl_1.jpg?v=638948971589030000,2026-09-16 21:13:17
iso-whey-90-3-kg-sabor-chocolate-100-creatina-un-250-gr-shaker-101670319,Iso Whey 90 2.5 kg Sabor Chocolate Con Creatin...,UNIVERSE NUTRITION,cuidado-personal,279.0,359.0,False,22.28,https://www.plazavea.com.pe/iso-whey-90-3-kg-sabor-chocolate-100-creatina-un-250-gr-shaker-101670319/p,https://plazavea.vteximg.com.br/arquivos/ids/34726644-184-184/Image-1.png?v=639150680058600000,2026-09-16 21:13:17
erectmax-extracto-de-malta-30-capsulas-101545512,Erectmax Extracto De Malta 30 capsulas,GENÉRICO,cuidado-personal,51.0,91.0,False,43.96,https://www.plazavea.com.pe/erectmax-extracto-de-malta-30-capsulas-101545512/p,https://plazavea.vteximg.com.br/arquivos/ids/31772558-184-184/imageUrl_1.jpg?v=638882453582870000,2026-09-16 21:13:17
silver-women-50-200-tabletas-centrum-101483975,Silver Women 50+ (200 Tabletas) - Centrum,GENÉRICO,cuidado-personal,194.9,250.0,False,22.04,https://www.plazavea.com.pe/silver-women-50-200-tabletas-centrum-101483975/p,https://plazavea.vteximg.com.br/arquivos/ids/31516065-184-184/imageUrl_1.jpg?v=638858252442030000,2026-09-16 21:13:17
melatonina-complex-5mg-100-cap-dermo-sumak-2-und-101456126,Melatonina Complex 5mg 100 Cap Dermo Sumak 2 u...,DERMO SUMAK,cuidado-personal,87.9,180.0,False,51.17,https://www.plazavea.com.pe/melatonina-complex-5mg-100-cap-dermo-sumak-2-und-101456126/p,https://plazavea.vteximg.com.br/arquivos/ids/31400727-184-184/imageUrl_1.jpg?v=638840972096200000,2026-09-16 21:13:17
myo-inositol-d-chiro-inositol-2050mg-en-polvo-61-8-g-101244240,Myo-inositol & D-chiro Inositol 2050mg en polv...,GENÉRICO,cuidado-personal,199.0,289.0,False,31.14,https://www.plazavea.com.pe/myo-inositol-d-chiro-inositol-2050mg-en-polvo-61-8-g-101244240/p,https://plazavea.vteximg.com.br/arquivos/ids/30579718-184-184/imageUrl_1.jpg?v=638749387493230000,2026-09-16 21:13:17
myo-inositol-d-chiro-inositol-pastillas-apoyo-mujer-120-capsulas-intimate-rose-100945058,Pastillas Apoyo Mujer 120 capsulas  INTIMATE R...,INTIMATE ROSE,cuidado-personal,189.0,269.0,False,29.74,https://www.plazavea.com.pe/myo-inositol-d-chiro-inositol-pastillas-apoyo-mujer-120-capsulas-intimate-rose-100945058/p,https://plazavea.vteximg.com.br/arquivos/ids/33077332-184-184/Image-1.jpg?v=638996200904630000,2026-09-16 21:13:17
zeaxan-3-pack-cuidado-para-tu-salud-ocular-100860805,Zeaxan 3 Pack Cuidado para Tu Salud Ocular,ZEAXAN,cuidado-personal,267.0,447.0,False,40.27,https://www.plazavea.com.pe/zeaxan-3-pack-cuidado-para-tu-salud-ocular-100860805/p,https://plazavea.vteximg.com.br/arquivos/ids/27843690-184-184/image-286d6321c5e0449b98cfa69b1616e46b.jpg?v=638336105189530000,2026-09-16 21:13:17
afeitadora-siegen-sg8300c01-negro-20570731,Afeitadora SIEGEN SG-8300C01 Negro,SIEGEN,cuidado-personal,89.0,139.0,False,35.97,https://www.plazavea.com.pe/afeitadora-siegen-sg8300c01-negro-20570731/p,https://plazavea.vteximg.com.br/arquivos/ids/34476702-184-184/20570731.jpg?v=639130841196200000,2026-09-16 21:13:17
afeitadora-siegen-sg7225-plateado-20570728,Afeitadora SIEGEN SG-7225 Plateado,SIEGEN,cuidado-personal,129.0,229.0,False,43.67,https://www.plazavea.com.pe/afeitadora-siegen-sg7225-plateado-20570728/p,https://plazavea.vteximg.com.br/arquivos/ids/34476715-184-184/20570728.jpg?v=639130841282370000,2026-09-16 21:13:17
protector-de-cama-secos-extra-grande-100208999,Protector de Cama Secos Extra Grande,SECOS,cuidado-personal,21.5,21.5,False,0.0,https://www.plazavea.com.pe/protector-de-cama-secos-extra-grande-100208999/p,https://plazavea.vteximg.com.br/arquivos/ids/7167502-184-184/imageUrl_1.jpg?v=637813596691970000,2026-09-16 21:13:17
hairex-para-caida-de-cabello-3-pack-100882427,HAIREX para Caida de Cabello 3 Pack,GENÉRICO,cuidado-personal,267.0,447.0,False,40.27,https://www.plazavea.com.pe/hairex-para-caida-de-cabello-3-pack-100882427/p,https://plazavea.vteximg.com.br/arquivos/ids/28311359-184-184/imageUrl_1.jpg?v=638351688252630000,2026-09-16 21:13:17
magnesol-polvo-efervescente-naranja-100509696,"Magnesol Polvo Efervescente, Naranja",GENÉRICO,cuidado-personal,34.32,34.32,True,0.0,https://www.plazavea.com.pe/magnesol-polvo-efervescente-naranja-100509696/p,https://plazavea.vteximg.com.br/arquivos/ids/19702270-184-184/imageUrl_1.jpg?v=638013657857100000,2026-09-16 21:13:17
talco-para-bebes-ninet-frasco-200-g-100283529,Talco para Bebés Ninet - Frasco 200 G,NINET,cuidado-personal,18.5,18.5,False,0.0,https://www.plazavea.com.pe/talco-para-bebes-ninet-frasco-200-g-100283529/p,https://plazavea.vteximg.com.br/arquivos/ids/8270887-184-184/image-551f8c74e4da4118bd38a8f70a2a2f17.jpg?v=638834405499000000,2026-09-16 21:13:43
suero-hidratante-hydrabio-serum-bioderma-frasco-40-ml-100209499,Suero Hidratante Hydrabio Sérum Bioderma - Fra...,HYDRABIO,cuidado-personal,159.9,159.9,False,0.0,https://www.plazavea.com.pe/suero-hidratante-hydrabio-serum-bioderma-frasco-40-ml-100209499/p,https://plazavea.vteximg.com.br/arquivos/ids/7168007-184-184/imageUrl_1.jpg?v=637813597028500000,2026-09-16 21:13:43
gel-shampoo-isdin-baby-naturals-frasco-400-ml-100209476,Gel Shampoo ISDIN Baby Naturals - Frasco 400 M...,ISDIN,cuidado-personal,84.9,84.9,True,0.0,https://www.plazavea.com.pe/gel-shampoo-isdin-baby-naturals-frasco-400-ml-100209476/p,https://plazavea.vteximg.com.br/arquivos/ids/7167985-184-184/imageUrl_1.jpg?v=637813597014730000,2026-09-16 21:13:43
protector-mamario-babyma-100208986,Protector Mamario Babyma,BABYMA,cuidado-personal,15.9,15.9,True,0.0,https://www.plazavea.com.pe/protector-mamario-babyma-100208986/p,https://plazavea.vteximg.com.br/arquivos/ids/7167489-184-184/imageUrl_1.jpg?v=637813596678330000,2026-09-16 21:13:43
gel-de-ducha-eucerin-ph5-syndet-frasco-400-ml-100208883,Gel de Ducha Eucerin pH5 Syndet - Frasco 400 M...,EUCERIN,cuidado-personal,118.5,118.5,True,0.0,https://www.plazavea.com.pe/gel-de-ducha-eucerin-ph5-syndet-frasco-400-ml-100208883/p,https://plazavea.vteximg.com.br/arquivos/ids/7167385-184-184/imageUrl_1.jpg?v=637813596385430000,2026-09-16 21:13:43
fortalecedor-de-unas-isdin-si-nails-caja-1-un-100208627,Fortalecedor de Uñas Isdin Si-Nails - Caja 1 U...,ISDIN,cuidado-personal,119.9,119.9,False,0.0,https://www.plazavea.com.pe/fortalecedor-de-unas-isdin-si-nails-caja-1-un-100208627/p,https://plazavea.vteximg.com.br/arquivos/ids/7167038-184-184/imageUrl_1.jpg?v=637813596123300000,2026-09-16 21:13:43
foaming-cream-bioderma-pigmentbio-gel-frasco-500-ml-100208317,Foaming Cream Bioderma Pigmentbio Gel - Frasco...,BIODERMA,cuidado-personal,159.9,159.9,True,0.0,https://www.plazavea.com.pe/foaming-cream-bioderma-pigmentbio-gel-frasco-500-ml-100208317/p,https://plazavea.vteximg.com.br/arquivos/ids/7166719-184-184/imageUrl_1.jpg?v=637813595918500000,2026-09-16 21:13:43
cicaplast-labios-balsamo-reparador-7-5ml-la-roche-posay-barra-8-ml-100208268,Cicaplast Labios Bálsamo Reparador 7.5ml La Ro...,LA ROCHE-POSAY,cuidado-personal,51.9,51.9,True,0.0,https://www.plazavea.com.pe/cicaplast-labios-balsamo-reparador-7-5ml-la-roche-posay-barra-8-ml-100208268/p,https://plazavea.vteximg.com.br/arquivos/ids/7166668-184-184/imageUrl_1.jpg?v=637813595887400000,2026-09-16 21:13:43
shampoo-amaras-reparacion-divina-frasco-700ml-20284473,Shampoo AMARÁS Reparación Divina Frasco 700ml,AMARAS,cuidado-personal,24.5,24.5,False,0.0,https://www.plazavea.com.pe/shampoo-amaras-reparacion-divina-frasco-700ml-20284473/p,https://plazavea.vteximg.com.br/arquivos/ids/20464129-184-184/20284473.jpg?v=638024548044870000,2026-09-16 21:13:43
acondicionador-amaras-reparacion-divina-frasco-475ml,Acondicionador AMARÁS Reparación Divina Frasco...,AMARAS,cuidado-personal,17.9,17.9,False,0.0,https://www.plazavea.com.pe/acondicionador-amaras-reparacion-divina-frasco-475ml/p,https://plazavea.vteximg.com.br/arquivos/ids/20463743-184-184/20284466.jpg?v=638024547543170000,2026-09-16 21:13:43
shampoo-amaras-diosa-rulosa-frasco-700ml,Shampoo AMARÁS Diosa Rulosa Frasco 700ml,AMARAS,cuidado-personal,24.5,24.5,False,0.0,https://www.plazavea.com.pe/shampoo-amaras-diosa-rulosa-frasco-700ml/p,https://plazavea.vteximg.com.br/arquivos/ids/20464161-184-184/20284462.jpg?v=638024548081270000,2026-09-16 21:13:43
acondicionador-amaras-diosa-rulosa-frasco-475ml,Acondicionador AMARÁS Diosa Rulosa Frasco 475m...,AMARAS,cuidado-personal,17.9,17.9,False,0.0,https://www.plazavea.com.pe/acondicionador-amaras-diosa-rulosa-frasco-475ml/p,https://plazavea.vteximg.com.br/arquivos/ids/20463792-184-184/20284454.jpg?v=638024547643330000,2026-09-16 21:13:43
shampoo-amaras-reparacion-divina-frasco-400ml,Shampoo AMARÁS Reparación Divina Frasco 400ml,AMARAS,cuidado-personal,14.9,14.9,False,0.0,https://www.plazavea.com.pe/shampoo-amaras-reparacion-divina-frasco-400ml/p,https://plazavea.vteximg.com.br/arquivos/ids/20464166-184-184/20284456.jpg?v=638024548116500000,2026-09-16 21:13:43
shampoo-amaras-bendito-clima-de-lima-frasco-400ml,Shampoo AMARÁS Bendito Clima de Lima Frasco 40...,AMARAS,cuidado-personal,14.9,14.9,False,0.0,https://www.plazavea.com.pe/shampoo-amaras-bendito-clima-de-lima-frasco-400ml/p,https://plazavea.vteximg.com.br/arquivos/ids/20464062-184-184/20284463.jpg?v=638024547973200000,2026-09-16 21:13:43
shakra-l-teanina-200mg-240-capsulas-101930577,Shakra L-Teanina 200mg 240 Capsulas,SHAKRA,cuidado-personal,84.0,101.0,False,16.83,https://www.plazavea.com.pe/shakra-l-teanina-200mg-240-capsulas-101930577/p,https://plazavea.vteximg.com.br/arquivos/ids/33929654-184-184/imageUrl_1.jpg?v=639073370415400000,2026-09-16 21:13:43
secador-alisador-siegen-sgb500-blanco-20570733,Secador Alisador SIEGEN SG-B500 Blanco,SIEGEN,cuidado-personal,999.0,999.0,False,0.0,https://www.plazavea.com.pe/secador-alisador-siegen-sgb500-blanco-20570733/p,https://plazavea.vteximg.com.br/arquivos/ids/34476739-184-184/20570733.jpg?v=639130841428330000,2026-09-16 21:13:43
corta-pelo-y-afeitadora-siegen-sg8440c01-plateado-oscuro-20570735,Corta pelo y Afeitadora SIEGEN SG-8440C01 Plat...,SIEGEN,cuidado-personal,299.0,299.0,False,0.0,https://www.plazavea.com.pe/corta-pelo-y-afeitadora-siegen-sg8440c01-plateado-oscuro-20570735/p,https://plazavea.vteximg.com.br/arquivos/ids/34476685-184-184/20570735.jpg?v=639130841129630000,2026-09-16 21:13:43
afeitadora-siegen-2en1-sg7215-negro-20570734,Afeitadora SIEGEN 2en1 SG-7215 Negro,SIEGEN,cuidado-personal,79.0,129.0,False,38.76,https://www.plazavea.com.pe/afeitadora-siegen-2en1-sg7215-negro-20570734/p,https://plazavea.vteximg.com.br/arquivos/ids/34476728-184-184/20570734.jpg?v=639130841350970000,2026-09-16 21:13:43
corta-pelo-siegen-clipper-sg8700-plateado-20570730,Corta Pelo SIEGEN Clipper SG-8700 Plateado,SIEGEN,cuidado-personal,229.0,349.0,False,34.38,https://www.plazavea.com.pe/corta-pelo-siegen-clipper-sg8700-plateado-20570730/p,https://plazavea.vteximg.com.br/arquivos/ids/34476671-184-184/20570730.jpg?v=639130841068700000,2026-09-16 21:13:43
corta-pelo-siegen-sg8200c01-gris-oscuro-20570732,Corta Pelo SIEGEN SG-8200C01 Gris Oscuro,SIEGEN,cuidado-personal,49.0,99.0,False,50.51,https://www.plazavea.com.pe/corta-pelo-siegen-sg8200c01-gris-oscuro-20570732/p,https://plazavea.vteximg.com.br/arquivos/ids/34476656-184-184/20570732.jpg?v=639130841003800000,2026-09-16 21:13:43
corta-pelo-siegen-multistyler-sg8555-plata-con-gris-20570729,Corta Pelo SIEGEN Multistyler SG-8555 Plata co...,SIEGEN,cuidado-personal,129.0,199.0,False,35.18,https://www.plazavea.com.pe/corta-pelo-siegen-multistyler-sg8555-plata-con-gris-20570729/p,https://plazavea.vteximg.com.br/arquivos/ids/34476639-184-184/20570729.jpg?v=639130840940200000,2026-09-16 21:13:43
shampoo-amaras-diosa-rulosa-frasco-400ml-20284468,Shampoo AMARÁS Diosa Rulosa Frasco 400ml,AMARAS,cuidado-personal,14.9,14.9,False,0.0,https://www.plazavea.com.pe/shampoo-amaras-diosa-rulosa-frasco-400ml-20284468/p,https://plazavea.vteximg.com.br/arquivos/ids/20464096-184-184/20284468.jpg?v=638024548009370000,2026-09-16 21:13:43
shampoo-amaras-bendito-clima-lima-frasco-700ml,Shampoo AMARÁS Bendito Clima Lima Frasco 700ml,AMARAS,cuidado-personal,24.5,24.5,False,0.0,https://www.plazavea.com.pe/shampoo-amaras-bendito-clima-lima-frasco-700ml/p,https://plazavea.vteximg.com.br/arquivos/ids/20464031-184-184/20284467.jpg?v=638024547936470000,2026-09-16 21:13:43
acondicionador-amaras-diosa-rulosa-frasco-260ml-20284457,Acondicionador AMARÁS Diosa Rulosa Frasco 260m...,AMARAS,cuidado-personal,10.2,11.5,False,11.3,https://www.plazavea.com.pe/acondicionador-amaras-diosa-rulosa-frasco-260ml-20284457/p,https://plazavea.vteximg.com.br/arquivos/ids/34164146-184-184/20284457.jpg?v=639099879362500000,2026-09-16 21:13:43
acondicionador-amaras-bendito-clima-de-lima-frasco-475ml-20284471,Acondicionador AMARÁS Bendito Clima de Lima Fr...,AMARAS,cuidado-personal,17.9,17.9,False,0.0,https://www.plazavea.com.pe/acondicionador-amaras-bendito-clima-de-lima-frasco-475ml-20284471/p,https://plazavea.vteximg.com.br/arquivos/ids/20463851-184-184/20284471.jpg?v=638024547719730000,2026-09-16 21:13:43
acondicionador-amaras-bendito-clima-de-lima-frasco-260ml-20284459,Acondicionador AMARÁS Bendito Clima de Lima Fr...,AMARAS,cuidado-personal,10.2,11.5,False,11.3,https://www.plazavea.com.pe/acondicionador-amaras-bendito-clima-de-lima-frasco-260ml-20284459/p,https://plazavea.vteximg.com.br/arquivos/ids/20463821-184-184/20284459.jpg?v=638024547683900000,2026-09-16 21:13:43
acondicionador-amaras-reparacion-divina-frasco-260ml-20284449,Acondicionador AMARÁS Reparación Divina Frasco...,AMARAS,cuidado-personal,10.2,11.5,False,11.3,https://www.plazavea.com.pe/acondicionador-amaras-reparacion-divina-frasco-260ml-20284449/p,https://plazavea.vteximg.com.br/arquivos/ids/20463767-184-184/20284449.jpg?v=638024547590800000,2026-09-16 21:13:43
mascarilla-amaras-reparacion-divina-pote-300ml-20284452,Mascarilla AMARÁS Reparación Divina Pote 300ml,AMARAS,cuidado-personal,14.9,14.9,False,0.0,https://www.plazavea.com.pe/mascarilla-amaras-reparacion-divina-pote-300ml-20284452/p,https://plazavea.vteximg.com.br/arquivos/ids/34164136-184-184/20284452.jpg?v=639099879334800000,2026-09-16 21:13:43
shampoo-headshoulders-limpieza-renovadora-control-caspa-botella-650ml,Shampoo HEAD & SHOULDERS Limpieza Renovadora C...,HEAD & SHOULDERS,cuidado-personal,27.9,32.5,False,14.15,https://www.plazavea.com.pe/shampoo-headshoulders-limpieza-renovadora-control-caspa-botella-650ml/p,https://plazavea.vteximg.com.br/arquivos/ids/34693915-184-184/20283036.jpg?v=639148789195530000,2026-09-16 21:13:43
shampoo-headshoulders-purificacion-capilar-control-caspa-botella-650ml,Shampoo HEAD & SHOULDERS Purificación Capilar ...,HEAD & SHOULDERS,cuidado-personal,27.9,32.5,False,14.15,https://www.plazavea.com.pe/shampoo-headshoulders-purificacion-capilar-control-caspa-botella-650ml/p,https://plazavea.vteximg.com.br/arquivos/ids/34361012-184-184/20283034.jpg?v=639125051282300000,2026-09-16 21:13:43
shampoo-headshoulders-suave-y-manejable-2-en-1-control-caspa-botella-650ml-20283028,Shampoo HEAD&SHOULDERS Suave y Manejable 2 en ...,HEAD & SHOULDERS,cuidado-personal,27.9,32.5,False,14.15,https://www.plazavea.com.pe/shampoo-headshoulders-suave-y-manejable-2-en-1-control-caspa-botella-650ml-20283028/p,https://plazavea.vteximg.com.br/arquivos/ids/35571935-184-184/20283028.jpg?v=639213743602600000,2026-09-16 21:13:43
shampoo-headshoulders-men-3-en-1-control-caspa-botella-650ml,Shampoo HEAD & SHOULDERS Men 3 en 1 Control Ca...,HEAD & SHOULDERS,cuidado-personal,27.9,32.5,False,14.15,https://www.plazavea.com.pe/shampoo-headshoulders-men-3-en-1-control-caspa-botella-650ml/p,https://plazavea.vteximg.com.br/arquivos/ids/34361000-184-184/20283037.jpg?v=639125051202570000,2026-09-16 21:13:43
shampoo-headshoulders-manzana-fresh-frasco-650ml,Shampoo HEAD & SHOULDERS Manzana Fresh Frasco ...,HEAD & SHOULDERS,cuidado-personal,27.9,32.5,False,14.15,https://www.plazavea.com.pe/shampoo-headshoulders-manzana-fresh-frasco-650ml/p,https://plazavea.vteximg.com.br/arquivos/ids/34693908-184-184/20283029.jpg?v=639148789167300000,2026-09-16 21:13:43
shampoo-headshoulders-men-con-control-caspa-botella-650ml,Shampoo HEAD & SHOULDERS Men con Control Caspa...,HEAD & SHOULDERS,cuidado-personal,27.9,32.5,False,14.15,https://www.plazavea.com.pe/shampoo-headshoulders-men-con-control-caspa-botella-650ml/p,https://plazavea.vteximg.com.br/arquivos/ids/34693901-184-184/20283033.jpg?v=639148789137470000,2026-09-16 21:13:43
shampoo-headshoulders-hidratacion-control-caspa-botella-650ml,Shampoo HEAD & SHOULDERS Hidratación Control C...,HEAD & SHOULDERS,cuidado-personal,27.9,32.5,False,14.15,https://www.plazavea.com.pe/shampoo-headshoulders-hidratacion-control-caspa-botella-650ml/p,https://plazavea.vteximg.com.br/arquivos/ids/34693894-184-184/20283035.jpg?v=639148789110130000,2026-09-16 21:13:43
shampoo-headshoulders-proteccion-anti-quiebre-control-caspa-botella-650ml-20283031,Shampoo HEAD&SHOULDERS Protección Anti-Quiebre...,HEAD & SHOULDERS,cuidado-personal,27.9,32.5,False,14.15,https://www.plazavea.com.pe/shampoo-headshoulders-proteccion-anti-quiebre-control-caspa-botella-650ml-20283031/p,https://plazavea.vteximg.com.br/arquivos/ids/35571929-184-184/20283031.jpg?v=639213743585770000,2026-09-16 21:13:43
gel-sensibio-moussant-bioderma-frasco-500-ml-100209082,Gel Sensibio Moussant Bioderma - Frasco 500 ML,BIODERMA,cuidado-personal,159.9,159.9,False,0.0,https://www.plazavea.com.pe/gel-sensibio-moussant-bioderma-frasco-500-ml-100209082/p,https://plazavea.vteximg.com.br/arquivos/ids/7167585-184-184/imageUrl_1.jpg?v=637813596740270000,2026-09-16 21:13:43
desodorante-roll-on-para-mujer-lea-invisible-frasco-50ml,Desodorante para Mujer en Roll On LEA Invisibl...,LEA,cuidado-personal,7.9,7.9,False,0.0,https://www.plazavea.com.pe/desodorante-roll-on-para-mujer-lea-invisible-frasco-50ml/p,https://plazavea.vteximg.com.br/arquivos/ids/508011-184-184/20181709.jpg?v=637412444420170000,2026-09-16 21:13:43
desodorante-roll-on-lea-dermo-sensitive-frasco-50ml,Desodorante para Mujer en Roll On LEA Dermo Se...,LEA,cuidado-personal,7.9,7.9,False,0.0,https://www.plazavea.com.pe/desodorante-roll-on-lea-dermo-sensitive-frasco-50ml/p,https://plazavea.vteximg.com.br/arquivos/ids/26207941-184-184/20181708.jpg?v=638186976864700000,2026-09-16 21:13:43
colageno-renova-con-biopeptidos-activos-101930062,COLAGENO RENOVA CON BIOPEPTIDOS ACTIVOS,GENÉRICO,cuidado-personal,120.0,120.0,False,0.0,https://www.plazavea.com.pe/colageno-renova-con-biopeptidos-activos-101930062/p,https://plazavea.vteximg.com.br/arquivos/ids/33927779-184-184/imageUrl_1.jpg?v=639073369591630000,2026-09-16 21:13:43
colageno-renova-con-biopeptidos-activos-101432674,COLÁGENO RENOVA+ CON BIOPEPTIDOS ACTIVOS,SAMI STORE,cuidado-personal,162.0,190.0,False,14.74,https://www.plazavea.com.pe/colageno-renova-con-biopeptidos-activos-101432674/p,https://plazavea.vteximg.com.br/arquivos/ids/31299455-184-184/imageUrl_1.jpg?v=638818507942070000,2026-09-16 21:13:43
cafeina-con-l-teanina-nutricost-240-capsulas-101427094,Cafeína con L- Teanina - Nutricost - 240 Cápsu...,NUTRICOST,cuidado-personal,103.9,138.0,False,24.71,https://www.plazavea.com.pe/cafeina-con-l-teanina-nutricost-240-capsulas-101427094/p,https://plazavea.vteximg.com.br/arquivos/ids/36124477-184-184/1.jpg?v=639247558009800000,2026-09-16 21:13:43
pack-ashwagandh-citrato-de-magnesio-resveratrol-100-capsulas-101492467,Pack Ashwagandh & Citrato De Magnesio + Resver...,GENÉRICO,cuidado-personal,50.0,80.0,False,37.5,https://www.plazavea.com.pe/pack-ashwagandh-citrato-de-magnesio-resveratrol-100-capsulas-101492467/p,https://plazavea.vteximg.com.br/arquivos/ids/31543739-184-184/imageUrl_1.jpg?v=638861707523600000,2026-09-16 21:13:43
creatina-kevin-levrone-monohidratada-micronizada-500gr-101254551,Creatina Kevin Levrone Monohidratada Microniza...,KEVIN LEVRONE,cuidado-personal,96.9,150.0,False,35.4,https://www.plazavea.com.pe/creatina-kevin-levrone-monohidratada-micronizada-500gr-101254551/p,https://plazavea.vteximg.com.br/arquivos/ids/30622155-184-184/imageUrl_1.jpg?v=638756300765630000,2026-09-16 21:13:43
demolitor-creatina-monohidratada-con-maca-capsulas-101020663,Demolitor Creatina Monohidratada con maca  Cáp...,DEMOLITOR,cuidado-personal,49.9,49.9,True,0.0,https://www.plazavea.com.pe/demolitor-creatina-monohidratada-con-maca-capsulas-101020663/p,https://plazavea.vteximg.com.br/arquivos/ids/28994817-184-184/imageUrl_1.jpg?v=638491566723600000,2026-09-16 21:13:43
proteina-universe-nutrition-bigm-5000gr-vainilla-100880341,Proteína Universe Nutrition Bigm 5000gr Vainil...,UNIVERSE NUTRITION,cuidado-personal,159.9,300.0,False,46.7,https://www.plazavea.com.pe/proteina-universe-nutrition-bigm-5000gr-vainilla-100880341/p,https://plazavea.vteximg.com.br/arquivos/ids/28301014-184-184/imageUrl_1.jpg?v=638351622289670000,2026-09-16 21:13:43
glyconorm-3-pack-alivia-y-controla-sintomas-de-diabetes-100870002,Glyconorm 3 Pack Alivia y Controla Síntomas de...,GLYCONORM,cuidado-personal,267.0,447.0,False,40.27,https://www.plazavea.com.pe/glyconorm-3-pack-alivia-y-controla-sintomas-de-diabetes-100870002/p,https://plazavea.vteximg.com.br/arquivos/ids/28360968-184-184/image-0.jpg?v=638363695737830000,2026-09-16 21:13:43
selenio-200-mcg-mason-natural-60-tabletas-100191676,Selenio 200 MCG Mason Natural 60 Tabletas,MASON NATURAL,cuidado-personal,57.9,60.78,False,4.74,https://www.plazavea.com.pe/selenio-200-mcg-mason-natural-60-tabletas-100191676/p,https://plazavea.vteximg.com.br/arquivos/ids/6284627-184-184/image-edf9cf79bc064ee9a280da0563deaca3.jpg?v=637795085025900000,2026-09-16 21:13:43
melatonin-sleep-10mg-100-tabletas-100934878,Melatonin Natrol Sleep 10mg 100 tabletas,NATROL,cuidado-personal,149.0,200.0,False,25.5,https://www.plazavea.com.pe/melatonin-sleep-10mg-100-tabletas-100934878/p,https://plazavea.vteximg.com.br/arquivos/ids/35853674-184-184/Image-1.jpg?v=639229361117770000,2026-09-16 21:13:43
aceite-de-pescado-omega-3-4200-mg-180-capsulas-blandas-naturabell-100945061,Aceite de pescado Omega 3 4200 mg 180 capsulas...,GENÉRICO,cuidado-personal,239.0,299.0,False,20.07,https://www.plazavea.com.pe/aceite-de-pescado-omega-3-4200-mg-180-capsulas-blandas-naturabell-100945061/p,https://plazavea.vteximg.com.br/arquivos/ids/28707839-184-184/imageUrl_1.jpg?v=638422524080430000,2026-09-16 21:13:43
candiseptic-kit-naturalslim-100920101,Candiseptic® Kit - NaturalSlim,NATURAL SLIM,cuidado-personal,629.0,699.0,False,10.01,https://www.plazavea.com.pe/candiseptic-kit-naturalslim-100920101/p,https://plazavea.vteximg.com.br/arquivos/ids/28586083-184-184/image-db32d6597ec742e59329740a345e74b4.jpg?v=638388647592800000,2026-09-16 21:14:10
zeaxan-6-pack-cuidado-para-tu-salud-ocular-100889693,Zeaxan 6 Pack Cuidado para Tu Salud Ocular,GENÉRICO,cuidado-personal,382.0,894.0,False,57.27,https://www.plazavea.com.pe/zeaxan-6-pack-cuidado-para-tu-salud-ocular-100889693/p,https://plazavea.vteximg.com.br/arquivos/ids/28344619-184-184/imageUrl_1.jpg?v=638358341862900000,2026-09-16 21:14:10
ganador-de-masa-universe-nutrition-bigm-2-kg-cookies-100884116,Ganador de Masa Universe Nutrition Bigm 2 Kg C...,UNIVERSE NUTRITION,cuidado-personal,89.9,150.0,False,40.07,https://www.plazavea.com.pe/ganador-de-masa-universe-nutrition-bigm-2-kg-cookies-100884116/p,https://plazavea.vteximg.com.br/arquivos/ids/28315277-184-184/imageUrl_1.jpg?v=638352286397730000,2026-09-16 21:14:10
flexacil-ultra-3-pack-para-molestias-articulares-y-oseas-100876299,Flexacil Ultra 3 Pack para Molestias Articular...,FLEXACIL ULTRA,cuidado-personal,252.9,447.0,False,43.42,https://www.plazavea.com.pe/flexacil-ultra-3-pack-para-molestias-articulares-y-oseas-100876299/p,https://plazavea.vteximg.com.br/arquivos/ids/28263245-184-184/image-2d8b4abfd1ec477aa9c8f418d50917ce.jpg?v=639089502802000000,2026-09-16 21:14:10
metabolic-vitamins-naturalslim-100919613,Metabolic Vitamins™ - NaturalSlim,NATURAL SLIM,cuidado-personal,339.0,399.0,False,15.04,https://www.plazavea.com.pe/metabolic-vitamins-naturalslim-100919613/p,https://plazavea.vteximg.com.br/arquivos/ids/28582105-184-184/imageUrl_1.jpg?v=638388483741000000,2026-09-16 21:14:10
proteina-whey-pro-5-kg-chocolate-creatina-universal-nutrition-101477231,PROTEÍNA WHEY PRO 5 KG CHOCOLATE + CREATINA UN...,UNIVERSE NUTRITION,cuidado-personal,189.0,350.0,False,46.0,https://www.plazavea.com.pe/proteina-whey-pro-5-kg-chocolate-creatina-universal-nutrition-101477231/p,https://plazavea.vteximg.com.br/arquivos/ids/31490872-184-184/imageUrl_1.jpg?v=638853931674500000,2026-09-16 21:14:10
silver-men-50-200-tabletas-centrum-101485146,Silver Men 50+ (200 Tabletas) – Centrum,GENÉRICO,cuidado-personal,189.0,250.0,False,24.4,https://www.plazavea.com.pe/silver-men-50-200-tabletas-centrum-101485146/p,https://plazavea.vteximg.com.br/arquivos/ids/31518369-184-184/imageUrl_1.jpg?v=638858253342570000,2026-09-16 21:14:10
vitamina-b12-horbaach-5000-mcg-metilcobalamina-sublingual-101334261,Vitamina B12 Horbaach 5000 Mcg Metilcobalamina...,HORBAACH,cuidado-personal,159.0,280.0,False,43.21,https://www.plazavea.com.pe/vitamina-b12-horbaach-5000-mcg-metilcobalamina-sublingual-101334261/p,https://plazavea.vteximg.com.br/arquivos/ids/30882138-184-184/imageUrl_1.jpg?v=638776172003800000,2026-09-16 21:14:10
good-flora-probiotics-natural-slim-60-capsulas-sabor-neutro-101299727,Good Flora Probiotics Natural Slim 60 Capsulas...,NATURAL SLIM,cuidado-personal,210.0,350.0,False,40.0,https://www.plazavea.com.pe/good-flora-probiotics-natural-slim-60-capsulas-sabor-neutro-101299727/p,https://plazavea.vteximg.com.br/arquivos/ids/30791773-184-184/imageUrl_1.jpg?v=638771851813600000,2026-09-16 21:14:10
proteina-universe-nutrition-bigm-5000gr-cookies-100880368,Proteína Universe Nutrition Bigm 5000gr Cookie...,UNIVERSE NUTRITION,cuidado-personal,159.9,300.0,False,46.7,https://www.plazavea.com.pe/proteina-universe-nutrition-bigm-5000gr-cookies-100880368/p,https://plazavea.vteximg.com.br/arquivos/ids/28301124-184-184/imageUrl_1.jpg?v=638351622858900000,2026-09-16 21:14:10
liluama-20-capsulas-1-caja-101386903,Liluama 20 Cápsulas 1 Caja,GENÉRICO,cuidado-personal,125.0,185.0,False,32.43,https://www.plazavea.com.pe/liluama-20-capsulas-1-caja-101386903/p,https://plazavea.vteximg.com.br/arquivos/ids/31170987-184-184/imageUrl_1.jpg?v=638797772919600000,2026-09-16 21:14:10
liposomal-nad-resveratrol-1500-mg-wellness-90-capsulas-101380028,Liposomal Nad+ Resveratrol 1500 Mg Wellness 90...,GENÉRICO,cuidado-personal,259.0,299.0,False,13.38,https://www.plazavea.com.pe/liposomal-nad-resveratrol-1500-mg-wellness-90-capsulas-101380028/p,https://plazavea.vteximg.com.br/arquivos/ids/31157247-184-184/imageUrl_1.jpg?v=638794318569430000,2026-09-16 21:14:10
proteina-universe-nutrition-whey-pro-5000gr-chocolate-100880405,Proteína Universe Nutrition Whey Pro 5000gr Ch...,UNIVERSE NUTRITION,cuidado-personal,179.9,300.0,False,40.03,https://www.plazavea.com.pe/proteina-universe-nutrition-whey-pro-5000gr-chocolate-100880405/p,https://plazavea.vteximg.com.br/arquivos/ids/28301263-184-184/imageUrl_1.jpg?v=638351623611370000,2026-09-16 21:14:10
ganador-de-masa-universe-nutrition-bigm-3-kg-chocolate-100880350,Ganador de Masa Universe Nutrition Bigm 3 Kg C...,UNIVERSE NUTRITION,cuidado-personal,200.0,200.0,False,0.0,https://www.plazavea.com.pe/ganador-de-masa-universe-nutrition-bigm-3-kg-chocolate-100880350/p,https://plazavea.vteximg.com.br/arquivos/ids/28301058-184-184/imageUrl_1.jpg?v=638351622476400000,2026-09-16 21:14:10
ganador-de-masa-universe-nutrition-bigm-2-kg-vainilla-100857963,Ganador de Masa Universe Nutrition Bigm 2 Kg V...,UNIVERSE NUTRITION,cuidado-personal,150.0,150.0,False,0.0,https://www.plazavea.com.pe/ganador-de-masa-universe-nutrition-bigm-2-kg-vainilla-100857963/p,https://plazavea.vteximg.com.br/arquivos/ids/27808491-184-184/image-c3d6cc0e23814547bd3327587ec607e6.jpg?v=638334622762870000,2026-09-16 21:14:10
luteina-20mg-con-zeaxantina-carlyle-300-softgels-101299726,Luteina 20mg Con Zeaxantina Carlyle 300 Softge...,CARLYLE,cuidado-personal,189.0,320.0,False,40.94,https://www.plazavea.com.pe/luteina-20mg-con-zeaxantina-carlyle-300-softgels-101299726/p,https://plazavea.vteximg.com.br/arquivos/ids/30791768-184-184/imageUrl_1.jpg?v=638771851812500000,2026-09-16 21:14:10
magnesium-glycinate-500mg-240-capsulas-naturabell-100945062,"Magnesium Glycinate 500mg, 240 Capsulas - Natu...",GENÉRICO,cuidado-personal,219.0,290.0,False,24.48,https://www.plazavea.com.pe/magnesium-glycinate-500mg-240-capsulas-naturabell-100945062/p,https://plazavea.vteximg.com.br/arquivos/ids/28707841-184-184/imageUrl_1.jpg?v=638422524091500000,2026-09-16 21:14:10
uro-probioticos-vaginales-para-mujeres-60-capsulas-101299333,Uro Probióticos Vaginales Para Mujeres 60 Caps...,GENÉRICO,cuidado-personal,249.0,289.0,False,13.84,https://www.plazavea.com.pe/uro-probioticos-vaginales-para-mujeres-60-capsulas-101299333/p,https://plazavea.vteximg.com.br/arquivos/ids/30790892-184-184/imageUrl_1.jpg?v=638770988928430000,2026-09-16 21:14:10
melatonin-140-gomitas-10mg-natrol-100945065,Melatonin 140 Gomitas - 10mg - NATROL,NATROL,cuidado-personal,239.0,289.0,False,17.3,https://www.plazavea.com.pe/melatonin-140-gomitas-10mg-natrol-100945065/p,https://plazavea.vteximg.com.br/arquivos/ids/35853658-184-184/Image-1.jpg?v=639229355796930000,2026-09-16 21:14:10
magicmag-naturalslim-226g-100937887,MagicMag NaturalSlim 226g,NATURAL SLIM,cuidado-personal,189.0,249.0,False,24.1,https://www.plazavea.com.pe/magicmag-naturalslim-226g-100937887/p,https://plazavea.vteximg.com.br/arquivos/ids/28676283-184-184/image-b0f17b1352214be7801f0c8cfead836a.jpg?v=638417123956970000,2026-09-16 21:14:10
acido-alfa-lipoico-600mg-mason-natural-30-capsulas-101240996,Ácido Alfa Lipoico 600MG Mason Natural 30 Cáps...,MASON NATURAL,cuidado-personal,97.9,98.0,False,0.1,https://www.plazavea.com.pe/acido-alfa-lipoico-600mg-mason-natural-30-capsulas-101240996/p,https://plazavea.vteximg.com.br/arquivos/ids/30562344-184-184/imageUrl_1.jpg?v=638743339048770000,2026-09-16 21:14:10
neuro-mag-magnesium-l-threonate-100945057,Neuro-Mag® Magnesium L-Threonate,GENÉRICO,cuidado-personal,269.0,299.0,False,10.03,https://www.plazavea.com.pe/neuro-mag-magnesium-l-threonate-100945057/p,https://plazavea.vteximg.com.br/arquivos/ids/28707835-184-184/imageUrl_1.jpg?v=638422523995970000,2026-09-16 21:14:10
st-johns-wort-xtralife-natural-products-60-capsulas-100484377,St. Johns Wort - Xtralife Natural Products - 6...,XTRALIFE NATURAL PRODUCTS,cuidado-personal,58.9,72.0,False,18.19,https://www.plazavea.com.pe/st-johns-wort-xtralife-natural-products-60-capsulas-100484377/p,https://plazavea.vteximg.com.br/arquivos/ids/34867767-184-184/Image-1.jpg?v=639165091866170000,2026-09-16 21:14:10
calostro-xtralife-natural-products-60-capsulas-100472361,Calostro - Xtralife Natural Products - 60 Cáps...,XTRALIFE NATURAL PRODUCTS,cuidado-personal,78.9,99.0,False,20.3,https://www.plazavea.com.pe/calostro-xtralife-natural-products-60-capsulas-100472361/p,https://plazavea.vteximg.com.br/arquivos/ids/34867689-184-184/Image-1.jpg?v=639165046177100000,2026-09-16 21:14:10
naturalslim-flax-oil-aceite-de-lino-omega-3-6-9-100945101,NaturalSlim flax oil aceite De Lino omega 3-6-...,NATURAL SLIM,cuidado-personal,279.0,329.0,False,15.2,https://www.plazavea.com.pe/naturalslim-flax-oil-aceite-de-lino-omega-3-6-9-100945101/p,https://plazavea.vteximg.com.br/arquivos/ids/28707908-184-184/imageUrl_1.jpg?v=638422525030400000,2026-09-16 21:14:10
glutation-xtralife-natural-products-30-capsulas-100551089,Glutatión - Xtralife Natural Products - 30 Cáp...,GENÉRICO,cuidado-personal,78.9,99.0,False,20.3,https://www.plazavea.com.pe/glutation-xtralife-natural-products-30-capsulas-100551089/p,https://plazavea.vteximg.com.br/arquivos/ids/34867851-184-184/Image-1.jpg?v=639165110315270000,2026-09-16 21:14:10
probioticos-mom-nutrix-150-billion-40-cepas-150-capsulasulas-101335472,Probioticos Mom Nutrix 150 Billion 40 cepas 15...,GENÉRICO,cuidado-personal,259.0,299.0,False,13.38,https://www.plazavea.com.pe/probioticos-mom-nutrix-150-billion-40-cepas-150-capsulasulas-101335472/p,https://plazavea.vteximg.com.br/arquivos/ids/30885798-184-184/imageUrl_1.jpg?v=638777035913230000,2026-09-16 21:14:10
proteina-whey-pro-5-kg-cookies-creatina-universal-nutrition-101477253,PROTEÍNA WHEY PRO 5 KG COOKIES + CREATINA UNIV...,UNIVERSE NUTRITION,cuidado-personal,199.0,350.0,False,43.14,https://www.plazavea.com.pe/proteina-whey-pro-5-kg-cookies-creatina-universal-nutrition-101477253/p,https://plazavea.vteximg.com.br/arquivos/ids/31490953-184-184/imageUrl_1.jpg?v=638853931688970000,2026-09-16 21:14:10
probioticos-120-billion-cfus-vitalitown-101219413,Probioticos 120 Billion CFUs Vitalitown,VITALITOWN,cuidado-personal,189.0,249.0,False,24.1,https://www.plazavea.com.pe/probioticos-120-billion-cfus-vitalitown-101219413/p,https://plazavea.vteximg.com.br/arquivos/ids/30381188-184-184/image-4c8204c0a3474da5a7d8c1240292116f.jpg?v=638721334231800000,2026-09-16 21:14:10
proteina-whey-pro-3kg-chocolate-universe-nutrition-100880388,Proteína Whey Pro 3kg Chocolate Universe Nutri...,UNIVERSE NUTRITION,cuidado-personal,124.9,300.0,False,58.37,https://www.plazavea.com.pe/proteina-whey-pro-3kg-chocolate-universe-nutrition-100880388/p,https://plazavea.vteximg.com.br/arquivos/ids/28301214-184-184/imageUrl_1.jpg?v=638351623229030000,2026-09-16 21:14:10
pre-workout-overdrive-sweet-frambuesa-en-polvo-101235693,Pre-Workout Overdrive Sweet Frambuesa en Polvo,QNT,cuidado-personal,149.9,149.9,True,0.0,https://www.plazavea.com.pe/pre-workout-overdrive-sweet-frambuesa-en-polvo-101235693/p,https://plazavea.vteximg.com.br/arquivos/ids/30453556-184-184/imageUrl_1.jpg?v=638735562964630000,2026-09-16 21:14:10
ganador-de-masa-universe-nutrition-bigm-2-kg-chocolate-100873244,Ganador de Masa Universe Nutrition Bigm 2 Kg C...,UNIVERSE NUTRITION,cuidado-personal,89.9,150.0,False,40.07,https://www.plazavea.com.pe/ganador-de-masa-universe-nutrition-bigm-2-kg-chocolate-100873244/p,https://plazavea.vteximg.com.br/arquivos/ids/28251932-184-184/imageUrl_1.jpg?v=638343178116370000,2026-09-16 21:14:10
acido-hialuronico-xtralife-natural-products-60-capsulas-100484369,Ácido Hialurónico - Xtralife Natural Products ...,XTRALIFE NATURAL PRODUCTS,cuidado-personal,78.9,94.0,False,16.06,https://www.plazavea.com.pe/acido-hialuronico-xtralife-natural-products-60-capsulas-100484369/p,https://plazavea.vteximg.com.br/arquivos/ids/36115223-184-184/1.jpg?v=639246571450100000,2026-09-16 21:14:10
creatina-monohidratada-certificada-applied-nutrition-250gr-101483938,Creatina Monohidratada Certificada Applied Nut...,APPLIED NUTRITION,cuidado-personal,63.0,150.0,False,58.0,https://www.plazavea.com.pe/creatina-monohidratada-certificada-applied-nutrition-250gr-101483938/p,https://plazavea.vteximg.com.br/arquivos/ids/31515970-184-184/imageUrl_1.jpg?v=638858252420700000,2026-09-16 21:14:10
generador-de-colageno-biosil-100361853,Generador de colágeno BIOSIL,BIOSIL,cuidado-personal,103.9,103.9,True,0.0,https://www.plazavea.com.pe/generador-de-colageno-biosil-100361853/p,https://plazavea.vteximg.com.br/arquivos/ids/8943907-184-184/imageUrl_1.jpg?v=637840703027130000,2026-09-16 21:14:10
nepro-ap-suspension-oral-sabor-vainilla-lata-237-ml-100209363,Nepro AP Suspensión Oral Sabor Vainilla - Lata...,NEPRO,cuidado-personal,20.5,20.5,False,0.0,https://www.plazavea.com.pe/nepro-ap-suspension-oral-sabor-vainilla-lata-237-ml-100209363/p,https://plazavea.vteximg.com.br/arquivos/ids/7167871-184-184/imageUrl_1.jpg?v=637813596932830000,2026-09-16 21:14:10
demolitor-creatina-monohidratada-con-maca-polvo-101020664,Demolitor Creatina Monohidratada con maca Polv...,DEMOLITOR,cuidado-personal,79.9,79.9,True,0.0,https://www.plazavea.com.pe/demolitor-creatina-monohidratada-con-maca-polvo-101020664/p,https://plazavea.vteximg.com.br/arquivos/ids/28994818-184-184/imageUrl_1.jpg?v=638491566730200000,2026-09-16 21:14:10
ashwagandha-xtralife-natural-products-60-capsulas-100753291,Ashwagandha - Xtralife Natural Products - 60 C...,XTRALIFE NATURAL PRODUCTS,cuidado-personal,78.9,89.0,False,11.35,https://www.plazavea.com.pe/ashwagandha-xtralife-natural-products-60-capsulas-100753291/p,https://plazavea.vteximg.com.br/arquivos/ids/34867864-184-184/Image-1.jpg?v=639165112193930000,2026-09-16 21:14:10
myo-inositol-d-chiro-inositol-40-1-intimate-rose-en-polvo-101329411,Myo-inositol & D-chiro Inositol 40:1 Intimate ...,GENÉRICO,cuidado-personal,189.0,249.0,False,24.1,https://www.plazavea.com.pe/myo-inositol-d-chiro-inositol-40-1-intimate-rose-en-polvo-101329411/p,https://plazavea.vteximg.com.br/arquivos/ids/30867525-184-184/imageUrl_1.jpg?v=638775308505230000,2026-09-16 21:14:10
nad-nicotidamina-resveratrol-alta-pureza-500-mg-60-capsulas-101299289,Nad Nicotidamina +Resveratrol Alta Pureza 500 ...,GENÉRICO,cuidado-personal,359.0,399.0,False,10.03,https://www.plazavea.com.pe/nad-nicotidamina-resveratrol-alta-pureza-500-mg-60-capsulas-101299289/p,https://plazavea.vteximg.com.br/arquivos/ids/30790749-184-184/imageUrl_1.jpg?v=638770988906700000,2026-09-16 21:14:10
carlyle-aceite-de-oregano-4000mg-150-softgels%09-101218981,Carlyle aceite de Oregano 4000mg 150 Softgels,CARLYLE,cuidado-personal,119.0,199.0,False,40.2,https://www.plazavea.com.pe/carlyle-aceite-de-oregano-4000mg-150-softgels%09-101218981/p,https://plazavea.vteximg.com.br/arquivos/ids/30379393-184-184/imageUrl_1.jpg?v=638720874995630000,2026-09-16 21:14:10
bisglicinato-de-magnesio-665-mg-carlyle-250-capsulas-101380026,Bisglicinato De Magnesio 665 Mg Carlyle 250 Ca...,CARLYLE,cuidado-personal,199.0,249.0,False,20.08,https://www.plazavea.com.pe/bisglicinato-de-magnesio-665-mg-carlyle-250-capsulas-101380026/p,https://plazavea.vteximg.com.br/arquivos/ids/31157237-184-184/imageUrl_1.jpg?v=638794318567430000,2026-09-16 21:14:10
magicmag-citrato-de-magnesio-naturalslim-sabor-fresalima-226g-101277215,Magicmag Citrato De Magnesio NaturalSlim Sabor...,NATURAL SLIM,cuidado-personal,199.0,320.0,False,37.81,https://www.plazavea.com.pe/magicmag-citrato-de-magnesio-naturalslim-sabor-fresalima-226g-101277215/p,https://plazavea.vteximg.com.br/arquivos/ids/30721915-184-184/imageUrl_1.jpg?v=638766667165930000,2026-09-16 21:14:10
ashwagandha-horbaach-4500mg-120-capsulas-101184935,Ashwagandha Horbaach 4500MG 120 Capsulas,HORBAACH,cuidado-personal,149.0,179.0,False,16.76,https://www.plazavea.com.pe/ashwagandha-horbaach-4500mg-120-capsulas-101184935/p,https://plazavea.vteximg.com.br/arquivos/ids/30113016-184-184/imageUrl_1.jpg?v=638671627138630000,2026-09-16 21:14:10
demolitor-creatina-monohidratada-con-maca-polvo-101033009,Demolitor Creatina Monohidratada con maca  Pol...,DEMOLITOR,cuidado-personal,119.9,119.9,True,0.0,https://www.plazavea.com.pe/demolitor-creatina-monohidratada-con-maca-polvo-101033009/p,https://plazavea.vteximg.com.br/arquivos/ids/29036846-184-184/image-ef9b4e0bed8640dc8d4c8ed2cc7ca5e0.jpg?v=638503622217570000,2026-09-16 21:14:10
good-flora-probioticos-natural-slim-60-capsulas-100918510,Good Flora Probióticos Natural Slim 60 Capsula...,NATURAL SLIM,cuidado-personal,215.0,279.0,False,22.94,https://www.plazavea.com.pe/good-flora-probioticos-natural-slim-60-capsulas-100918510/p,https://plazavea.vteximg.com.br/arquivos/ids/28577828-184-184/imageUrl_1.jpg?v=638388013017300000,2026-09-16 21:14:10
aminoter-capsula-blanda-100509732,Aminoter Cápsula blanda,GENÉRICO,cuidado-personal,189.9,189.9,False,0.0,https://www.plazavea.com.pe/aminoter-capsula-blanda-100509732/p,https://plazavea.vteximg.com.br/arquivos/ids/19702306-184-184/imageUrl_1.jpg?v=638013657913730000,2026-09-16 21:14:10
proteina-whey-pro-5-kg-chocolate-soga-para-saltar-con-contador-101477192,PROTEÍNA WHEY PRO 5 KG CHOCOLATE y muñequera,UNIVERSE NUTRITION,cuidado-personal,149.0,350.0,False,57.43,https://www.plazavea.com.pe/proteina-whey-pro-5-kg-chocolate-soga-para-saltar-con-contador-101477192/p,https://plazavea.vteximg.com.br/arquivos/ids/34668290-184-184/Image-1.jpg?v=639145648045570000,2026-09-16 21:14:10
zeaxan-cuidado-para-tu-salud-100860804,Zeaxan  Cuidado para Tu Salud,GENÉRICO,cuidado-personal,174.0,289.0,False,39.79,https://www.plazavea.com.pe/zeaxan-cuidado-para-tu-salud-100860804/p,https://plazavea.vteximg.com.br/arquivos/ids/27843691-184-184/image-98f6f4a015084b94b4275c89eafebef8.jpg?v=638336105189870000,2026-09-16 21:14:10
proteina-whey-pro-1-1-kg-cookies-creatina-universal-nutrition-101477201,PROTEÍNA WHEY PRO 1.1 KG COOKIES + CREATINA UN...,UNIVERSE NUTRITION,cuidado-personal,94.9,350.0,False,72.89,https://www.plazavea.com.pe/proteina-whey-pro-1-1-kg-cookies-creatina-universal-nutrition-101477201/p,https://plazavea.vteximg.com.br/arquivos/ids/31490773-184-184/imageUrl_1.jpg?v=638853931657800000,2026-09-16 21:14:10
champinon-entero-paccu-crimmini-bandeja-200-g-1,Champiñon Entero PACCU Crimmini Bandeja 200g,PACCU,frutas-verduras,7.5,7.5,False,0.0,https://www.plazavea.com.pe/champinon-entero-paccu-crimmini-bandeja-200-g-1/p,https://plazavea.vteximg.com.br/arquivos/ids/646724-184-184/20197355.jpg?v=637443545943870000,2026-09-16 21:14:39
ensalada-de-pina-sandia-y-papaya-bells-bandeja-300g-1,"Ensalada de Piña, Sandía y Papaya BELL'S Bande...",BELL'S,frutas-verduras,6.9,6.9,False,0.0,https://www.plazavea.com.pe/ensalada-de-pina-sandia-y-papaya-bells-bandeja-300g-1/p,https://plazavea.vteximg.com.br/arquivos/ids/2971610-184-184/20219608.jpg?v=637722485565170000,2026-09-16 21:14:39
ensalada-rusa-bells-bandeja-500g-1,Ensalada Rusa BELL'S Bandeja 500g,BELL'S,frutas-verduras,9.5,9.5,False,0.0,https://www.plazavea.com.pe/ensalada-rusa-bells-bandeja-500g-1/p,https://plazavea.vteximg.com.br/arquivos/ids/1146173-184-184/20200344.jpg?v=637509932404870000,2026-09-16 21:14:39
cebolla-roja-x-kg-1,Cebolla Roja x kg,PLAZA VEA,frutas-verduras,3.89,3.89,False,0.0,https://www.plazavea.com.pe/cebolla-roja-x-kg-1/p,https://plazavea.vteximg.com.br/arquivos/ids/34332132-184-184/844123.jpg?v=639124910536430000,2026-09-16 21:14:39
tomate-italiano-xk-g-1,Tomate Italiano x kg,PLAZA VEA,frutas-verduras,6.24,7.19,False,13.21,https://www.plazavea.com.pe/tomate-italiano-xk-g-1/p,https://plazavea.vteximg.com.br/arquivos/ids/518590-184-184/60769.jpg?v=637417681802200000,2026-09-16 21:14:39
limon-acido-x-k-g-1,Limón Ácido x kg,PLAZA VEA,frutas-verduras,3.99,3.99,False,0.0,https://www.plazavea.com.pe/limon-acido-x-k-g-1/p,https://plazavea.vteximg.com.br/arquivos/ids/34332144-184-184/60288.jpg?v=639124910619970000,2026-09-16 21:14:39
zanahoria-x-k-g-1,Zanahoria x kg,PLAZA VEA,frutas-verduras,3.69,3.69,False,0.0,https://www.plazavea.com.pe/zanahoria-x-k-g-1/p,https://plazavea.vteximg.com.br/arquivos/ids/226526-184-184/120930.jpg?v=636977898066530000,2026-09-16 21:14:39
platano-de-seda-x-k-g-1,Plátano de Seda x kg,PLAZA VEA,frutas-verduras,3.89,3.89,False,0.0,https://www.plazavea.com.pe/platano-de-seda-x-k-g-1/p,https://plazavea.vteximg.com.br/arquivos/ids/29450552-184-184/772631.jpg?v=639167417972170000,2026-09-16 21:14:39
mandarina-w-murcott-x-k-g-1,Mandarina W MURCOTT x kg,PLAZA VEA,frutas-verduras,2.79,2.79,False,0.0,https://www.plazavea.com.pe/mandarina-w-murcott-x-k-g-1/p,https://plazavea.vteximg.com.br/arquivos/ids/29179518-184-184/20012651.jpg?v=639233770809800000,2026-09-16 21:14:39
palta-fuerte-x-k-g-1,Palta Fuerte x kg,PLAZA VEA,frutas-verduras,9.99,9.99,False,0.0,https://www.plazavea.com.pe/palta-fuerte-x-k-g-1/p,https://plazavea.vteximg.com.br/arquivos/ids/20372457-184-184/64576.jpg?v=638023231236300000,2026-09-16 21:14:39
camote-amarillo-procesado-x-k-g-1,Camote Amarillo Procesado x kg,PLAZA VEA,frutas-verduras,3.39,3.39,False,0.0,https://www.plazavea.com.pe/camote-amarillo-procesado-x-k-g-1/p,https://plazavea.vteximg.com.br/arquivos/ids/226523-184-184/65107.jpg?v=636977898045430000,2026-09-16 21:14:39
pepinillo-x-k-g-1,Pepinillo x kg,PLAZA VEA,frutas-verduras,2.28,3.29,False,30.7,https://www.plazavea.com.pe/pepinillo-x-k-g-1/p,https://plazavea.vteximg.com.br/arquivos/ids/34332155-184-184/60493.jpg?v=639124910693730000,2026-09-16 21:14:39
papa-blanca-yung-1ay-x-k-g-1,Papa Blanca Yungay x kg,PLAZA VEA,frutas-verduras,1.67,1.99,False,16.08,https://www.plazavea.com.pe/papa-blanca-yung-1ay-x-k-g-1/p,https://plazavea.vteximg.com.br/arquivos/ids/1265150-184-184/124903.jpg?v=638954495519470000,2026-09-16 21:14:39
fresa-imperial-bandeja-500g-1,Fresa IMPERIAL Bandeja 500g,IMPERIAL,frutas-verduras,11.9,12.9,False,7.75,https://www.plazavea.com.pe/fresa-imperial-bandeja-500g-1/p,https://plazavea.vteximg.com.br/arquivos/ids/29179541-184-184/20422349.jpg?v=638797420439030000,2026-09-16 21:14:39
tomate-redondo-x-k-g-1,Tomate Redondo x kg,PLAZA VEA,frutas-verduras,4.48,4.9,False,8.57,https://www.plazavea.com.pe/tomate-redondo-x-k-g-1/p,https://plazavea.vteximg.com.br/arquivos/ids/34361582-184-184/20349980.jpg?v=639125054919500000,2026-09-16 21:14:39
blueberries-bells-frescos-bandeja-500g-1,Blueberries BELL'S FRESCOS Bandeja 500g,BELL'S,frutas-verduras,14.99,15.49,False,3.23,https://www.plazavea.com.pe/blueberries-bells-frescos-bandeja-500g-1/p,https://plazavea.vteximg.com.br/arquivos/ids/33954393-184-184/20236416.jpg?v=639077333639630000,2026-09-16 21:14:39
espinaca-bebe-bells-bolsa-150g-aprox-1,Espinaca Bebé BELL'S Bolsa 150g aprox.,BELL'S,frutas-verduras,3.1,4.9,False,36.73,https://www.plazavea.com.pe/espinaca-bebe-bells-bolsa-150g-aprox-1/p,https://plazavea.vteximg.com.br/arquivos/ids/33954387-184-184/20200697.jpg?v=639077333592800000,2026-09-16 21:14:39
culantro-bells-bolsa-60-g-aprox-1,Culantro BELL'S Bolsa 60g aprox.,BELL'S,frutas-verduras,1.99,1.99,False,0.0,https://www.plazavea.com.pe/culantro-bells-bolsa-60-g-aprox-1/p,https://plazavea.vteximg.com.br/arquivos/ids/29075032-184-184/20200359.jpg?v=638518752822670000,2026-09-16 21:14:39
papa-amarilla-tumbay-x-k-g-1,Papa Amarilla Tumbay x kg,PLAZA VEA,frutas-verduras,8.19,8.19,True,0.0,https://www.plazavea.com.pe/papa-amarilla-tumbay-x-k-g-1/p,https://plazavea.vteximg.com.br/arquivos/ids/518600-184-184/20171835.jpg?v=637417682122930000,2026-09-16 21:14:39
zapallo-macre-x-k-g-1,Zapallo Macre x kg,PLAZA VEA,frutas-verduras,3.7,3.7,False,0.0,https://www.plazavea.com.pe/zapallo-macre-x-k-g-1/p,https://plazavea.vteximg.com.br/arquivos/ids/178669-184-184/20017639.jpg?v=635909118247730000,2026-09-16 21:14:39
papaya,Papaya x kg,PLAZA VEA,frutas-verduras,5.69,5.69,False,0.0,https://www.plazavea.com.pe/papaya/p,https://plazavea.vteximg.com.br/arquivos/ids/182396-184-184/924003.jpg?v=636117143029130000,2026-09-16 21:14:39
manzana-delicia-xk-g-1,Manzana Delicia x kg,PLAZA VEA,frutas-verduras,5.99,5.99,False,0.0,https://www.plazavea.com.pe/manzana-delicia-xk-g-1/p,https://plazavea.vteximg.com.br/arquivos/ids/34332105-184-184/63609.jpg?v=639124910328270000,2026-09-16 21:14:39
naranja-para-jug-1o-x-k-g-1,Naranja para Jugo x kg,PLAZA VEA,frutas-verduras,2.99,2.99,False,0.0,https://www.plazavea.com.pe/naranja-para-jug-1o-x-k-g-1/p,https://plazavea.vteximg.com.br/arquivos/ids/34332099-184-184/48640.jpg?v=639124910282500000,2026-09-16 21:14:39
vainita-americana-pack-x-250g-1-aprox,Vainita Americana Pack x 250g aprox.,PLAZA VEA,frutas-verduras,7.88,7.99,False,1.38,https://www.plazavea.com.pe/vainita-americana-pack-x-250g-1-aprox/p,https://plazavea.vteximg.com.br/arquivos/ids/34332148-184-184/60844.jpg?v=639124910646630000,2026-09-16 21:14:39
lechuga-americana-bells-bolsa-300g-aprox-1,Lechuga Americana BELL's Bolsa 300g aprox.,BELL'S,frutas-verduras,3.49,3.49,False,0.0,https://www.plazavea.com.pe/lechuga-americana-bells-bolsa-300g-aprox-1/p,https://plazavea.vteximg.com.br/arquivos/ids/266531-184-184/29529.jpg?v=637093725173230000,2026-09-16 21:14:39
choclo-entero-x-und-1,Choclo Entero x und.,PLAZA VEA,frutas-verduras,2.1,2.49,False,15.66,https://www.plazavea.com.pe/choclo-entero-x-und-1/p,https://plazavea.vteximg.com.br/arquivos/ids/173637-184-184/993908.jpg?v=635785255623570000,2026-09-16 21:14:39
papa-blanca-x-k-g-1,Papa Blanca x kg,PLAZA VEA,frutas-verduras,1.97,3.29,True,40.12,https://www.plazavea.com.pe/papa-blanca-x-k-g-1/p,https://plazavea.vteximg.com.br/arquivos/ids/34332122-184-184/848879.jpg?v=639124910455870000,2026-09-16 21:14:39
manzana-royal-g-1ala-importada-x-k-g-1,Manzana Royal Gala Importada x kg,PLAZA VEA,frutas-verduras,7.96,8.49,False,6.24,https://www.plazavea.com.pe/manzana-royal-g-1ala-importada-x-k-g-1/p,https://plazavea.vteximg.com.br/arquivos/ids/177116-184-184/20062794.jpg?v=635864716072300000,2026-09-16 21:14:39
espinaca-bells-bolsa-350g-aprox-1-1,Espinaca BELL'S Bolsa 350g aprox.,BELL'S,frutas-verduras,5.9,5.9,True,0.0,https://www.plazavea.com.pe/espinaca-bells-bolsa-350g-aprox-1-1/p,https://plazavea.vteximg.com.br/arquivos/ids/248702-184-184/66278.jpg?v=637062380101670000,2026-09-16 21:14:39
zapallo-italiano-x-und-1,Zapallo Italiano x und.,PLAZA VEA,frutas-verduras,2.4,3.5,False,31.43,https://www.plazavea.com.pe/zapallo-italiano-x-und-1/p,https://plazavea.vteximg.com.br/arquivos/ids/169308-184-184/61537.jpg?v=635769969641900000,2026-09-16 21:14:39
pimiento-morron-x-k-g-1,Pimiento Morron x kg,PLAZA VEA,frutas-verduras,13.0,13.0,False,0.0,https://www.plazavea.com.pe/pimiento-morron-x-k-g-1/p,https://plazavea.vteximg.com.br/arquivos/ids/226561-184-184/120941.jpg?v=636978593891600000,2026-09-16 21:14:39
brocoli-x-k-g-1,Brócoli x kg,PLAZA VEA,frutas-verduras,5.9,5.9,False,0.0,https://www.plazavea.com.pe/brocoli-x-k-g-1/p,https://plazavea.vteximg.com.br/arquivos/ids/34332153-184-184/59305.jpg?v=639124910683000000,2026-09-16 21:14:39
ajo-entero,Ajo Entero PLAZA VEA x kg,PLAZA VEA,frutas-verduras,16.49,16.49,True,0.0,https://www.plazavea.com.pe/ajo-entero/p,https://plazavea.vteximg.com.br/arquivos/ids/32989645-184-184/59237.jpg?v=638987291855730000,2026-09-16 21:14:39
apio-en-atado-x-und-1,Apio en Atado x und.,PLAZA VEA,frutas-verduras,4.9,4.9,False,0.0,https://www.plazavea.com.pe/apio-en-atado-x-und-1/p,https://plazavea.vteximg.com.br/arquivos/ids/169262-184-184/58964.jpg?v=638954499796330000,2026-09-16 21:14:39
papa-amarilla-peruanita-x-k-g-1,Papa Amarilla Peruanita x kg,PLAZA VEA,frutas-verduras,5.95,7.99,False,25.53,https://www.plazavea.com.pe/papa-amarilla-peruanita-x-k-g-1/p,https://plazavea.vteximg.com.br/arquivos/ids/34332123-184-184/365826.jpg?v=639124910465400000,2026-09-16 21:14:39
lechuga-crespa-bells-x-und-1,Lechuga Crespa BELL'S x und.,BELL'S,frutas-verduras,2.8,2.8,True,0.0,https://www.plazavea.com.pe/lechuga-crespa-bells-x-und-1/p,https://plazavea.vteximg.com.br/arquivos/ids/34332180-184-184/28509.jpg?v=639124910818630000,2026-09-16 21:14:40
pera-importada-x-k-g-1,Pera Importada x kg,PLAZA VEA,frutas-verduras,6.9,6.9,False,0.0,https://www.plazavea.com.pe/pera-importada-x-k-g-1/p,https://plazavea.vteximg.com.br/arquivos/ids/175198-184-184/20083819.jpg?v=635808869866470000,2026-09-16 21:14:40
granadilla-oxapampa-x-und-1,Granadilla Oxapampa x und.,PLAZA VEA,frutas-verduras,0.9,1.19,False,24.37,https://www.plazavea.com.pe/granadilla-oxapampa-x-und-1/p,https://plazavea.vteximg.com.br/arquivos/ids/646278-184-184/927836.jpg?v=638979743745400000,2026-09-16 21:14:40
beterraga-en-atado-x-4-und-1,Beterraga en Atado x 4 und.,PLAZA VEA,frutas-verduras,5.0,5.39,True,7.24,https://www.plazavea.com.pe/beterraga-en-atado-x-4-und-1/p,https://plazavea.vteximg.com.br/arquivos/ids/34332158-184-184/180160.jpg?v=639124910715430000,2026-09-16 21:14:40
cebolla-blanca-x-k-g-1,Cebolla Blanca x kg,PLAZA VEA,frutas-verduras,3.4,4.29,False,20.75,https://www.plazavea.com.pe/cebolla-blanca-x-k-g-1/p,https://plazavea.vteximg.com.br/arquivos/ids/1242249-184-184/115270.jpg?v=639167422023800000,2026-09-16 21:14:40
blueberries-bells-frescos-bandeja-300g-1,Blueberries BELL'S FRESCOS Bandeja 300g,BELL'S,frutas-verduras,10.8,10.8,False,0.0,https://www.plazavea.com.pe/blueberries-bells-frescos-bandeja-300g-1/p,https://plazavea.vteximg.com.br/arquivos/ids/29164842-184-184/20356218.jpg?v=638540039447570000,2026-09-16 21:14:40
arverja-congelada-bells-bolsa-500g,Arverja Congelada BELL'S Bolsa 500g,BELL'S,frutas-verduras,4.5,4.5,True,0.0,https://www.plazavea.com.pe/arverja-congelada-bells-bolsa-500g/p,https://plazavea.vteximg.com.br/arquivos/ids/28722757-184-184/20353635.jpg?v=638424342401270000,2026-09-16 21:14:40
lechuga-crespa-hidroponica-bells-bolsa-200g-aprox-1,Lechuga Crespa Hidropónica BELL'S Bolsa 200g a...,BELL'S FRESCOS,frutas-verduras,2.69,2.69,False,0.0,https://www.plazavea.com.pe/lechuga-crespa-hidroponica-bells-bolsa-200g-aprox-1/p,https://plazavea.vteximg.com.br/arquivos/ids/25665636-184-184/20201260.jpg?v=638103759554430000,2026-09-16 21:14:40
platano-bizcochito-bells-1,Plátano Bizcocho BELL'S Pack 10 und.,BELL'S,frutas-verduras,6.99,6.99,True,0.0,https://www.plazavea.com.pe/platano-bizcochito-bells-1/p,https://plazavea.vteximg.com.br/arquivos/ids/1336171-184-184/20201825.jpg?v=638954692225130000,2026-09-16 21:14:40
platano-de-isla-bells-1,Plátano de Isla BELL'S Pack 5 und.,BELL'S,frutas-verduras,4.99,4.99,False,0.0,https://www.plazavea.com.pe/platano-de-isla-bells-1/p,https://plazavea.vteximg.com.br/arquivos/ids/1336170-184-184/20201875.jpg?v=637523949720630000,2026-09-16 21:14:40
palta-fuerte-bells-madura-1,Palta Fuerte BELL'S Pack 2 und.,BELL'S,frutas-verduras,13.99,13.99,False,0.0,https://www.plazavea.com.pe/palta-fuerte-bells-madura-1/p,https://plazavea.vteximg.com.br/arquivos/ids/703872-184-184/20201890.jpg?v=637472220947830000,2026-09-16 21:14:40
albahaca-bells-bolsa-80-g-aprox-1,Albahaca BELL'S Bolsa 80g aprox.,BELL'S,frutas-verduras,2.49,2.49,False,0.0,https://www.plazavea.com.pe/albahaca-bells-bolsa-80-g-aprox-1/p,https://plazavea.vteximg.com.br/arquivos/ids/428410-184-184/20200336.jpg?v=637381503872900000,2026-09-16 21:14:40
perejil-bells-bolsa-60-g-aprox-1,Perejil BELL'S Bolsa 60g aprox.,BELL'S,frutas-verduras,1.99,1.99,False,0.0,https://www.plazavea.com.pe/perejil-bells-bolsa-60-g-aprox-1/p,https://plazavea.vteximg.com.br/arquivos/ids/428409-184-184/20200332.jpg?v=637381503639570000,2026-09-16 21:14:40
champinon-entero-bells-bandeja-200-g-1,Champiñon Entero BELL'S Bandeja 200g,BELL'S,frutas-verduras,6.6,6.6,False,0.0,https://www.plazavea.com.pe/champinon-entero-bells-bandeja-200-g-1/p,https://vivanda.vteximg.com.br/arquivos/Alto_saturadas.png?v=123,2026-09-16 21:14:40
champinon-picado-bells-bandeja-200-g-1,Champiñon Picado BELL'S Bandeja 200g,BELL'S,frutas-verduras,5.9,5.9,False,0.0,https://www.plazavea.com.pe/champinon-picado-bells-bandeja-200-g-1/p,https://plazavea.vteximg.com.br/arquivos/ids/413750-184-184/20200723.jpg?v=637369400504870000,2026-09-16 21:14:40
pepino-holandes-bells-x-unid-,Pepino Holandés BELL'S x unid.,BELL'S FRESCOS,frutas-verduras,4.3,4.3,False,0.0,https://www.plazavea.com.pe/pepino-holandes-bells-x-unid-/p,https://plazavea.vteximg.com.br/arquivos/ids/409966-184-184/20198837.jpg?v=637357302532030000,2026-09-16 21:15:06
fresa-entera-el-frutero-congelada-bolsa-1kg,Fresa Entera Congelada EL FRUTERO Bolsa 1Kg,EL FRUTERO,frutas-verduras,15.3,15.5,False,1.29,https://www.plazavea.com.pe/fresa-entera-el-frutero-congelada-bolsa-1kg/p,https://plazavea.vteximg.com.br/arquivos/ids/29450615-184-184/20174790.jpg?v=638616386272470000,2026-09-16 21:15:06
pina-g-1olden-x-k-g-1,Piña Golden x kg,PLAZA VEA,frutas-verduras,5.19,5.19,False,0.0,https://www.plazavea.com.pe/pina-g-1olden-x-k-g-1/p,https://plazavea.vteximg.com.br/arquivos/ids/34332109-184-184/110401.jpg?v=639124910356600000,2026-09-16 21:15:06
sandia-x-k-g-1,Sandía x kg,PLAZA VEA,frutas-verduras,2.69,2.69,False,0.0,https://www.plazavea.com.pe/sandia-x-k-g-1/p,https://plazavea.vteximg.com.br/arquivos/ids/31561443-184-184/65702.jpg?v=639187063978170000,2026-09-16 21:15:06
kion-x-k-g-1,Kion x kg,PLAZA VEA,frutas-verduras,9.9,9.9,False,0.0,https://www.plazavea.com.pe/kion-x-k-g-1/p,https://plazavea.vteximg.com.br/arquivos/ids/518591-184-184/59961.jpg?v=637417681832070000,2026-09-16 21:15:06
aji-amarillo-pack-x-2-und-aprox,Ají Amarillo Pack x 2 und aprox.,PLAZA VEA,frutas-verduras,16.9,16.9,False,0.0,https://www.plazavea.com.pe/aji-amarillo-pack-x-2-und-aprox/p,https://plazavea.vteximg.com.br/arquivos/ids/34332135-184-184/58797.jpg?v=639124910559600000,2026-09-16 21:15:06
melon-coquito-x-k-g-1,Melón Coquito x kg,PLAZA VEA,frutas-verduras,5.2,5.2,False,0.0,https://www.plazavea.com.pe/melon-coquito-x-k-g-1/p,https://plazavea.vteximg.com.br/arquivos/ids/31561444-184-184/62824.jpg?v=639071939446170000,2026-09-16 21:15:06
maracuya-x-k-g-1,Maracuyá x kg,PLAZA VEA,frutas-verduras,7.96,8.49,False,6.24,https://www.plazavea.com.pe/maracuya-x-k-g-1/p,https://plazavea.vteximg.com.br/arquivos/ids/177112-184-184/62718.jpg?v=635864716019370000,2026-09-16 21:15:06
poro-entero-x-und-1,Poro Entero x und.,PLAZA VEA,frutas-verduras,3.29,3.29,False,0.0,https://www.plazavea.com.pe/poro-entero-x-und-1/p,https://plazavea.vteximg.com.br/arquivos/ids/646186-184-184/60530.jpg?v=637443514449500000,2026-09-16 21:15:06
olluco-pack-x-250g-1-aprox,Olluco Pack x 250g aprox.,PLAZA VEA,frutas-verduras,6.9,6.9,False,0.0,https://www.plazavea.com.pe/olluco-pack-x-250g-1-aprox/p,https://plazavea.vteximg.com.br/arquivos/ids/34332152-184-184/60356.jpg?v=639124910675070000,2026-09-16 21:15:06
camote-morado-x-k-g-1,Camote Morado x kg,PLAZA VEA,frutas-verduras,3.99,3.99,False,0.0,https://www.plazavea.com.pe/camote-morado-x-k-g-1/p,https://plazavea.vteximg.com.br/arquivos/ids/34332127-184-184/59640.jpg?v=639124910496600000,2026-09-16 21:15:06
arveja-pack-x-250g-1-aprox,Arveja Pack x 250g aprox.,PLAZA VEA,frutas-verduras,12.5,12.5,False,0.0,https://www.plazavea.com.pe/arveja-pack-x-250g-1-aprox/p,https://plazavea.vteximg.com.br/arquivos/ids/34332149-184-184/59053.jpg?v=639124910654300000,2026-09-16 21:15:06
mang-1o-edward-x-k-g-1,Mango Edward x kg,PLAZA VEA,frutas-verduras,8.49,8.49,True,0.0,https://www.plazavea.com.pe/mang-1o-edward-x-k-g-1/p,https://plazavea.vteximg.com.br/arquivos/ids/646174-184-184/218306.jpg?v=637443514070630000,2026-09-16 21:15:06
manzana-roja-importada-x-k-g-1,Manzana Roja Importada x kg,PLAZA VEA,frutas-verduras,8.44,8.99,True,6.12,https://www.plazavea.com.pe/manzana-roja-importada-x-k-g-1/p,https://plazavea.vteximg.com.br/arquivos/ids/177229-184-184/20064830.jpg?v=635864717384230000,2026-09-16 21:15:06
manzana-verde-importada-x-k-g-1,Manzana Verde Importada x kg,PLAZA VEA,frutas-verduras,9.29,9.29,False,0.0,https://www.plazavea.com.pe/manzana-verde-importada-x-k-g-1/p,https://plazavea.vteximg.com.br/arquivos/ids/30567202-184-184/20062793.jpg?v=638745123029970000,2026-09-16 21:15:06
naranja-tang-1elo-costa-x-k-g-1,Naranja Tangelo Costa x kg,PLAZA VEA,frutas-verduras,4.89,4.89,False,0.0,https://www.plazavea.com.pe/naranja-tang-1elo-costa-x-k-g-1/p,https://plazavea.vteximg.com.br/arquivos/ids/31561441-184-184/997705.jpg?v=638866387093200000,2026-09-16 21:15:06
palta-hass-x-k-g-1,Palta Hass x kg,PLAZA VEA,frutas-verduras,7.99,7.99,True,0.0,https://www.plazavea.com.pe/palta-hass-x-k-g-1/p,https://plazavea.vteximg.com.br/arquivos/ids/266147-184-184/347518.jpg?v=637092642602100000,2026-09-16 21:15:06
palta-hass-madura-bells-paquete-3und,Palta Hass Madura BELL'S Paquete 3und,BELL'S FRESCOS,frutas-verduras,6.79,6.79,False,0.0,https://www.plazavea.com.pe/palta-hass-madura-bells-paquete-3und/p,https://plazavea.vteximg.com.br/arquivos/ids/34366148-184-184/20492675.jpg?v=639125084411200000,2026-09-16 21:15:06
camote-prefrito-congelado-bells-bolsa-500g,Camote Prefrito Congelado BELL'S Bolsa 500g,BELL'S,frutas-verduras,6.9,6.9,False,0.0,https://www.plazavea.com.pe/camote-prefrito-congelado-bells-bolsa-500g/p,https://plazavea.vteximg.com.br/arquivos/ids/29686100-184-184/20402238.jpg?v=638647168574270000,2026-09-16 21:15:06
limon-tahiti-x-k-g-1,Limón Tahití x kg,PLAZA VEA,frutas-verduras,3.99,3.99,False,0.0,https://www.plazavea.com.pe/limon-tahiti-x-k-g-1/p,https://plazavea.vteximg.com.br/arquivos/ids/34359295-184-184/20215393.jpg?v=639125039715230000,2026-09-16 21:15:06
albahaca-deshojada-bells-frescos-bolsa-120g-aprox-1,Albahaca Deshojada BELL'S FRESCOS Bolsa 120g a...,BELL'S FRESCOS,frutas-verduras,4.99,4.99,False,0.0,https://www.plazavea.com.pe/albahaca-deshojada-bells-frescos-bolsa-120g-aprox-1/p,https://plazavea.vteximg.com.br/arquivos/ids/29075299-184-184/20392909.jpg?v=638518757753970000,2026-09-16 21:15:06
lechuga-romana-entera-verde-puro-bolsa-200g-aprox-1,Lechuga Romana Entera VERDE PURO Bolsa 200g ap...,VERDE PURO,frutas-verduras,3.79,3.79,False,0.0,https://www.plazavea.com.pe/lechuga-romana-entera-verde-puro-bolsa-200g-aprox-1/p,https://plazavea.vteximg.com.br/arquivos/ids/28809054-184-184/107653.jpg?v=638449146599530000,2026-09-16 21:15:06
papa-prefrita-congelada-aviko-rizadas-bolsa-750g,Papa Prefrita Congelada AVIKO Rizadas Bolsa 75...,AVIKO,frutas-verduras,7.5,7.5,True,0.0,https://www.plazavea.com.pe/papa-prefrita-congelada-aviko-rizadas-bolsa-750g/p,https://plazavea.vteximg.com.br/arquivos/ids/27185275-184-184/20357235.jpg?v=638261064873470000,2026-09-16 21:15:06
brocoli-congelado-bells-bolsa-500g,Brócoli Congelado BELL'S Bolsa 500g,BELL'S,frutas-verduras,5.5,5.5,False,0.0,https://www.plazavea.com.pe/brocoli-congelado-bells-bolsa-500g/p,https://plazavea.vteximg.com.br/arquivos/ids/28513579-184-184/20356594.jpg?v=638373191552100000,2026-09-16 21:15:06
lechuga-seda-hidroponica-bells-bolsa-200g-aprox-1,Lechuga Seda Hidropónica BELL'S Bolsa 200g apr...,BELL'S FRESCOS,frutas-verduras,3.7,3.7,False,0.0,https://www.plazavea.com.pe/lechuga-seda-hidroponica-bells-bolsa-200g-aprox-1/p,https://plazavea.vteximg.com.br/arquivos/ids/25665635-184-184/20201267.jpg?v=638103759223800000,2026-09-16 21:15:06
choclo-desgranado-bells-bolsa-500g,Choclo Desgranado BELL'S Bolsa 500g,BELL'S,frutas-verduras,6.5,6.5,False,0.0,https://www.plazavea.com.pe/choclo-desgranado-bells-bolsa-500g/p,https://plazavea.vteximg.com.br/arquivos/ids/23372938-184-184/20206877.jpg?v=638065790349700000,2026-09-16 21:15:06
papa-prefrita-congelada-aviko-bolsa-1kg,Papa Prefrita Congelada AVIKO Bolsa 1kg,AVIKO,frutas-verduras,8.5,8.5,False,0.0,https://www.plazavea.com.pe/papa-prefrita-congelada-aviko-bolsa-1kg/p,https://plazavea.vteximg.com.br/arquivos/ids/27363563-184-184/20324516.jpg?v=638276836794800000,2026-09-16 21:15:06
esparragos-verdes-bells-frescos-bolsa-300g-aprox-1,Espárragos Verdes BELL'S FRESCOS Bolsa 300g ap...,BELL'S,frutas-verduras,7.3,7.3,False,0.0,https://www.plazavea.com.pe/esparragos-verdes-bells-frescos-bolsa-300g-aprox-1/p,https://vivanda.vteximg.com.br/arquivos/Sodio_saturadas.png?v=123,2026-09-16 21:15:06
tomate-cherry-bells-bandeja-300g-1,Tomate Cherry BELL'S Bandeja 300g,BELL'S,frutas-verduras,6.8,6.8,False,0.0,https://www.plazavea.com.pe/tomate-cherry-bells-bandeja-300g-1/p,https://plazavea.vteximg.com.br/arquivos/ids/1087051-184-184/20198839.jpg?v=637503318638270000,2026-09-16 21:15:06
rabanito-bells-bolsa-400g-aprox-1,Rabanito BELL'S Bolsa 400g aprox.,BELL'S,frutas-verduras,4.2,4.6,False,8.7,https://www.plazavea.com.pe/rabanito-bells-bolsa-400g-aprox-1/p,https://plazavea.vteximg.com.br/arquivos/ids/1087050-184-184/20198831.jpg?v=637503318353430000,2026-09-16 21:15:06
cebolla-china-bells-bolsa-320g-aprox-1,Cebolla China BELL'S Bolsa 320g aprox.,BELL'S,frutas-verduras,4.7,4.7,False,0.0,https://www.plazavea.com.pe/cebolla-china-bells-bolsa-320g-aprox-1/p,https://plazavea.vteximg.com.br/arquivos/ids/703849-184-184/20198827.jpg?v=637472214130230000,2026-09-16 21:15:06
blueberries-bells-frescos-bandeja-100g-1,Blueberries BELL'S FRESCOS Bandeja 100g,BELL'S,frutas-verduras,4.89,4.89,False,0.0,https://www.plazavea.com.pe/blueberries-bells-frescos-bandeja-100g-1/p,https://plazavea.vteximg.com.br/arquivos/ids/33954392-184-184/20201862.jpg?v=639077333632100000,2026-09-16 21:15:06
aguaymanto-pelado-bells-bandeja-200-g-1,Aguaymanto Pelado BELL'S Bandeja 200g,BELL'S,frutas-verduras,3.99,3.99,False,0.0,https://www.plazavea.com.pe/aguaymanto-pelado-bells-bandeja-200-g-1/p,https://vivanda.vteximg.com.br/arquivos/Alto_saturadas.png?v=123,2026-09-16 21:15:06
tomate-italiano-bells-bolsa-1-kg-aprox-1,Tomate Italiano BELL'S Bolsa 1Kg aprox.,BELL'S,frutas-verduras,7.9,7.9,False,0.0,https://www.plazavea.com.pe/tomate-italiano-bells-bolsa-1-kg-aprox-1/p,https://plazavea.vteximg.com.br/arquivos/ids/508760-184-184/20198834.jpg?v=638981320319100000,2026-09-16 21:15:06
pina-g-1olden-madura-x-k-g-1,Piña Golden Madura x kg,PLAZA VEA,frutas-verduras,8.39,8.99,False,6.67,https://www.plazavea.com.pe/pina-g-1olden-madura-x-k-g-1/p,https://plazavea.vteximg.com.br/arquivos/ids/17919810-184-184/972832.jpg?v=637989984861900000,2026-09-16 21:15:06
yuca-x-k-g-1,Yuca x kg,PLAZA VEA,frutas-verduras,6.2,6.2,False,0.0,https://www.plazavea.com.pe/yuca-x-k-g-1/p,https://plazavea.vteximg.com.br/arquivos/ids/34332126-184-184/88406.jpg?v=639124910487570000,2026-09-16 21:15:06
haba-verde-pack-x-250g-1-aprox,Haba Verde Pack x 250g aprox.,PLAZA VEA,frutas-verduras,5.59,5.59,False,0.0,https://www.plazavea.com.pe/haba-verde-pack-x-250g-1-aprox/p,https://plazavea.vteximg.com.br/arquivos/ids/518594-184-184/59879.jpg?v=637417681926470000,2026-09-16 21:15:06
coliflor-x-und-1,Coliflor x und.,PLAZA VEA,frutas-verduras,4.99,5.69,False,12.3,https://www.plazavea.com.pe/coliflor-x-und-1/p,https://plazavea.vteximg.com.br/arquivos/ids/265500-184-184/59435.jpg?v=637091015875670000,2026-09-16 21:15:06
champinon-entero-paccu-bandeja-200g-1,Champiñones Enteros PACCU Bandeja 200g,PACCU,frutas-verduras,5.4,7.0,False,22.86,https://www.plazavea.com.pe/champinon-entero-paccu-bandeja-200g-1/p,https://plazavea.vteximg.com.br/arquivos/ids/34332151-184-184/39038.jpg?v=639124910668370000,2026-09-16 21:15:06
maiz-morado-x-k-g-1,Maíz Morado x kg,PLAZA VEA,frutas-verduras,9.4,9.49,False,0.95,https://www.plazavea.com.pe/maiz-morado-x-k-g-1/p,https://plazavea.vteximg.com.br/arquivos/ids/169290-184-184/60110.jpg?v=635769969454900000,2026-09-16 21:15:06
platano-bellaco-x-k-g-1,Plátano Bellaco x kg,PLAZA VEA,frutas-verduras,5.49,5.49,False,0.0,https://www.plazavea.com.pe/platano-bellaco-x-k-g-1/p,https://plazavea.vteximg.com.br/arquivos/ids/34332101-184-184/2502.jpg?v=639124910298170000,2026-09-16 21:15:06
papa-blanca-cocktail-malla-x-k-g-1,Papa Blanca Cocktail Malla x kg,PLAZA VEA,frutas-verduras,2.3,2.39,False,3.77,https://www.plazavea.com.pe/papa-blanca-cocktail-malla-x-k-g-1/p,https://plazavea.vteximg.com.br/arquivos/ids/31561445-184-184/991160.jpg?v=638864587225000000,2026-09-16 21:15:06
caigua-x-und-1,Caigua x und.,PLAZA VEA,frutas-verduras,1.0,1.99,False,49.75,https://www.plazavea.com.pe/caigua-x-und-1/p,https://plazavea.vteximg.com.br/arquivos/ids/646189-184-184/180184.jpg?v=637443514544570000,2026-09-16 21:15:06
mix-arverja-y-zanahoria-practifood-bolsa-400g-20571394,Mix Arverja y Zanahoria PRACTIFOOD Bolsa 400g,PRACTIFOOD,frutas-verduras,6.5,6.5,False,0.0,https://www.plazavea.com.pe/mix-arverja-y-zanahoria-practifood-bolsa-400g-20571394/p,https://plazavea.vteximg.com.br/arquivos/ids/34478056-184-184/20571394.jpg?v=639130849056000000,2026-09-16 21:15:06
mix-vegetales-precocidos-practifood-bolsa-400g-20571397,Mix Vegetales Precocidos PRACTIFOOD Bolsa 400g,PRACTIFOOD,frutas-verduras,6.5,6.5,False,0.0,https://www.plazavea.com.pe/mix-vegetales-precocidos-practifood-bolsa-400g-20571397/p,https://plazavea.vteximg.com.br/arquivos/ids/34478055-184-184/20571397.jpg?v=639130849045300000,2026-09-16 21:15:06
col-morada-mitad-und-1,Col Morada Mitad und.,PLAZA VEA,frutas-verduras,6.9,6.9,False,0.0,https://www.plazavea.com.pe/col-morada-mitad-und-1/p,https://plazavea.vteximg.com.br/arquivos/ids/31254067-184-184/20492829.jpg?v=638930287144200000,2026-09-16 21:15:06
pitahaya-amarilla-x-k-g-1,Pitahaya Amarilla x kg,PLAZA VEA,frutas-verduras,23.9,23.9,False,0.0,https://www.plazavea.com.pe/pitahaya-amarilla-x-k-g-1/p,https://plazavea.vteximg.com.br/arquivos/ids/29164846-184-184/20389857.jpg?v=638540039559730000,2026-09-16 21:15:06
cebolla-china-manantiales-bolsa-200g-aprox-1,Cebolla China MANANTIALES Bolsa 200g aprox.,MANANTIALES,frutas-verduras,3.7,3.7,False,0.0,https://www.plazavea.com.pe/cebolla-china-manantiales-bolsa-200g-aprox-1/p,https://plazavea.vteximg.com.br/arquivos/ids/29164845-184-184/20389830.jpg?v=638540039525200000,2026-09-16 21:15:06
ensalada-col-zanahoria-bells-frescos-bolsa-250g,Ensalada Col Zanahoria BELL'S FRESCOS Bolsa 25...,BELL'S FRESCOS,frutas-verduras,4.69,4.69,False,0.0,https://www.plazavea.com.pe/ensalada-col-zanahoria-bells-frescos-bolsa-250g/p,https://plazavea.vteximg.com.br/arquivos/ids/28809070-184-184/20391385.jpg?v=638449147135570000,2026-09-16 21:15:06
lechuga-crespa-entera-verde-puro-bolsa-200g-aprox-1,Lechuga Crespa Entera VERDE PURO Bolsa 200g ap...,VERDE PURO,frutas-verduras,3.99,3.99,False,0.0,https://www.plazavea.com.pe/lechuga-crespa-entera-verde-puro-bolsa-200g-aprox-1/p,https://plazavea.vteximg.com.br/arquivos/ids/28809055-184-184/60011.jpg?v=638449146639070000,2026-09-16 21:15:06
mix-fresa-mango-y-pina-el-frutero-bolsa-1kg,"Mix Fresa, Piña y Mango Congelado EL FRUTERO B...",EL FRUTERO,frutas-verduras,17.9,17.9,False,0.0,https://www.plazavea.com.pe/mix-fresa-mango-y-pina-el-frutero-bolsa-1kg/p,https://plazavea.vteximg.com.br/arquivos/ids/27526494-184-184/20376753.jpg?v=638307736602200000,2026-09-16 21:15:31
zanahoria-congelada-bells-bolsa-500g,Zanahoria Congelada BELL'S Bolsa 500g,BELL'S,frutas-verduras,3.9,3.9,False,0.0,https://www.plazavea.com.pe/zanahoria-congelada-bells-bolsa-500g/p,https://plazavea.vteximg.com.br/arquivos/ids/28513580-184-184/20356597.jpg?v=638373191604130000,2026-09-16 21:15:31
fresa-entera-congelada-bells-bolsa-1kg,Fresa Entera Congelada BELL'S Bolsa 1kg,BELL'S,frutas-verduras,14.5,14.5,False,0.0,https://www.plazavea.com.pe/fresa-entera-congelada-bells-bolsa-1kg/p,https://plazavea.vteximg.com.br/arquivos/ids/27615118-184-184/20356009.jpg?v=638325036912700000,2026-09-16 21:15:31
pina-en-trozos-congelada-bells-bolsa-1kg,Piña en Trozos Congelada BELL'S Bolsa 1kg,BELL'S,frutas-verduras,15.9,15.9,False,0.0,https://www.plazavea.com.pe/pina-en-trozos-congelada-bells-bolsa-1kg/p,https://plazavea.vteximg.com.br/arquivos/ids/27615098-184-184/20356012.jpg?v=638325009323970000,2026-09-16 21:15:31
ensalada-jardinera-bells-bolsa-500g,Ensalada Jardinera BELL'S Bolsa 500g,BELL'S,frutas-verduras,4.1,4.1,False,0.0,https://www.plazavea.com.pe/ensalada-jardinera-bells-bolsa-500g/p,https://plazavea.vteximg.com.br/arquivos/ids/29040097-184-184/20353630.jpg?v=638508619594600000,2026-09-16 21:15:31
papa-crinkle-congelada-bem-brasil-bolsa-1-05kg-20325861,Papa Crinkle Congelada BEM BRASIL Bolsa 1.05kg,BEM BRASIL,frutas-verduras,8.5,8.9,False,4.49,https://www.plazavea.com.pe/papa-crinkle-congelada-bem-brasil-bolsa-1-05kg-20325861/p,https://plazavea.vteximg.com.br/arquivos/ids/35392786-184-184/20325861.jpg?v=639201619532200000,2026-09-16 21:15:31
ajo-entero-pelado-bells-bandeja-250g-1,Ajo Entero Pelado BELL'S Bandeja 250g,BELL'S,frutas-verduras,12.99,12.99,False,0.0,https://www.plazavea.com.pe/ajo-entero-pelado-bells-bandeja-250g-1/p,https://plazavea.vteximg.com.br/arquivos/ids/1146195-184-184/20200352.jpg?v=637509932541930000,2026-09-16 21:15:31
lechuga-americana-de-verano-viva-bolsa-x-un-d-1,Lechuga Americana de Verano VIVA Bolsa x und.,VIVA,frutas-verduras,4.6,4.6,False,0.0,https://www.plazavea.com.pe/lechuga-americana-de-verano-viva-bolsa-x-un-d-1/p,https://plazavea.vteximg.com.br/arquivos/ids/658448-184-184/20172802.jpg?v=637455459198100000,2026-09-16 21:15:31
espinaca-verde-puro-bolsa-500g-aprox-1,Espinaca VERDE PURO Bolsa 500g aprox.,VERDE PURO,frutas-verduras,7.2,8.89,False,19.01,https://www.plazavea.com.pe/espinaca-verde-puro-bolsa-500g-aprox-1/p,https://plazavea.vteximg.com.br/arquivos/ids/646471-184-184/20138384.jpg?v=637443533252870000,2026-09-16 21:15:31
jugo-naranja-ecofresh-botella-18l-1,Jugo Naranja ECOFRESH Botella 1.8L,ECOFRESH,frutas-verduras,20.9,20.9,False,0.0,https://www.plazavea.com.pe/jugo-naranja-ecofresh-botella-18l-1/p,https://plazavea.vteximg.com.br/arquivos/ids/212888-184-184/20117840.jpg?v=636887957344170000,2026-09-16 21:15:31
platano-palillo-x-k-g-1,Plátano Palillo x kg,PLAZA VEA,frutas-verduras,5.99,5.99,False,0.0,https://www.plazavea.com.pe/platano-palillo-x-k-g-1/p,https://plazavea.vteximg.com.br/arquivos/ids/34332102-184-184/20048819.jpg?v=639124910304700000,2026-09-16 21:15:31
manzana-nacional-x-k-g-1,Manzana Nacional x kg,PLAZA VEA,frutas-verduras,7.9,7.9,False,0.0,https://www.plazavea.com.pe/manzana-nacional-x-k-g-1/p,https://plazavea.vteximg.com.br/arquivos/ids/518576-184-184/63753.jpg?v=637417681356130000,2026-09-16 21:15:31
rocoto-x-und-1,Rocoto x und.,PLAZA VEA,frutas-verduras,1.59,1.59,False,0.0,https://www.plazavea.com.pe/rocoto-x-und-1/p,https://plazavea.vteximg.com.br/arquivos/ids/34332137-184-184/60646.jpg?v=639124910570670000,2026-09-16 21:15:31
nabo-x-und-1,Nabo x und.,PLAZA VEA,frutas-verduras,2.39,2.39,False,0.0,https://www.plazavea.com.pe/nabo-x-und-1/p,https://plazavea.vteximg.com.br/arquivos/ids/646180-184-184/60318.jpg?v=637443514262170000,2026-09-16 21:15:31
frejol-chino-pack-x-250g-1-aprox,Frejol Chino Pack x 250g aprox.,PLAZA VEA,frutas-verduras,4.7,4.7,False,0.0,https://www.plazavea.com.pe/frejol-chino-pack-x-250g-1-aprox/p,https://plazavea.vteximg.com.br/arquivos/ids/34332157-184-184/59800.jpg?v=639124910708700000,2026-09-16 21:15:31
berenjena-x-und-1,Berenjena x und.,PLAZA VEA,frutas-verduras,2.79,2.79,False,0.0,https://www.plazavea.com.pe/berenjena-x-und-1/p,https://plazavea.vteximg.com.br/arquivos/ids/265504-184-184/59268.jpg?v=637091015891470000,2026-09-16 21:15:31
papa-andina-procesada-x-k-g-1,Papa Andina Procesada x kg,PLAZA VEA,frutas-verduras,4.9,4.9,False,0.0,https://www.plazavea.com.pe/papa-andina-procesada-x-k-g-1/p,https://plazavea.vteximg.com.br/arquivos/ids/1265149-184-184/107771.jpg?v=637520242241930000,2026-09-16 21:15:31
pimiento-verde-x-k-g-1,Pimiento Verde x kg,PLAZA VEA,frutas-verduras,12.39,12.39,False,0.0,https://www.plazavea.com.pe/pimiento-verde-x-k-g-1/p,https://plazavea.vteximg.com.br/arquivos/ids/646187-184-184/131788.jpg?v=637443514480770000,2026-09-16 21:15:31
tuna-roja-x-k-g-1-1,Tuna Roja x kg,PLAZA VEA,frutas-verduras,9.9,9.9,False,0.0,https://www.plazavea.com.pe/tuna-roja-x-k-g-1-1/p,https://plazavea.vteximg.com.br/arquivos/ids/646176-184-184/65542.jpg?v=637443514131030000,2026-09-16 21:15:31
arugula-verde-puro-bolsa-160g-aprox-1,Arúgula VERDE PURO Bolsa 160g aprox.,VERDE PURO,frutas-verduras,6.9,6.9,False,0.0,https://www.plazavea.com.pe/arugula-verde-puro-bolsa-160g-aprox-1/p,https://plazavea.vteximg.com.br/arquivos/ids/29090893-184-184/618670.jpg?v=638524800194230000,2026-09-16 21:15:31
papa-huayro-x-k-g-1,Papa Huayro x kg,PLAZA VEA,frutas-verduras,5.49,5.49,False,0.0,https://www.plazavea.com.pe/papa-huayro-x-k-g-1/p,https://plazavea.vteximg.com.br/arquivos/ids/518584-184-184/60417.jpg?v=637417681610500000,2026-09-16 21:15:31
hierba-buena-en-atado-x-und-1,Hierba Buena en Atado x und.,PLAZA VEA,frutas-verduras,1.69,1.69,False,0.0,https://www.plazavea.com.pe/hierba-buena-en-atado-x-und-1/p,https://plazavea.vteximg.com.br/arquivos/ids/646184-184-184/59886.jpg?v=637443514387900000,2026-09-16 21:15:31
brocoli-viva-x-und-1,Brócoli VIVA x und.,VIVA,frutas-verduras,6.99,13.2,False,47.05,https://www.plazavea.com.pe/brocoli-viva-x-und-1/p,https://plazavea.vteximg.com.br/arquivos/ids/646279-184-184/934095.jpg?v=637443522754130000,2026-09-16 21:15:31
naranja-de-mesa-importada-x-k-g-1,Naranja de Mesa Importada x kg,PLAZA VEA,frutas-verduras,8.9,8.9,False,0.0,https://www.plazavea.com.pe/naranja-de-mesa-importada-x-k-g-1/p,https://plazavea.vteximg.com.br/arquivos/ids/30383941-184-184/20022186.jpg?v=638721794117570000,2026-09-16 21:15:31
choclo-serrano-precocido-practifood-doypack-400g-20624573,Choclo Serrano Precocido PRACTIFOOD Doypack 40...,PRACTIFOOD,frutas-verduras,8.49,8.49,False,0.0,https://www.plazavea.com.pe/choclo-serrano-precocido-practifood-doypack-400g-20624573/p,https://plazavea.vteximg.com.br/arquivos/ids/34273263-184-184/20624573.jpg?v=639119477340370000,2026-09-16 21:15:31
zanahoria-baby-bells-frescos-bandeja-x-un-20391039,Zanahoria Baby BELL'S FRESCOS Bandeja x un,BELL'S FRESCOS,frutas-verduras,4.39,4.39,False,0.0,https://www.plazavea.com.pe/zanahoria-baby-bells-frescos-bandeja-x-un-20391039/p,https://plazavea.vteximg.com.br/arquivos/ids/34362361-184-184/20391039.jpg?v=639125060199400000,2026-09-16 21:15:31
choclo-americano-precocido-practifood-bolsa-400g-20571392,Choclo Americano Precocido PRACTIFOOD Bolsa 40...,PRACTIFOOD,frutas-verduras,8.5,10.0,False,15.0,https://www.plazavea.com.pe/choclo-americano-precocido-practifood-bolsa-400g-20571392/p,https://plazavea.vteximg.com.br/arquivos/ids/34478051-184-184/20571392.jpg?v=639130849011830000,2026-09-16 21:15:31
yuca-amarilla-precocida-practifood-bolsa-400g-20571405,Yuca Amarilla Precocida PRACTIFOOD Bolsa 400g,PRACTIFOOD,frutas-verduras,7.5,7.5,False,0.0,https://www.plazavea.com.pe/yuca-amarilla-precocida-practifood-bolsa-400g-20571405/p,https://plazavea.vteximg.com.br/arquivos/ids/34478062-184-184/20571405.jpg?v=639130849120770000,2026-09-16 21:15:31
trozos-de-papaya-congelada-bells-bolsa-1kg,Trozos de Papaya Congelada BELL'S Bolsa 1Kg,BELL'S,frutas-verduras,14.9,14.9,False,0.0,https://www.plazavea.com.pe/trozos-de-papaya-congelada-bells-bolsa-1kg/p,https://plazavea.vteximg.com.br/arquivos/ids/30280728-184-184/20463267.jpg?v=638687878036800000,2026-09-16 21:15:31
papa-prefrita-congelada-aviko-super-crunch-bolsa-750g,Papa Prefrita Congelada AVIKO Super Crunch Bol...,AVIKO,frutas-verduras,8.5,8.5,False,0.0,https://www.plazavea.com.pe/papa-prefrita-congelada-aviko-super-crunch-bolsa-750g/p,https://plazavea.vteximg.com.br/arquivos/ids/31424281-184-184/20426043.jpg?v=638845867253230000,2026-09-16 21:15:31
baby-pepinillo-bells-frescos-bandeja-300g-aprox-1,Baby Pepinillo BELL'S FRESCOS Bandeja 300g apr...,BELL'S FRESCOS,frutas-verduras,5.5,5.5,False,0.0,https://www.plazavea.com.pe/baby-pepinillo-bells-frescos-bandeja-300g-aprox-1/p,https://plazavea.vteximg.com.br/arquivos/ids/29164850-184-184/20391038.jpg?v=638540039668700000,2026-09-16 21:15:31
ensalada-mix-bells-frescos-bolsa-150g-1,Ensalada Mix BELL'S FRESCOS Bolsa 150g,BELL'S FRESCOS,frutas-verduras,6.59,6.59,False,0.0,https://www.plazavea.com.pe/ensalada-mix-bells-frescos-bolsa-150g-1/p,https://plazavea.vteximg.com.br/arquivos/ids/28809068-184-184/20391387.jpg?v=638449147058970000,2026-09-16 21:15:31
lechuga-romana-bells-frescos-bolsa-170g-aprox-1,Lechuga Romana BELL'S FRESCOS Bolsa 170g aprox...,BELL'S FRESCOS,frutas-verduras,2.79,2.79,False,0.0,https://www.plazavea.com.pe/lechuga-romana-bells-frescos-bolsa-170g-aprox-1/p,https://plazavea.vteximg.com.br/arquivos/ids/28809058-184-184/20255073.jpg?v=638449146754200000,2026-09-16 21:15:31
mix-arandano-fresa-y-frambuesa-el-frutero-bolsa-1kg,"Mix Arándano, Fresa y Frambuesa Congelado EL F...",EL FRUTERO,frutas-verduras,24.9,24.9,False,0.0,https://www.plazavea.com.pe/mix-arandano-fresa-y-frambuesa-el-frutero-bolsa-1kg/p,https://plazavea.vteximg.com.br/arquivos/ids/27526495-184-184/20376754.jpg?v=638307736945070000,2026-09-16 21:15:31
mango-congelado-en-trozos-el-frutero-bolsa-1kg,Mango Congelado en Trozos EL FRUTERO Bolsa 1kg,EL FRUTERO,frutas-verduras,19.9,19.9,False,0.0,https://www.plazavea.com.pe/mango-congelado-en-trozos-el-frutero-bolsa-1kg/p,https://plazavea.vteximg.com.br/arquivos/ids/27526493-184-184/20376755.jpg?v=638307736254170000,2026-09-16 21:15:31
verduras-wok-mix-bells-bolsa-500g,Verduras Wok Mix BELL'S Bolsa 500g,BELL'S,frutas-verduras,4.9,4.9,False,0.0,https://www.plazavea.com.pe/verduras-wok-mix-bells-bolsa-500g/p,https://plazavea.vteximg.com.br/arquivos/ids/28527048-184-184/20353633.jpg?v=638376759137100000,2026-09-16 21:15:31
papa-tradicional-congelada-bem-brasil-bolsa-1-05kg-20325857,Papa Tradicional Congelada BEM BRASIL Bolsa 1....,BEM BRASIL,frutas-verduras,7.9,7.9,False,0.0,https://www.plazavea.com.pe/papa-tradicional-congelada-bem-brasil-bolsa-1-05kg-20325857/p,https://plazavea.vteximg.com.br/arquivos/ids/35392788-184-184/20325857.jpg?v=639201619537670000,2026-09-16 21:15:31
mix-de-emoliente-guva-bolsa-100g-1,Mix de Emoliente GUVA Bolsa 100g,GUVA,frutas-verduras,3.3,3.3,False,0.0,https://www.plazavea.com.pe/mix-de-emoliente-guva-bolsa-100g-1/p,https://plazavea.vteximg.com.br/arquivos/ids/25665629-184-184/20207740.jpg?v=638103753810000000,2026-09-16 21:15:31
lechuga-roja-hidroponica-bells-bolsa-200g-aprox-1,Lechuga Roja Hidropónica BELL'S Bolsa 200g apr...,BELL'S FRESCOS,frutas-verduras,4.6,4.6,False,0.0,https://www.plazavea.com.pe/lechuga-roja-hidroponica-bells-bolsa-200g-aprox-1/p,https://plazavea.vteximg.com.br/arquivos/ids/25665634-184-184/20201265.jpg?v=638103758936600000,2026-09-16 21:15:31
jugo-naranja-eco-fresh-botella-1l-1,Jugo Naranja Cold Pressed ECOFRESH Botella 1L,ECOFRESH,frutas-verduras,14.49,14.49,False,0.0,https://www.plazavea.com.pe/jugo-naranja-eco-fresh-botella-1l-1/p,https://plazavea.vteximg.com.br/arquivos/ids/20557304-184-184/20237301.jpg?v=638025868882530000,2026-09-16 21:15:31
trozos-de-pina-golden-el-frutero-bolsa-1kg,Trozos de Piña Golden Congelada EL FRUTERO Bol...,EL FRUTERO,frutas-verduras,20.5,20.5,False,0.0,https://www.plazavea.com.pe/trozos-de-pina-golden-el-frutero-bolsa-1kg/p,https://plazavea.vteximg.com.br/arquivos/ids/29450764-184-184/20213440.jpg?v=638616389091600000,2026-09-16 21:15:31
pulpa-de-mango-congelado-el-frutero-bolsa-500g,Pulpa de Mango Congelado EL FRUTERO Bolsa 500g,EL FRUTERO,frutas-verduras,7.5,7.5,False,0.0,https://www.plazavea.com.pe/pulpa-de-mango-congelado-el-frutero-bolsa-500g/p,https://plazavea.vteximg.com.br/arquivos/ids/29450794-184-184/20266351.jpg?v=638616389870330000,2026-09-16 21:15:31
arandanos-entero-el-frutero-congelado-bolsa-1kg,Arándanos Entero Congelado EL FRUTERO Bolsa 1K...,EL FRUTERO,frutas-verduras,21.5,21.5,False,0.0,https://www.plazavea.com.pe/arandanos-entero-el-frutero-congelado-bolsa-1kg/p,https://plazavea.vteximg.com.br/arquivos/ids/29450785-184-184/20254332.jpg?v=638616389646900000,2026-09-16 21:15:31
pina-en-trozos-bells-bandeja-500g-aprox-1,Piña en Trozos BELL'S Bandeja 500g aprox.,BELL'S,frutas-verduras,11.9,11.9,False,0.0,https://www.plazavea.com.pe/pina-en-trozos-bells-bandeja-500g-aprox-1/p,https://plazavea.vteximg.com.br/arquivos/ids/2971613-184-184/20219610.jpg?v=637722485950470000,2026-09-16 21:15:31
lucuma-madura-bells-x-kg-1,Lúcuma Madura BELL'S Pack 3 und.,BELL'S,frutas-verduras,13.9,13.9,False,0.0,https://www.plazavea.com.pe/lucuma-madura-bells-x-kg-1/p,https://plazavea.vteximg.com.br/arquivos/ids/2164171-184-184/20220615.jpg?v=638962474471900000,2026-09-16 21:15:31
acelga-bells-bolsa-300g-aprox-1,Acelga BELL'S Bolsa 300g aprox.,BELL'S,frutas-verduras,4.9,4.9,False,0.0,https://www.plazavea.com.pe/acelga-bells-bolsa-300g-aprox-1/p,https://plazavea.vteximg.com.br/arquivos/ids/703848-184-184/20198826.jpg?v=637472213869700000,2026-09-16 21:15:31
cocktail-de-esparragos-bells-frescos-bandeja-200-g-aprox-1,Cocktail de Espárragos BELL'S Frescos Bandeja ...,BELL'S,frutas-verduras,8.9,8.9,False,0.0,https://www.plazavea.com.pe/cocktail-de-esparragos-bells-frescos-bandeja-200-g-aprox-1/p,https://plazavea.vteximg.com.br/arquivos/ids/1081658-184-184/20205504.jpg?v=637502921466530000,2026-09-16 21:15:31
fresas-congeladas-del-ande-bolsa-1kg-20149815,Fresas Congeladas DEL ANDE Bolsa 1Kg,DEL ANDE,frutas-verduras,14.5,14.5,False,0.0,https://www.plazavea.com.pe/fresas-congeladas-del-ande-bolsa-1kg-20149815/p,https://plazavea.vteximg.com.br/arquivos/ids/34749454-184-184/20149815.jpg?v=639154025245600000,2026-09-16 21:15:31
palta-hass-madura-la-caserita-bandeja-500g-aprox-1,Palta Hass Madura LA CASERITA Bandeja 500g apr...,LA CASERITA,frutas-verduras,8.9,8.9,False,0.0,https://www.plazavea.com.pe/palta-hass-madura-la-caserita-bandeja-500g-aprox-1/p,https://plazavea.vteximg.com.br/arquivos/ids/1517946-184-184/20140165.jpg?v=637547964405600000,2026-09-16 21:15:31
espinaca-bebe-verde-puro-bolsa-180g-aprox-,Espinaca Bebé VERDE PURO Bolsa 180g aprox.,VERDE PURO,frutas-verduras,8.5,8.5,False,0.0,https://www.plazavea.com.pe/espinaca-bebe-verde-puro-bolsa-180g-aprox-/p,https://plazavea.vteximg.com.br/arquivos/ids/365095-184-184/20002598.jpg?v=637316403632570000,2026-09-16 21:15:31
pollo-entero-fresco-con-menudencia-x-kg-135484,Pollo Entero Fresco con Menudencia x kg,PLAZA VEA,carnes-pescados,6.3,8.9,True,29.21,https://www.plazavea.com.pe/pollo-entero-fresco-con-menudencia-x-kg-135484/p,https://plazavea.vteximg.com.br/arquivos/ids/29694318-184-184/135484.jpg?v=638648726450730000,2026-09-16 21:16:01
hamburguesa-de-pollo-casera-x-kg-734882,Hamburguesa de Pollo Casera x kg,PLAZA VEA,carnes-pescados,16.9,16.9,False,0.0,https://www.plazavea.com.pe/hamburguesa-de-pollo-casera-x-kg-734882/p,https://plazavea.vteximg.com.br/arquivos/ids/518397-184-184/734882.jpg?v=637417674683300000,2026-09-16 21:16:01
carne-molida-el-buen-corte-x-kg-20168645,Carne Molida EL BUEN CORTE x kg,EL BUEN CORTE,carnes-pescados,24.9,24.9,False,0.0,https://www.plazavea.com.pe/carne-molida-el-buen-corte-x-kg-20168645/p,https://plazavea.vteximg.com.br/arquivos/ids/30584927-184-184/20168645.jpg?v=638750554626370000,2026-09-16 21:16:01
filete-de-pechuga-de-pollo-sadia-bolsa-1kg-20145201,Filete de Pechuga de Pollo SADIA Bolsa 1kg,SADIA,carnes-pescados,14.9,14.9,True,0.0,https://www.plazavea.com.pe/filete-de-pechuga-de-pollo-sadia-bolsa-1kg-20145201/p,https://plazavea.vteximg.com.br/arquivos/ids/34333934-184-184/20145201.jpg?v=639124920455500000,2026-09-16 21:16:01
filete-de-pechuga-de-pollo-x-kg-20220319,Filete de Pechuga de Pollo x kg,PLAZA VEA,carnes-pescados,20.4,21.9,True,6.85,https://www.plazavea.com.pe/filete-de-pechuga-de-pollo-x-kg-20220319/p,https://plazavea.vteximg.com.br/arquivos/ids/29736516-184-184/20220319.jpg?v=638832906461130000,2026-09-16 21:16:01
muslos-de-pollo-x-kg-20220318,Muslos de Pollo x kg,PLAZA VEA,carnes-pescados,12.6,14.0,False,10.0,https://www.plazavea.com.pe/muslos-de-pollo-x-kg-20220318/p,https://plazavea.vteximg.com.br/arquivos/ids/29736535-184-184/20220318.jpg?v=638652119327670000,2026-09-16 21:16:01
pechuga-especial-de-pollo-x-kg-20220310,Pechuga Especial de Pollo x kg,PLAZA VEA,carnes-pescados,14.9,14.9,False,0.0,https://www.plazavea.com.pe/pechuga-especial-de-pollo-x-kg-20220310/p,https://plazavea.vteximg.com.br/arquivos/ids/29736550-184-184/20220310.jpg?v=638652123456470000,2026-09-16 21:16:01
carne-molida-light-el-buen-corte-x-kg-20168640,Carne Molida Light EL BUEN CORTE x kg,EL BUEN CORTE,carnes-pescados,37.3,37.3,False,0.0,https://www.plazavea.com.pe/carne-molida-light-el-buen-corte-x-kg-20168640/p,https://plazavea.vteximg.com.br/arquivos/ids/27363522-184-184/20168640.jpg?v=638276835897800000,2026-09-16 21:16:01
filete-de-tilapia-bells-bolsa-1kg,Filete de Tilapia BELL'S Bolsa 1Kg,BELL'S,carnes-pescados,17.9,17.9,False,0.0,https://www.plazavea.com.pe/filete-de-tilapia-bells-bolsa-1kg/p,https://plazavea.vteximg.com.br/arquivos/ids/20372455-184-184/20071091.jpg?v=638023231172000000,2026-09-16 21:16:01
bisteck-el-buen-corte-x-kg-20168641,Bisteck EL BUEN CORTE x kg,EL BUEN CORTE,carnes-pescados,42.9,42.9,False,0.0,https://www.plazavea.com.pe/bisteck-el-buen-corte-x-kg-20168641/p,https://plazavea.vteximg.com.br/arquivos/ids/27363510-184-184/20168641.jpg?v=638276835560300000,2026-09-16 21:16:01
guiso-el-buen-corte-x-kg-20168635,Guiso EL BUEN CORTE x kg,EL BUEN CORTE,carnes-pescados,36.9,36.9,False,0.0,https://www.plazavea.com.pe/guiso-el-buen-corte-x-kg-20168635/p,https://plazavea.vteximg.com.br/arquivos/ids/34338443-184-184/20168635.jpg?v=639124922235830000,2026-09-16 21:16:01
carne-molida-de-pavita-san-fernando-empaque-500g-20121040,Carne Molida de Pavita SAN FERNANDO Empaque 50...,SAN FERNANDO,carnes-pescados,12.9,12.9,False,0.0,https://www.plazavea.com.pe/carne-molida-de-pavita-san-fernando-empaque-500g-20121040/p,https://plazavea.vteximg.com.br/arquivos/ids/16381014-184-184/20121040.jpg?v=637970148288030000,2026-09-16 21:16:01
higado-el-buen-corte-x-kg-20062481,Hígado EL BUEN CORTE x kg,EL BUEN CORTE,carnes-pescados,13.9,13.9,True,0.0,https://www.plazavea.com.pe/higado-el-buen-corte-x-kg-20062481/p,https://plazavea.vteximg.com.br/arquivos/ids/31118944-184-184/20062481.jpg?v=638791411998570000,2026-09-16 21:16:01
carne-molida-frigon-congelado-empaque-500g-20569637,Carne Molida FRIGON Congelado Empaque 500g,FRIGON,carnes-pescados,9.9,9.9,False,0.0,https://www.plazavea.com.pe/carne-molida-frigon-congelado-empaque-500g-20569637/p,https://plazavea.vteximg.com.br/arquivos/origin-country-brasil.png,2026-09-16 21:16:01
pechuga-especial-de-pollo-light-san-fernando-x-kg-20505002,Pechuga Especial de Pollo Light SAN FERNANDO x...,SAN FERNANDO,carnes-pescados,18.5,19.5,False,5.13,https://www.plazavea.com.pe/pechuga-especial-de-pollo-light-san-fernando-x-kg-20505002/p,https://plazavea.vteximg.com.br/arquivos/ids/34367820-184-184/20505002.jpg?v=639125094003170000,2026-09-16 21:16:01
piernitas-de-pollo-sadia-bolsa-1kg-20213339,Piernitas de Pollo SADIA Bolsa 1kg,SADIA,carnes-pescados,11.9,11.9,False,0.0,https://www.plazavea.com.pe/piernitas-de-pollo-sadia-bolsa-1kg-20213339/p,https://plazavea.vteximg.com.br/arquivos/ids/34359244-184-184/20213339.jpg?v=639125039261600000,2026-09-16 21:16:01
medallon-de-pavita-san-fernando-x-kg-20208195,Medallón de Pavita SAN FERNANDO x kg,SAN FERNANDO,carnes-pescados,22.9,22.9,False,0.0,https://www.plazavea.com.pe/medallon-de-pavita-san-fernando-x-kg-20208195/p,https://plazavea.vteximg.com.br/arquivos/ids/2209487-184-184/20208195.jpg?v=637638671979670000,2026-09-16 21:16:01
pierna-en-rodaja-de-pavita-san-fernando-x-kg-20208186,Pierna en Rodaja de Pavita SAN FERNANDO x kg,SAN FERNANDO,carnes-pescados,16.9,16.9,False,0.0,https://www.plazavea.com.pe/pierna-en-rodaja-de-pavita-san-fernando-x-kg-20208186/p,https://plazavea.vteximg.com.br/arquivos/ids/2209486-184-184/20208186.jpg?v=637638671951330000,2026-09-16 21:16:01
pierna-con-encuentro-de-pollo-x-kg-20220322,Pierna con Encuentro de Pollo x kg,PLAZA VEA,carnes-pescados,11.5,11.5,False,0.0,https://www.plazavea.com.pe/pierna-con-encuentro-de-pollo-x-kg-20220322/p,https://plazavea.vteximg.com.br/arquivos/ids/29736551-184-184/20220322.jpg?v=638652124678130000,2026-09-16 21:16:01
filete-de-pierna-de-pollo-x-kg-20220327,Filete de Pierna de Pollo x kg,PLAZA VEA,carnes-pescados,19.5,19.5,False,0.0,https://www.plazavea.com.pe/filete-de-pierna-de-pollo-x-kg-20220327/p,https://plazavea.vteximg.com.br/arquivos/ids/29736488-184-184/20220327.jpg?v=638652086046600000,2026-09-16 21:16:01
sasami-de-pollo-x-kg-20220320,Sasami de Pollo x kg,PLAZA VEA,carnes-pescados,20.9,20.9,False,0.0,https://www.plazavea.com.pe/sasami-de-pollo-x-kg-20220320/p,https://plazavea.vteximg.com.br/arquivos/ids/29736491-184-184/20220320.jpg?v=638652097311070000,2026-09-16 21:16:01
higado-de-pollo-x-kg-20220312,Hígado de Pollo x kg,PLAZA VEA,carnes-pescados,8.9,8.9,True,0.0,https://www.plazavea.com.pe/higado-de-pollo-x-kg-20220312/p,https://plazavea.vteximg.com.br/arquivos/ids/29736517-184-184/20220312.jpg?v=638652113732970000,2026-09-16 21:16:01
pechuga-entera-de-pollo-x-kg-20220316,Pechuga Entera de Pollo x kg,PLAZA VEA,carnes-pescados,13.5,13.5,False,0.0,https://www.plazavea.com.pe/pechuga-entera-de-pollo-x-kg-20220316/p,https://plazavea.vteximg.com.br/arquivos/ids/29736543-184-184/20220316.jpg?v=638652122448400000,2026-09-16 21:16:01
pierna-de-pollo-san-fernando-x-kg-20220315,Pierna de Pollo SAN FERNANDO x kg,PLAZA VEA,carnes-pescados,11.3,13.5,False,16.3,https://www.plazavea.com.pe/pierna-de-pollo-san-fernando-x-kg-20220315/p,https://plazavea.vteximg.com.br/arquivos/ids/29736490-184-184/20220315.jpg?v=638652096810200000,2026-09-16 21:16:01
porciones-de-trucha-piscis-bolsa-500g,Porciones de Trucha PISCIS Bolsa 500g,PISCIS,carnes-pescados,27.5,27.5,True,0.0,https://www.plazavea.com.pe/porciones-de-trucha-piscis-bolsa-500g/p,https://plazavea.vteximg.com.br/arquivos/ids/585174-184-184/20206008.jpg?v=637435927739530000,2026-09-16 21:16:01
muslos-de-pollo-sadia-bolsa-1kg-20197697,Muslos de Pollo SADIA Bolsa 1kg,SADIA,carnes-pescados,12.9,12.9,False,0.0,https://www.plazavea.com.pe/muslos-de-pollo-sadia-bolsa-1kg-20197697/p,https://plazavea.vteximg.com.br/arquivos/ids/34358445-184-184/20197697.jpg?v=639125032633930000,2026-09-16 21:16:01
molleja-de-pollo-sadia-bolsa-1kg-20197699,Molleja de Pollo SADIA Bolsa 1kg,SADIA,carnes-pescados,9.6,9.6,False,0.0,https://www.plazavea.com.pe/molleja-de-pollo-sadia-bolsa-1kg-20197699/p,https://plazavea.vteximg.com.br/arquivos/ids/19996561-184-184/20197699.jpg?v=638017646466630000,2026-09-16 21:16:01
filete-de-tilapia-fine-foods-bolsa-1kg,Filete de Tilapia FINE FOODS Bolsa 1kg,FINE FOODS,carnes-pescados,16.9,16.9,False,0.0,https://www.plazavea.com.pe/filete-de-tilapia-fine-foods-bolsa-1kg/p,https://plazavea.vteximg.com.br/arquivos/ids/26694837-184-184/20199824.jpg?v=638995933603600000,2026-09-16 21:16:01
guiso-especial-el-buen-corte-x-kg-20168627,Guiso Especial EL BUEN CORTE x kg,EL BUEN CORTE,carnes-pescados,39.9,42.9,True,6.99,https://www.plazavea.com.pe/guiso-especial-el-buen-corte-x-kg-20168627/p,https://plazavea.vteximg.com.br/arquivos/ids/27363524-184-184/20168627.jpg?v=638276835942700000,2026-09-16 21:16:01
chuleta-punta-de-lomo-el-buen-corte-x-kg-20124483,Chuleta Punta de Lomo EL BUEN CORTE x kg,EL BUEN CORTE,carnes-pescados,15.5,15.9,False,2.52,https://www.plazavea.com.pe/chuleta-punta-de-lomo-el-buen-corte-x-kg-20124483/p,https://plazavea.vteximg.com.br/arquivos/ids/16381019-184-184/20124483.jpg?v=637970148442500000,2026-09-16 21:16:01
osobuco-de-res-el-buen-corte-x-kg-73967,Osobuco de Res EL BUEN CORTE x kg,EL BUEN CORTE,carnes-pescados,25.9,25.9,False,0.0,https://www.plazavea.com.pe/osobuco-de-res-el-buen-corte-x-kg-73967/p,https://plazavea.vteximg.com.br/arquivos/origin-country-peru.png,2026-09-16 21:16:01
chuleta-de-brazuelo-de-cerdo-x-kg-980251,Chuleta de Brazuelo de Cerdo x kg,PLAZA VEA,carnes-pescados,18.9,18.9,False,0.0,https://www.plazavea.com.pe/chuleta-de-brazuelo-de-cerdo-x-kg-980251/p,https://plazavea.vteximg.com.br/arquivos/ids/16381017-184-184/980251.jpg?v=637970148378200000,2026-09-16 21:16:01
filete-de-trucha-bells-congelado-bolsa-500g,Filete de Trucha BELL'S Congelado con Piel Bol...,BELL'S,carnes-pescados,25.9,27.9,False,7.17,https://www.plazavea.com.pe/filete-de-trucha-bells-congelado-bolsa-500g/p,https://plazavea.vteximg.com.br/arquivos/ids/34330617-184-184/20073744.jpg?v=639124899361470000,2026-09-16 21:16:01
sangrecita-criolla-redondos-empaque-500g-127200,Sangrecita Criolla REDONDOS Empaque 500g,REDONDOS,carnes-pescados,5.5,6.4,False,14.06,https://www.plazavea.com.pe/sangrecita-criolla-redondos-empaque-500g-127200/p,https://plazavea.vteximg.com.br/arquivos/ids/429351-184-184/127200.jpg?v=637382269277830000,2026-09-16 21:16:01
pollo-trozado-en-8-piezas-x-kg-20018645,Pollo Trozado en 8 Piezas x kg,PLAZA VEA,carnes-pescados,9.9,10.2,False,2.94,https://www.plazavea.com.pe/pollo-trozado-en-8-piezas-x-kg-20018645/p,https://plazavea.vteximg.com.br/arquivos/ids/222172-184-184/20018645.jpg?v=636966611656930000,2026-09-16 21:16:01
pollo-sin-menudencia-san-fernando-x-kg-20215929,Pollo sin Menudencia SAN FERNANDO x kg,SAN FERNANDO,carnes-pescados,11.29,11.29,False,0.0,https://www.plazavea.com.pe/pollo-sin-menudencia-san-fernando-x-kg-20215929/p,https://plazavea.vteximg.com.br/arquivos/ids/34608084-184-184/20215929.jpg?v=639137903310800000,2026-09-16 21:16:01
carne-molida-de-cerdo-redondos-empaque-500g-20568437,Carne Molida de Cerdo REDONDOS Empaque 500g,REDONDOS,carnes-pescados,9.5,9.5,False,0.0,https://www.plazavea.com.pe/carne-molida-de-cerdo-redondos-empaque-500g-20568437/p,https://plazavea.vteximg.com.br/arquivos/ids/34469668-184-184/20568437.jpg?v=639130813194770000,2026-09-16 21:16:01
muslitos-de-pollo-light-san-fernando-x-kg-20505003,Muslitos de Pollo Light SAN FERNANDO x kg,SAN FERNANDO,carnes-pescados,18.9,19.9,False,5.03,https://www.plazavea.com.pe/muslitos-de-pollo-light-san-fernando-x-kg-20505003/p,https://plazavea.vteximg.com.br/arquivos/ids/34367818-184-184/20505003.jpg?v=639125093988300000,2026-09-16 21:16:01
carne-molida-cerdo-san-fernando-empaque-500g-20357935,Carne Molida Cerdo SAN FERNANDO Empaque 500g,SAN FERNANDO,carnes-pescados,15.5,15.5,False,0.0,https://www.plazavea.com.pe/carne-molida-cerdo-san-fernando-empaque-500g-20357935/p,https://plazavea.vteximg.com.br/arquivos/ids/29212805-184-184/20357935.jpg?v=638563961834770000,2026-09-16 21:16:01
guiso-especial-frigon-x-kg-20328455,Guiso Especial FRIGON x kg,FRIGON,carnes-pescados,37.9,37.9,False,0.0,https://www.plazavea.com.pe/guiso-especial-frigon-x-kg-20328455/p,https://plazavea.vteximg.com.br/arquivos/origin-country-brasil.png,2026-09-16 21:16:01
bife-angosto-frigon-x-kg-20328445,Bife Angosto FRIGON x kg,FRIGON,carnes-pescados,42.9,47.5,True,9.68,https://www.plazavea.com.pe/bife-angosto-frigon-x-kg-20328445/p,https://plazavea.vteximg.com.br/arquivos/origin-country-brasil.png,2026-09-16 21:16:01
lomo-fino-porcionado-frigon-x-kg-20328446,Lomo Fino Porcionado FRIGON x kg,FRIGON,carnes-pescados,72.9,76.9,True,5.2,https://www.plazavea.com.pe/lomo-fino-porcionado-frigon-x-kg-20328446/p,https://plazavea.vteximg.com.br/arquivos/origin-country-brasil.png,2026-09-16 21:16:01
molleja-de-pollo-x-kg-20220309,Molleja de Pollo x kg,PLAZA VEA,carnes-pescados,13.5,13.5,False,0.0,https://www.plazavea.com.pe/molleja-de-pollo-x-kg-20220309/p,https://plazavea.vteximg.com.br/arquivos/ids/29736519-184-184/20220309.jpg?v=638652115796330000,2026-09-16 21:16:01
patas-de-pollo-x-kg-20220323,Patas de Pollo x kg,PLAZA VEA,carnes-pescados,8.5,8.5,False,0.0,https://www.plazavea.com.pe/patas-de-pollo-x-kg-20220323/p,https://plazavea.vteximg.com.br/arquivos/ids/29736539-184-184/20220323.jpg?v=638652120480600000,2026-09-16 21:16:01
corazon-de-pollo-x-kg-20220317,Corazón de Pollo x kg,PLAZA VEA,carnes-pescados,12.9,12.9,False,0.0,https://www.plazavea.com.pe/corazon-de-pollo-x-kg-20220317/p,https://plazavea.vteximg.com.br/arquivos/ids/29736512-184-184/20220317.jpg?v=638652101629400000,2026-09-16 21:16:01
alitas-de-pollo-x-kg-20220326,Alitas de Pollo x kg,PLAZA VEA,carnes-pescados,12.9,12.9,False,0.0,https://www.plazavea.com.pe/alitas-de-pollo-x-kg-20220326/p,https://plazavea.vteximg.com.br/arquivos/ids/34359102-184-184/20220326.jpg?v=639125037976370000,2026-09-16 21:16:01
filete-de-pechuga-de-pollo-artisan-x-kg-20206723,Filete de Pechuga de Pollo ARTISAN x kg,ARTISAN,carnes-pescados,34.9,39.49,False,11.62,https://www.plazavea.com.pe/filete-de-pechuga-de-pollo-artisan-x-kg-20206723/p,https://plazavea.vteximg.com.br/arquivos/ids/34412098-184-184/20206723.jpg?v=639125604494030000,2026-09-16 21:16:01
porciones-de-salmon-vadimar-bolsa-500g,Porciones de Salmón VADIMAR Bolsa 500g,VADIMAR,carnes-pescados,44.9,49.9,True,10.02,https://www.plazavea.com.pe/porciones-de-salmon-vadimar-bolsa-500g/p,https://plazavea.vteximg.com.br/arquivos/ids/30105858-184-184/20206780.jpg?v=638670816187770000,2026-09-16 21:16:01
alitas-de-pollo-sadia-bolsa-1kg-20197698,Alitas de Pollo SADIA Bolsa 1kg,SADIA,carnes-pescados,12.9,12.9,False,0.0,https://www.plazavea.com.pe/alitas-de-pollo-sadia-bolsa-1kg-20197698/p,https://plazavea.vteximg.com.br/arquivos/ids/34358446-184-184/20197698.jpg?v=639125032645030000,2026-09-16 21:16:01
mondongo-cau-cau-x-kg-20190171,Mondongo Cau Cau x kg,PLAZA VEA,carnes-pescados,11.8,14.5,False,18.62,https://www.plazavea.com.pe/mondongo-cau-cau-x-kg-20190171/p,https://plazavea.vteximg.com.br/arquivos/origin-country-peru.png,2026-09-16 21:16:01
carne-para-saltado-el-buen-corte-x-kg-20168637,Carne para Saltado EL BUEN CORTE x kg,EL BUEN CORTE,carnes-pescados,47.9,47.9,False,0.0,https://www.plazavea.com.pe/carne-para-saltado-el-buen-corte-x-kg-20168637/p,https://plazavea.vteximg.com.br/arquivos/ids/27363520-184-184/20168637.jpg?v=638276835855100000,2026-09-16 21:16:27
bisteck-de-cuadril-el-buen-corte-x-kg-20168643,Bisteck de Cuadril EL BUEN CORTE x kg,EL BUEN CORTE,carnes-pescados,55.9,55.9,False,0.0,https://www.plazavea.com.pe/bisteck-de-cuadril-el-buen-corte-x-kg-20168643/p,https://plazavea.vteximg.com.br/arquivos/ids/27363514-184-184/20168643.jpg?v=638276835699000000,2026-09-16 21:16:27
panceta-con-hueso-y-piel-el-buen-corte-x-kg-20127190,Panceta con Hueso y Piel EL BUEN CORTE x kg,EL BUEN CORTE,carnes-pescados,27.9,29.9,False,6.69,https://www.plazavea.com.pe/panceta-con-hueso-y-piel-el-buen-corte-x-kg-20127190/p,https://plazavea.vteximg.com.br/arquivos/ids/27363488-184-184/20127190.jpg?v=638276834923500000,2026-09-16 21:16:27
guiso-de-cerdo-el-buen-corte-x-kg-20123116,Guiso de Cerdo EL BUEN CORTE x kg,EL BUEN CORTE,carnes-pescados,21.9,21.9,False,0.0,https://www.plazavea.com.pe/guiso-de-cerdo-el-buen-corte-x-kg-20123116/p,https://plazavea.vteximg.com.br/arquivos/ids/34332091-184-184/20123116.jpg?v=639124910225300000,2026-09-16 21:16:27
bife-de-lomo-de-cerdo-el-buen-corte-x-kg-20123113,Bife de Lomo de Cerdo EL BUEN CORTE x kg,EL BUEN CORTE,carnes-pescados,28.9,28.9,False,0.0,https://www.plazavea.com.pe/bife-de-lomo-de-cerdo-el-buen-corte-x-kg-20123113/p,https://plazavea.vteximg.com.br/arquivos/ids/27363474-184-184/20123113.jpg?v=638276834561200000,2026-09-16 21:16:27
basa-filete-bells-congelado-bolsa-1000g,Filete de Basa BELL'S Bolsa 1Kg,BELL'S,carnes-pescados,13.9,14.5,False,4.14,https://www.plazavea.com.pe/basa-filete-bells-congelado-bolsa-1000g/p,https://plazavea.vteximg.com.br/arquivos/ids/34330616-184-184/20071093.jpg?v=639124899355070000,2026-09-16 21:16:27
chuleta-de-lomo-de-cerdo-x-kg-980292,Chuleta de Lomo de Cerdo x kg,PLAZA VEA,carnes-pescados,20.9,20.9,False,0.0,https://www.plazavea.com.pe/chuleta-de-lomo-de-cerdo-x-kg-980292/p,https://plazavea.vteximg.com.br/arquivos/ids/518435-184-184/980292.jpg?v=637417675951800000,2026-09-16 21:16:27
filete-de-pechuga-de-pavita-san-fernando-x-kg-65148,Filete de Pechuga de Pavita SAN FERNANDO x kg,SAN FERNANDO,carnes-pescados,31.9,31.9,False,0.0,https://www.plazavea.com.pe/filete-de-pechuga-de-pavita-san-fernando-x-kg-65148/p,https://plazavea.vteximg.com.br/arquivos/ids/34332096-184-184/65148.jpg?v=639124910258200000,2026-09-16 21:16:27
chanfainita-de-res-x-kg-20080149,Chanfainita de Res x kg,EL BUEN CORTE,carnes-pescados,12.9,12.9,True,0.0,https://www.plazavea.com.pe/chanfainita-de-res-x-kg-20080149/p,https://plazavea.vteximg.com.br/arquivos/origin-country-peru.png,2026-09-16 21:16:27
saltado-de-cerdo-redondos-refrigerado-paquete-500g-20237541,Saltado de Cerdo REDONDOS Refrigerado Paquete ...,REDONDOS,carnes-pescados,9.5,9.5,False,0.0,https://www.plazavea.com.pe/saltado-de-cerdo-redondos-refrigerado-paquete-500g-20237541/p,https://plazavea.vteximg.com.br/arquivos/ids/34359685-184-184/20237541.jpg?v=639125042211200000,2026-09-16 21:16:27
alitas-bbq-san-fernando-empaque-1kg-20504747,Alitas BBQ SAN FERNANDO Empaque 1kg,SAN FERNANDO,carnes-pescados,16.9,22.9,False,26.2,https://www.plazavea.com.pe/alitas-bbq-san-fernando-empaque-1kg-20504747/p,https://vivanda.vteximg.com.br/arquivos/Alto_sodio.png?v=123,2026-09-16 21:16:27
carne-molida-de-cerdo-el-buen-corte-x-kg-20178686,Carne Molida de Cerdo EL BUEN CORTE x kg,EL BUEN CORTE,carnes-pescados,18.9,18.9,False,0.0,https://www.plazavea.com.pe/carne-molida-de-cerdo-el-buen-corte-x-kg-20178686/p,https://plazavea.vteximg.com.br/arquivos/ids/31353310-184-184/20178686.jpg?v=638835596495630000,2026-09-16 21:16:27
porcion-de-bonito-con-piel-congelado-frozen-500g,Porción de Bonito con Piel Congelado FROZEN 50...,FROZEN,carnes-pescados,11.5,11.5,False,0.0,https://www.plazavea.com.pe/porcion-de-bonito-con-piel-congelado-frozen-500g/p,https://plazavea.vteximg.com.br/arquivos/ids/33570520-184-184/20213344.jpg?v=639054017218900000,2026-09-16 21:16:27
filete-de-trucha-piscis-500g,Filete de Trucha PISCIS 500g,PISCIS,carnes-pescados,31.9,31.9,False,0.0,https://www.plazavea.com.pe/filete-de-trucha-piscis-500g/p,https://plazavea.vteximg.com.br/arquivos/ids/34221196-184-184/20220529.jpg?v=639106667264670000,2026-09-16 21:16:27
colita-de-cuadril-frigon-x-kg-20328454,Colita de Cuadril FRIGON x kg,FRIGON,carnes-pescados,45.5,45.5,False,0.0,https://www.plazavea.com.pe/colita-de-cuadril-frigon-x-kg-20328454/p,https://plazavea.vteximg.com.br/arquivos/origin-country-brasil.png,2026-09-16 21:16:27
bife-de-vacio-frigon-x-kg-20356147,Bife de Vacío FRIGON x kg,FRIGON,carnes-pescados,38.9,38.9,False,0.0,https://www.plazavea.com.pe/bife-de-vacio-frigon-x-kg-20356147/p,https://plazavea.vteximg.com.br/arquivos/origin-country-brasil.png,2026-09-16 21:16:27
bife-ancho-frigon-x-kg-20328469,Bife Ancho FRIGON x kg,FRIGON,carnes-pescados,48.9,48.9,False,0.0,https://www.plazavea.com.pe/bife-ancho-frigon-x-kg-20328469/p,https://plazavea.vteximg.com.br/arquivos/origin-country-brasil.png,2026-09-16 21:16:27
picana-frigon-x-kg-20328449,Picaña FRIGON x kg,FRIGON,carnes-pescados,73.9,73.9,False,0.0,https://www.plazavea.com.pe/picana-frigon-x-kg-20328449/p,https://plazavea.vteximg.com.br/arquivos/origin-country-brasil.png,2026-09-16 21:16:27
bola-de-lomo-frigon-x-kg-20328303,Bola de Lomo FRIGON x kg,FRIGON,carnes-pescados,38.9,38.9,False,0.0,https://www.plazavea.com.pe/bola-de-lomo-frigon-x-kg-20328303/p,https://plazavea.vteximg.com.br/arquivos/origin-country-brasil.png,2026-09-16 21:16:27
langostinos-crudos-azul-marino-bolsa-300g,Langostinos Crudos AZUL MARINO Bolsa 300g,AZUL MARINO,carnes-pescados,18.9,18.9,False,0.0,https://www.plazavea.com.pe/langostinos-crudos-azul-marino-bolsa-300g/p,https://plazavea.vteximg.com.br/arquivos/ids/25665651-184-184/20207676.jpg?v=638103764644730000,2026-09-16 21:16:27
chuletas-de-pavita-san-fernando-x-kg-20208187,Chuletas de Pavita SAN FERNANDO x kg,SAN FERNANDO,carnes-pescados,29.9,29.9,False,0.0,https://www.plazavea.com.pe/chuletas-de-pavita-san-fernando-x-kg-20208187/p,https://plazavea.vteximg.com.br/arquivos/ids/2209485-184-184/20208187.jpg?v=637638671910930000,2026-09-16 21:16:27
pechuga-de-pavo-en-trozos-san-fernando-x-kg-20208192,Pechuga de Pavo en trozos SAN FERNANDO x kg,SAN FERNANDO,carnes-pescados,15.4,15.4,False,0.0,https://www.plazavea.com.pe/pechuga-de-pavo-en-trozos-san-fernando-x-kg-20208192/p,https://plazavea.vteximg.com.br/arquivos/ids/2209484-184-184/20208192.jpg?v=637638671881400000,2026-09-16 21:16:27
pollo-entero-artisan-x-kg-20235354,Pollo Entero ARTISAN x kg,ARTISAN,carnes-pescados,19.49,19.49,False,0.0,https://www.plazavea.com.pe/pollo-entero-artisan-x-kg-20235354/p,https://plazavea.vteximg.com.br/arquivos/ids/34359342-184-184/20235354.jpg?v=639125040036430000,2026-09-16 21:16:27
filete-de-pollo-parrillero-x-kg-20220311,Filete de Pollo Parrillero x kg,PLAZA VEA,carnes-pescados,18.0,18.0,False,0.0,https://www.plazavea.com.pe/filete-de-pollo-parrillero-x-kg-20220311/p,https://plazavea.vteximg.com.br/arquivos/ids/34359100-184-184/20220311.jpg?v=639125037965070000,2026-09-16 21:16:27
muslitos-de-pollo-artisan-x-kg-20206682,Muslitos de Pollo ARTISAN x kg,ARTISAN,carnes-pescados,24.9,31.4,False,20.7,https://www.plazavea.com.pe/muslitos-de-pollo-artisan-x-kg-20206682/p,https://plazavea.vteximg.com.br/arquivos/ids/34412099-184-184/20206682.jpg?v=639125604502100000,2026-09-16 21:16:27
mondongo-italiano-x-kg-20190173,Mondongo Italiano x kg,PLAZA VEA,carnes-pescados,11.8,14.5,False,18.62,https://www.plazavea.com.pe/mondongo-italiano-x-kg-20190173/p,https://plazavea.vteximg.com.br/arquivos/origin-country-peru.png,2026-09-16 21:16:27
hamburguesa-casera-la-florencia-x-kg-20190138,Hamburguesa Casera LA FLORENCIA x kg,LA FLORENCIA,carnes-pescados,19.9,19.9,False,0.0,https://www.plazavea.com.pe/hamburguesa-casera-la-florencia-x-kg-20190138/p,https://plazavea.vteximg.com.br/arquivos/ids/34358190-184-184/20190138.jpg?v=639125030911930000,2026-09-16 21:16:27
pollo-entero-sabor-lena-redondos-1kg-20189496,Pollo Entero Sabor Leña REDONDOS 1kg,REDONDOS,carnes-pescados,13.5,16.9,False,20.12,https://www.plazavea.com.pe/pollo-entero-sabor-lena-redondos-1kg-20189496/p,https://vivanda.vteximg.com.br/arquivos/Alto_sodio.png?v=123,2026-09-16 21:16:27
langostinos-precocidos-bells-bolsa-300g,Langostinos Precocidos BELL'S Bolsa 300g,BELL'S,carnes-pescados,21.5,21.5,False,0.0,https://www.plazavea.com.pe/langostinos-precocidos-bells-bolsa-300g/p,https://plazavea.vteximg.com.br/arquivos/ids/730626-184-184/20189343.jpg?v=637479647828600000,2026-09-16 21:16:27
malaya-el-buen-corte-x-kg-20168644,Malaya EL BUEN CORTE x kg,EL BUEN CORTE,carnes-pescados,37.9,37.9,False,0.0,https://www.plazavea.com.pe/malaya-el-buen-corte-x-kg-20168644/p,https://plazavea.vteximg.com.br/arquivos/ids/27363512-184-184/20168644.jpg?v=638276835621200000,2026-09-16 21:16:27
porciones-de-salmon-atlantico-aqua-bolsa-500g,Porciones de Salmón AQUA Bolsa 500g,AQUA,carnes-pescados,51.5,51.5,True,0.0,https://www.plazavea.com.pe/porciones-de-salmon-atlantico-aqua-bolsa-500g/p,https://plazavea.vteximg.com.br/arquivos/ids/12410182-184-184/20173738.jpg?v=637903584168400000,2026-09-16 21:16:27
panceta-sin-hueso-con-piel-el-buen-corte-x-kg-20087572,Panceta sin Hueso con Piel EL BUEN CORTE x kg,EL BUEN CORTE,carnes-pescados,30.9,30.9,False,0.0,https://www.plazavea.com.pe/panceta-sin-hueso-con-piel-el-buen-corte-x-kg-20087572/p,https://plazavea.vteximg.com.br/arquivos/ids/34332094-184-184/20087572.jpg?v=639182158293900000,2026-09-16 21:16:27
filete-de-salmon-fresco-importado,Filete de Salmón Fresco,PLAZA VEA,carnes-pescados,69.9,72.5,False,3.59,https://www.plazavea.com.pe/filete-de-salmon-fresco-importado/p,https://plazavea.vteximg.com.br/arquivos/ids/646372-184-184/20110600.jpg?v=637443528808400000,2026-09-16 21:16:27
chuleta-de-lomo-con-piel-x-kg-966797,Chuleta de Lomo con Piel x kg,PLAZA VEA,carnes-pescados,19.9,21.5,True,7.44,https://www.plazavea.com.pe/chuleta-de-lomo-con-piel-x-kg-966797/p,https://plazavea.vteximg.com.br/arquivos/ids/34332088-184-184/966797.jpg?v=639124910197030000,2026-09-16 21:16:27
panceta-con-hueso-sin-piel-el-buen-corte-x-kg-20127189,Panceta con Hueso sin Piel EL BUEN CORTE x kg,EL BUEN CORTE,carnes-pescados,30.9,30.9,True,0.0,https://www.plazavea.com.pe/panceta-con-hueso-sin-piel-el-buen-corte-x-kg-20127189/p,https://plazavea.vteximg.com.br/arquivos/ids/27363486-184-184/20127189.jpg?v=638276834868030000,2026-09-16 21:16:27
bondiola-de-cerdo-el-buen-corte-x-kg-20123114,Bondiola de Cerdo EL BUEN CORTE x kg,EL BUEN CORTE,carnes-pescados,28.9,28.9,False,0.0,https://www.plazavea.com.pe/bondiola-de-cerdo-el-buen-corte-x-kg-20123114/p,https://plazavea.vteximg.com.br/arquivos/ids/27363480-184-184/20123114.jpg?v=638276834732100000,2026-09-16 21:16:27
albondigas-de-carne-de-res-oregon-foods-rancheras-bolsa-600g,Albóndigas de Carne de Res OREGON FOODS Paquet...,OREGON FOODS,carnes-pescados,23.9,23.9,False,0.0,https://www.plazavea.com.pe/albondigas-de-carne-de-res-oregon-foods-rancheras-bolsa-600g/p,https://vivanda.vteximg.com.br/arquivos/Alto_saturadas.png?v=123,2026-09-16 21:16:27
asado-tira-el-buen-corte-x-kg-73966,Asado Tira EL BUEN CORTE x kg,EL BUEN CORTE,carnes-pescados,36.9,36.9,False,0.0,https://www.plazavea.com.pe/asado-tira-el-buen-corte-x-kg-73966/p,https://plazavea.vteximg.com.br/arquivos/origin-country-peru.png,2026-09-16 21:16:27
punta-de-pecho-el-buen-corte-x-kg-94806,Punta de Pecho EL BUEN CORTE x kg,EL BUEN CORTE,carnes-pescados,23.9,23.9,False,0.0,https://www.plazavea.com.pe/punta-de-pecho-el-buen-corte-x-kg-94806/p,https://plazavea.vteximg.com.br/arquivos/origin-country-peru.png,2026-09-16 21:16:27
churrasco-largo-el-buen-corte-x-kg-73949,Churrasco Largo EL BUEN CORTE x kg,EL BUEN CORTE,carnes-pescados,38.9,38.9,False,0.0,https://www.plazavea.com.pe/churrasco-largo-el-buen-corte-x-kg-73949/p,https://plazavea.vteximg.com.br/arquivos/origin-country-peru.png,2026-09-16 21:16:27
pejerrey-eviscerado-bells-congelado-bolsa-500g,Pejerrey BELL'S Bolsa 500g,BELL'S,carnes-pescados,11.9,11.9,True,0.0,https://www.plazavea.com.pe/pejerrey-eviscerado-bells-congelado-bolsa-500g/p,https://plazavea.vteximg.com.br/arquivos/ids/19995851-184-184/20078783.jpg?v=638017641574200000,2026-09-16 21:16:27
chuleta-de-pierna-sin-piel-x-kg-980287,Chuleta de Pierna sin Piel x kg,PLAZA VEA,carnes-pescados,18.9,18.9,False,0.0,https://www.plazavea.com.pe/chuleta-de-pierna-sin-piel-x-kg-980287/p,https://plazavea.vteximg.com.br/arquivos/ids/16381016-184-184/980287.jpg?v=637970148348000000,2026-09-16 21:16:27
filete-de-muslo-de-pavita-san-fernando-x-kg-20025584,Filete de Muslo de Pavita SAN FERNANDO x kg,SAN FERNANDO,carnes-pescados,24.8,24.8,False,0.0,https://www.plazavea.com.pe/filete-de-muslo-de-pavita-san-fernando-x-kg-20025584/p,https://plazavea.vteximg.com.br/arquivos/ids/34332097-184-184/20025584.jpg?v=639124910266400000,2026-09-16 21:16:27
filete-de-tilapia-importada-x-kg-20570764,Filete de Tilapia Importada x Kg,PANAMEI,carnes-pescados,17.9,17.9,True,0.0,https://www.plazavea.com.pe/filete-de-tilapia-importada-x-kg-20570764/p,https://plazavea.vteximg.com.br/arquivos/ids/35106653-184-184/20570764.jpg?v=639179335422100000,2026-09-16 21:16:27
saltadito-de-cerdo-san-fernando-paquete-500g-20357936,Saltadito de Cerdo SAN FERNANDO Paquete 500g,SAN FERNANDO,carnes-pescados,15.9,15.9,False,0.0,https://www.plazavea.com.pe/saltadito-de-cerdo-san-fernando-paquete-500g-20357936/p,https://plazavea.vteximg.com.br/arquivos/origin-country-peru.png,2026-09-16 21:16:27
gallina-sin-menudencia-sadia-x-kg-20497844,Gallina sin Menudencia SADIA x Kg,SADIA,carnes-pescados,9.5,9.9,False,4.04,https://www.plazavea.com.pe/gallina-sin-menudencia-sadia-x-kg-20497844/p,https://plazavea.vteximg.com.br/arquivos/ids/34465156-184-184/20497844.jpg?v=639220840954700000,2026-09-16 21:16:27
lomo-fino-duroc-redondos-x-kg-20568439,Lomo Fino Duroc REDONDOS x kg,REDONDOS,carnes-pescados,39.9,39.9,False,0.0,https://www.plazavea.com.pe/lomo-fino-duroc-redondos-x-kg-20568439/p,https://plazavea.vteximg.com.br/arquivos/ids/34469671-184-184/20568439.jpg?v=639130813213630000,2026-09-16 21:16:27
mixtura-de-mariscos-seafrost-bolsa-500g,Mixtura de Mariscos SEAFROST Bolsa 500g,SEAFROST,carnes-pescados,18.9,18.9,True,0.0,https://www.plazavea.com.pe/mixtura-de-mariscos-seafrost-bolsa-500g/p,https://plazavea.vteximg.com.br/arquivos/ids/34363043-184-184/20414166.jpg?v=639125064469230000,2026-09-16 21:16:27
piernitas-de-pollo-light-san-fernando-x-kg-20505004,Piernitas de Pollo Light SAN FERNANDO x kg,SAN FERNANDO,carnes-pescados,17.9,18.5,False,3.24,https://www.plazavea.com.pe/piernitas-de-pollo-light-san-fernando-x-kg-20505004/p,https://plazavea.vteximg.com.br/arquivos/ids/34367819-184-184/20505004.jpg?v=639125093994900000,2026-09-16 21:16:27
entrana-fina-corte-gaucho-x-kg-20466626,Entraña Fina CORTE GAUCHO x kg,CORTE GAUCHO,carnes-pescados,106.9,118.9,False,10.09,https://www.plazavea.com.pe/entrana-fina-corte-gaucho-x-kg-20466626/p,https://plazavea.vteximg.com.br/arquivos/origin-country-argentina.png,2026-09-16 21:16:52
anticucho-de-res-zedina-bolsa-500g-20357109,Anticucho de Res ZEDINA Bolsa 500g,ZEDINA,carnes-pescados,14.9,14.9,False,0.0,https://www.plazavea.com.pe/anticucho-de-res-zedina-bolsa-500g-20357109/p,https://plazavea.vteximg.com.br/arquivos/origin-country-peru.png,2026-09-16 21:16:52
asado-cuadrado-frigon-x-kg-20328306,Asado Cuadrado FRIGON x kg,FRIGON,carnes-pescados,35.9,35.9,False,0.0,https://www.plazavea.com.pe/asado-cuadrado-frigon-x-kg-20328306/p,https://plazavea.vteximg.com.br/arquivos/origin-country-brasil.png,2026-09-16 21:16:52
corazon-de-cuadril-frigon-x-kg-20356151,Corazón de Cuadril FRIGON x kg,FRIGON,carnes-pescados,43.5,43.5,False,0.0,https://www.plazavea.com.pe/corazon-de-cuadril-frigon-x-kg-20356151/p,https://plazavea.vteximg.com.br/arquivos/origin-country-brasil.png,2026-09-16 21:16:52
langostinos-pelado-y-desvenado-grandes-3135-santa-priscila-bolsa-454g,Langostinos Pelados y Desvenados Grandes 31-35...,SANTA PRISCILA,carnes-pescados,27.9,27.9,False,0.0,https://www.plazavea.com.pe/langostinos-pelado-y-desvenado-grandes-3135-santa-priscila-bolsa-454g/p,https://plazavea.vteximg.com.br/arquivos/ids/26761514-184-184/20280540.jpg?v=638229317927500000,2026-09-16 21:16:52
pierna-especial-de-pollo-x-kg-20220325,Pierna Especial de Pollo x kg,PLAZA VEA,carnes-pescados,11.7,13.0,False,10.0,https://www.plazavea.com.pe/pierna-especial-de-pollo-x-kg-20220325/p,https://plazavea.vteximg.com.br/arquivos/ids/29737158-184-184/20220325.jpg?v=638652139891300000,2026-09-16 21:16:52
espinazo-de-pollo-x-kg-20220328,Espinazo de Pollo x kg,PLAZA VEA,carnes-pescados,8.9,8.9,False,0.0,https://www.plazavea.com.pe/espinazo-de-pollo-x-kg-20220328/p,https://plazavea.vteximg.com.br/arquivos/ids/29736513-184-184/20220328.jpg?v=638652103808770000,2026-09-16 21:16:52
picana-big-ranch-x-kg-20190183,Picaña BIG RANCH x kg,BIG RANCH,carnes-pescados,99.9,99.9,False,0.0,https://www.plazavea.com.pe/picana-big-ranch-x-kg-20190183/p,https://plazavea.vteximg.com.br/arquivos/origin-country-estados_unidos.png,2026-09-16 21:16:52
sasami-de-pollo-artisan-x-kg-20206737,Sasami de Pollo ARTISAN x kg,ARTISAN,carnes-pescados,41.8,41.8,False,0.0,https://www.plazavea.com.pe/sasami-de-pollo-artisan-x-kg-20206737/p,https://plazavea.vteximg.com.br/arquivos/ids/34412096-184-184/20206737.jpg?v=639125604480300000,2026-09-16 21:16:52
carne-molida-de-pollo-avinka-x-kg-20206732,Carne Molida de Pollo AVINKA x kg,AVINKA,carnes-pescados,23.5,23.5,False,0.0,https://www.plazavea.com.pe/carne-molida-de-pollo-avinka-x-kg-20206732/p,https://plazavea.vteximg.com.br/arquivos/ids/36142941-184-184/20206732.jpg?v=639250153828900000,2026-09-16 21:16:52
piernas-y-muslos-sabor-oriental-redondos-empaque-780g-20189495,Piernas y Muslos Sabor Oriental REDONDOS Empaq...,REDONDOS,carnes-pescados,13.9,16.9,False,17.75,https://www.plazavea.com.pe/piernas-y-muslos-sabor-oriental-redondos-empaque-780g-20189495/p,https://plazavea.vteximg.com.br/arquivos/ids/34412093-184-184/20189495.jpg?v=639125604460230000,2026-09-16 21:16:52
piernas-y-muslos-sabor-estofado-redondos-empaque-780g-20189497,Piernas y Muslos Sabor Estofado REDONDOS Empaq...,REDONDOS,carnes-pescados,13.9,16.9,False,17.75,https://www.plazavea.com.pe/piernas-y-muslos-sabor-estofado-redondos-empaque-780g-20189497/p,https://plazavea.vteximg.com.br/arquivos/ids/29077178-184-184/20189497.jpg?v=638519616149930000,2026-09-16 21:16:52
piernas-y-muslos-sabor-criollo-redondos-empaque-780g-20189494,Piernas y Muslos Sabor Criollo REDONDOS Empaqu...,REDONDOS,carnes-pescados,13.9,16.9,False,17.75,https://www.plazavea.com.pe/piernas-y-muslos-sabor-criollo-redondos-empaque-780g-20189494/p,https://plazavea.vteximg.com.br/arquivos/ids/29077419-184-184/20189494.jpg?v=638519906295330000,2026-09-16 21:16:52
piernas-y-muslos-sabor-pachamanca-redondos-empaque-780g-20189498,Piernas y Muslos Sabor Pachamanca REDONDOS Emp...,REDONDOS,carnes-pescados,13.9,16.9,False,17.75,https://www.plazavea.com.pe/piernas-y-muslos-sabor-pachamanca-redondos-empaque-780g-20189498/p,https://plazavea.vteximg.com.br/arquivos/ids/29077180-184-184/20189498.jpg?v=638519616281470000,2026-09-16 21:16:52
perico-en-porciones-pescanova-congelado-bolsa-300g,Perico en Porciones PESCANOVA Congelado Bolsa ...,PESCANOVA,carnes-pescados,18.5,18.5,False,0.0,https://www.plazavea.com.pe/perico-en-porciones-pescanova-congelado-bolsa-300g/p,https://plazavea.vteximg.com.br/arquivos/ids/19996548-184-184/20183685.jpg?v=638017646171100000,2026-09-16 21:16:52
asado-de-cerdo-el-buen-corte-x-kg-20087568,Asado de Cerdo EL BUEN CORTE x kg,EL BUEN CORTE,carnes-pescados,24.9,24.9,False,0.0,https://www.plazavea.com.pe/asado-de-cerdo-el-buen-corte-x-kg-20087568/p,https://plazavea.vteximg.com.br/arquivos/ids/27363490-184-184/20087568.jpg?v=638276834968430000,2026-09-16 21:16:52
pollada-criolla-redondos-empaque-780g-20124484,Pollada Criolla REDONDOS Empaque 780g,REDONDOS,carnes-pescados,12.9,16.5,False,21.82,https://www.plazavea.com.pe/pollada-criolla-redondos-empaque-780g-20124484/p,https://vivanda.vteximg.com.br/arquivos/Sodio_saturadas.png?v=123,2026-09-16 21:16:52
filete-de-pechuga-sabor-oriental-redondos-empaque-620g-20124485,Filete de Pechuga Sabor Oriental REDONDOS Empa...,REDONDOS,carnes-pescados,16.9,16.9,False,0.0,https://www.plazavea.com.pe/filete-de-pechuga-sabor-oriental-redondos-empaque-620g-20124485/p,https://vivanda.vteximg.com.br/arquivos/Alto_sodio.png?v=123,2026-09-16 21:16:52
filete-de-pechuga-sabor-criollo-redondos-empaque-620g-20124486,Filete de Pechuga Sabor Criollo REDONDOS Empaq...,REDONDOS,carnes-pescados,16.5,16.9,False,2.37,https://www.plazavea.com.pe/filete-de-pechuga-sabor-criollo-redondos-empaque-620g-20124486/p,https://vivanda.vteximg.com.br/arquivos/Alto_sodio.png?v=123,2026-09-16 21:16:52
panceta-sin-hueso-sin-piel-el-buen-corte-x-kg-20018860,Panceta sin Hueso sin Piel EL BUEN CORTE x kg,EL BUEN CORTE,carnes-pescados,31.9,31.9,False,0.0,https://www.plazavea.com.pe/panceta-sin-hueso-sin-piel-el-buen-corte-x-kg-20018860/p,https://plazavea.vteximg.com.br/arquivos/ids/27363484-184-184/20018860.jpg?v=638276834824970000,2026-09-16 21:16:52
lomito-fino-de-cerdo-el-buen-corte-x-kg-20123115,Lomito Fino de Cerdo EL BUEN CORTE x kg,EL BUEN CORTE,carnes-pescados,34.9,34.9,False,0.0,https://www.plazavea.com.pe/lomito-fino-de-cerdo-el-buen-corte-x-kg-20123115/p,https://plazavea.vteximg.com.br/arquivos/ids/27363478-184-184/20123115.jpg?v=638276834679930000,2026-09-16 21:16:52
alitas-sazonadas-redondos-buffalo-wings-caja-400g,Alitas Sazonadas Buffalo Wings REDONDOS Caja 4...,REDONDOS,carnes-pescados,15.7,15.7,False,0.0,https://www.plazavea.com.pe/alitas-sazonadas-redondos-buffalo-wings-caja-400g/p,https://vivanda.vteximg.com.br/arquivos/Alto_sodio.png?v=123,2026-09-16 21:16:52
albondiga-ranchera-x-kg-20099390,Albondiga Ranchera x kg,PLAZA VEA,carnes-pescados,29.9,29.9,False,0.0,https://www.plazavea.com.pe/albondiga-ranchera-x-kg-20099390/p,https://plazavea.vteximg.com.br/arquivos/origin-country-peru.png,2026-09-16 21:16:52
medallon-de-lomo-san-fernando-x-kg-20082790,Medallón de Lomo SAN FERNANDO x kg,SAN FERNANDO,carnes-pescados,34.9,41.9,False,16.71,https://www.plazavea.com.pe/medallon-de-lomo-san-fernando-x-kg-20082790/p,https://plazavea.vteximg.com.br/arquivos/ids/34332081-184-184/20082790.jpg?v=639124910147130000,2026-09-16 21:16:52
trucha-dehuesada,Trucha Dehuesada,PLAZA VEA,carnes-pescados,31.5,31.5,False,0.0,https://www.plazavea.com.pe/trucha-dehuesada/p,https://plazavea.vteximg.com.br/arquivos/ids/404028-184-184/261746.jpg?v=637348516707630000,2026-09-16 21:16:52
filete-de-tilapia-importado,Filete de Tilapia Importado,PLAZA VEA,carnes-pescados,17.9,17.9,True,0.0,https://www.plazavea.com.pe/filete-de-tilapia-importado/p,https://plazavea.vteximg.com.br/arquivos/ids/646197-184-184/20047291.jpg?v=637443519895370000,2026-09-16 21:16:52
chuleta-parrillera-de-cerdo-x-kg-980291,Chuleta Parrillera de Cerdo x kg,PLAZA VEA,carnes-pescados,19.9,19.9,False,0.0,https://www.plazavea.com.pe/chuleta-parrillera-de-cerdo-x-kg-980291/p,https://plazavea.vteximg.com.br/arquivos/ids/518436-184-184/980291.jpg?v=637417675981330000,2026-09-16 21:16:52
chuleta-de-pierna-con-piel-x-kg-980284,Chuleta de Pierna con Piel x kg,PLAZA VEA,carnes-pescados,18.9,18.9,False,0.0,https://www.plazavea.com.pe/chuleta-de-pierna-con-piel-x-kg-980284/p,https://plazavea.vteximg.com.br/arquivos/ids/16381018-184-184/980284.jpg?v=637970148412470000,2026-09-16 21:16:52
trucha-eviscerada-entera-fresca,Trucha Eviscerada,PLAZA VEA,carnes-pescados,19.9,19.9,False,0.0,https://www.plazavea.com.pe/trucha-eviscerada-entera-fresca/p,https://plazavea.vteximg.com.br/arquivos/ids/34330620-184-184/20924.jpg?v=639124899383830000,2026-09-16 21:16:52
hamburguesa-premium-la-florencia-x-kg-970714,Hamburguesa Premium LA FLORENCIA x kg,LA FLORENCIA,carnes-pescados,25.9,25.9,False,0.0,https://www.plazavea.com.pe/hamburguesa-premium-la-florencia-x-kg-970714/p,https://plazavea.vteximg.com.br/arquivos/origin-country-peru.png,2026-09-16 21:16:52
enrollado-de-pollo-san-fernando-americano-unid-x-1-3kg,Enrollado de Pollo Americano San Fernando unid...,SAN FERNANDO,carnes-pescados,41.9,41.9,False,0.0,https://www.plazavea.com.pe/enrollado-de-pollo-san-fernando-americano-unid-x-1-3kg/p,https://plazavea.vteximg.com.br/arquivos/ids/30567867-184-184/79471.jpg?v=638745327279970000,2026-09-16 21:16:52
enrollado-de-pollo-redondos-con-verduras-unid-x-1-3kg,Enrollado de pollo con Verduras REDONDOS Paque...,REDONDOS,carnes-pescados,39.9,39.9,False,0.0,https://www.plazavea.com.pe/enrollado-de-pollo-redondos-con-verduras-unid-x-1-3kg/p,https://plazavea.vteximg.com.br/arquivos/ids/30567857-184-184/651486.jpg?v=638745326991000000,2026-09-16 21:16:52
filete-de-salmon-salvaje-seafrost-con-piel-x-kg-20634107,Filete de Salmón Salvaje SEAFROST con Piel x k...,SEAFROST,carnes-pescados,41.9,41.9,True,0.0,https://www.plazavea.com.pe/filete-de-salmon-salvaje-seafrost-con-piel-x-kg-20634107/p,https://plazavea.vteximg.com.br/arquivos/ids/35414697-184-184/20634107.jpg?v=639207679059770000,2026-09-16 21:16:52
filete-de-merluza-seafrost-sin-piel-bolsa-500kg-20607922,Filete de Merluza SEAFROST sin Piel Bolsa 500K...,SEAFROST,carnes-pescados,14.5,14.5,False,0.0,https://www.plazavea.com.pe/filete-de-merluza-seafrost-sin-piel-bolsa-500kg-20607922/p,https://plazavea.vteximg.com.br/arquivos/ids/34250935-184-184/20607922.jpg?v=639113777601930000,2026-09-16 21:16:52
filete-de-merluza-seafrost-sin-piel-bolsa-1kg-20607970,Filete de Merluza SEAFROST sin Piel Bolsa 1Kg,SEAFROST,carnes-pescados,25.9,25.9,False,0.0,https://www.plazavea.com.pe/filete-de-merluza-seafrost-sin-piel-bolsa-1kg-20607970/p,https://plazavea.vteximg.com.br/arquivos/ids/34250934-184-184/20607970.jpg?v=639113777596130000,2026-09-16 21:16:52
bonito-entero-congelado-iqf-granel-x-kg-20571614,Bonito Entero Congelado IQF x kg a Granel,PLAZA VEA,carnes-pescados,9.5,9.5,False,0.0,https://www.plazavea.com.pe/bonito-entero-congelado-iqf-granel-x-kg-20571614/p,https://plazavea.vteximg.com.br/arquivos/ids/34478405-184-184/20571614.jpg?v=639148259634100000,2026-09-16 21:16:52
pejerrey-congelado-pescatore-bolsa-500g-20464279,Pejerrey Congelado PESCATORE Bolsa 500g,PESCATORE,carnes-pescados,12.5,12.5,False,0.0,https://www.plazavea.com.pe/pejerrey-congelado-pescatore-bolsa-500g-20464279/p,https://plazavea.vteximg.com.br/arquivos/ids/34465018-184-184/20464279.jpg?v=639130789671600000,2026-09-16 21:16:52
cuy-empacado-al-vacio-la-granja-del-cuy,Cuy Empacado al Vacio LA GRANJA DEL CUY,LA GRANJA DEL CUY,carnes-pescados,37.9,37.9,False,0.0,https://www.plazavea.com.pe/cuy-empacado-al-vacio-la-granja-del-cuy/p,https://plazavea.vteximg.com.br/arquivos/ids/34362898-184-184/20410466.jpg?v=639125063673930000,2026-09-16 21:16:52
langostinos-bells-bolsa-300g,Langostinos BELL'S Bolsa 300g,BELL'S,carnes-pescados,24.5,24.5,False,0.0,https://www.plazavea.com.pe/langostinos-bells-bolsa-300g/p,https://plazavea.vteximg.com.br/arquivos/ids/34365254-184-184/20466704.jpg?v=639125079148900000,2026-09-16 21:16:52
alitas-orientales-san-fernando-empaque-1kg-20278354,Alitas Orientales SAN FERNANDO Empaque 1kg,SAN FERNANDO,carnes-pescados,19.99,26.8,False,25.41,https://www.plazavea.com.pe/alitas-orientales-san-fernando-empaque-1kg-20278354/p,https://plazavea.vteximg.com.br/arquivos/ids/29685394-184-184/20278354.jpg?v=638646981724370000,2026-09-16 21:16:52
porciones-de-trucha-bells-bolsa-500g,Porciones de Trucha BELL'S Bolsa 500g,BELL'S,carnes-pescados,32.9,32.9,False,0.0,https://www.plazavea.com.pe/porciones-de-trucha-bells-bolsa-500g/p,https://plazavea.vteximg.com.br/arquivos/ids/29454349-184-184/20427474.jpg?v=638617253037700000,2026-09-16 21:16:52
filetes-alaska-pollock-buenaso-bolsa-1kg,Filetes Alaska Pollock BUENASO Bolsa 1Kg,BUENASO,carnes-pescados,13.9,13.9,False,0.0,https://www.plazavea.com.pe/filetes-alaska-pollock-buenaso-bolsa-1kg/p,https://plazavea.vteximg.com.br/arquivos/ids/29181125-184-184/20394889.jpg?v=638550822550100000,2026-09-16 21:16:52
cerdo-sabor-oriental-redondos-empaque-530g-20352671,Cerdo Sabor Oriental REDONDOS Empaque 530g,REDONDOS,carnes-pescados,22.9,22.9,False,0.0,https://www.plazavea.com.pe/cerdo-sabor-oriental-redondos-empaque-530g-20352671/p,https://plazavea.vteximg.com.br/arquivos/ids/27146281-184-184/20352671.jpg?v=638255235678770000,2026-09-16 21:16:52
porciones-de-salmon-sin-piel-umifoods-bolsa-1kg-20212681,Porciones de Salmón sin Piel UMIFOODS Bolsa 1K...,UMIFOODS,carnes-pescados,53.9,53.9,True,0.0,https://www.plazavea.com.pe/porciones-de-salmon-sin-piel-umifoods-bolsa-1kg-20212681/p,https://plazavea.vteximg.com.br/arquivos/ids/34447863-184-184/20212681.jpg?v=639130110981900000,2026-09-16 21:16:52
bondiola-duroc-redondos-x-kg-20280860,Bondiola Duroc REDONDOS x kg,REDONDOS,carnes-pescados,36.7,36.7,False,0.0,https://www.plazavea.com.pe/bondiola-duroc-redondos-x-kg-20280860/p,https://plazavea.vteximg.com.br/arquivos/ids/34412105-184-184/20280860.jpg?v=639125604605970000,2026-09-16 21:16:52
nuggets-de-tilapia-santa-priscila-bolsa-454g,Nuggets de Tilapia SANTA PRISCILA Bolsa 454g,SANTA PRISCILA,carnes-pescados,16.9,19.9,False,15.08,https://www.plazavea.com.pe/nuggets-de-tilapia-santa-priscila-bolsa-454g/p,https://plazavea.vteximg.com.br/arquivos/ids/34360605-184-184/20271595.jpg?v=639125048865770000,2026-09-16 21:16:52
filete-de-pejerrey-azul-marino-corte-mariposa-bolsa-200g,Filete de Pejerrey AZUL MARINO Corte Mariposa ...,AZUL MARINO,carnes-pescados,9.9,9.9,False,0.0,https://www.plazavea.com.pe/filete-de-pejerrey-azul-marino-corte-mariposa-bolsa-200g/p,https://plazavea.vteximg.com.br/arquivos/ids/1443747-184-184/20219198.jpg?v=637538333027170000,2026-09-16 21:16:52
alitas-de-pollo-artisan-x-kg-20206702,Alitas de Pollo ARTISAN x kg,ARTISAN,carnes-pescados,24.9,24.9,False,0.0,https://www.plazavea.com.pe/alitas-de-pollo-artisan-x-kg-20206702/p,https://plazavea.vteximg.com.br/arquivos/ids/34412097-184-184/20206702.jpg?v=639125604487400000,2026-09-16 21:16:52
filete-de-pierna-de-pollo-light-artisan-x-kg-20206727,Filete de Pierna de Pollo Light ARTISAN x kg,ARTISAN,carnes-pescados,43.39,43.39,False,0.0,https://www.plazavea.com.pe/filete-de-pierna-de-pollo-light-artisan-x-kg-20206727/p,https://plazavea.vteximg.com.br/arquivos/ids/34412095-184-184/20206727.jpg?v=639125604473400000,2026-09-16 21:16:52
pollo-trozado-asu-olla-sazon-pollada-empaque-800g-20206481,Pollo Trozado Asu Olla! Sazón Pollada Empaque ...,SAN FERNANDO,carnes-pescados,16.9,16.9,False,0.0,https://www.plazavea.com.pe/pollo-trozado-asu-olla-sazon-pollada-empaque-800g-20206481/p,https://plazavea.vteximg.com.br/arquivos/ids/34360266-184-184/20206481.jpg?v=639125046303700000,2026-09-16 21:17:21
medallones-de-atun-congelado-bolsa-1kg,Medallones de Atún Congelado Bolsa 1Kg,FROZEN,carnes-pescados,49.99,49.99,False,0.0,https://www.plazavea.com.pe/medallones-de-atun-congelado-bolsa-1kg/p,https://plazavea.vteximg.com.br/arquivos/ids/443982-184-184/20149786.jpg?v=637389226735200000,2026-09-16 21:17:21
cafe-instantaneo-nescafe-gold-doypack-135g-20634057,Café Instantáneo NESCAFÉ Gold Doypack 135g,NESCAFÉ,desayunos,25.5,28.0,True,8.93,https://www.plazavea.com.pe/cafe-instantaneo-nescafe-gold-doypack-135g-20634057/p,https://plazavea.vteximg.com.br/arquivos/ids/34986764-184-184/20634057.jpg?v=639172423340270000,2026-09-16 21:17:54
cereal-en-barra-dyfferent-mantequilla-de-mani-caja-175g,Cereal en Barra DYFFERENT Mantequilla de Maní ...,DYFFERENT,desayunos,10.6,12.5,True,15.2,https://www.plazavea.com.pe/cereal-en-barra-dyfferent-mantequilla-de-mani-caja-175g/p,https://plazavea.vteximg.com.br/arquivos/ids/34359707-184-184/20238344.jpg?v=639125042389330000,2026-09-16 21:17:54
cafe-nescafe-gold-signature-frasco-190g,Café NESCAFÉ Gold Signature Frasco 190g,NESCAFÉ,desayunos,34.5,42.2,True,18.25,https://www.plazavea.com.pe/cafe-nescafe-gold-signature-frasco-190g/p,https://plazavea.vteximg.com.br/arquivos/ids/31786161-184-184/20505936.jpg?v=639077410763330000,2026-09-16 21:17:54
cafe-instantaneo-nescafe-gold-doypack-75g-20634061,Café Instantáneo NESCAFÉ Gold Doypack 75g,NESCAFÉ,desayunos,19.9,19.9,False,0.0,https://www.plazavea.com.pe/cafe-instantaneo-nescafe-gold-doypack-75g-20634061/p,https://plazavea.vteximg.com.br/arquivos/ids/34986763-184-184/20634061.jpg?v=639172423334100000,2026-09-16 21:17:54
avena-quaker-tradicional-bolsa-900g,Avena QUAKER Tradicional Bolsa 900g,QUAKER,desayunos,11.5,14.5,False,20.69,https://www.plazavea.com.pe/avena-quaker-tradicional-bolsa-900g/p,https://plazavea.vteximg.com.br/arquivos/ids/34359769-184-184/20251263.jpg?v=639125043115100000,2026-09-16 21:17:54
cafe-instantaneo-nescafe-kirma-lata-180g,Café Instantáneo NESCAFÉ Kirma Lata 180g,KIRMA,desayunos,19.6,24.0,True,18.33,https://www.plazavea.com.pe/cafe-instantaneo-nescafe-kirma-lata-180g/p,https://plazavea.vteximg.com.br/arquivos/ids/34370724-184-184/20565470.jpg?v=639125110899930000,2026-09-16 21:17:54
cafe-instantaneo-altomayo-gourmet-frasco-170g,Café Instantáneo ALTOMAYO Gourmet Frasco 170g,ALTOMAYO,desayunos,28.3,30.6,True,7.52,https://www.plazavea.com.pe/cafe-instantaneo-altomayo-gourmet-frasco-170g/p,https://plazavea.vteximg.com.br/arquivos/ids/28358024-184-184/20355666.jpg?v=638363308028570000,2026-09-16 21:17:54
avena-bells-bolsa-1kg,Avena BELL'S Bolsa 1Kg,BELL'S,desayunos,6.9,8.9,False,22.47,https://www.plazavea.com.pe/avena-bells-bolsa-1kg/p,https://plazavea.vteximg.com.br/arquivos/ids/29147087-184-184/20385598.jpg?v=638531481140100000,2026-09-16 21:17:54
cafe-instantaneo-nescafe-gold-doypack-45g-20634059,Café Instantáneo NESCAFÉ Gold Doypack 45g,NESCAFÉ,desayunos,12.5,12.5,False,0.0,https://www.plazavea.com.pe/cafe-instantaneo-nescafe-gold-doypack-45g-20634059/p,https://plazavea.vteximg.com.br/arquivos/ids/34986501-184-184/20634059.jpg?v=639172261445070000,2026-09-16 21:17:54
mermelada-fresa-gloria-pote-310g-20422185,Mermelada Fresa GLORIA Pote 310g,GLORIA,desayunos,6.7,7.9,False,15.19,https://www.plazavea.com.pe/mermelada-fresa-gloria-pote-310g-20422185/p,https://vivanda.vteximg.com.br/arquivos/Alto_azucar.png?v=123,2026-09-16 21:17:54
cafe-instantaneo-intenso-cafetal-frasco-180g,Café Instantáneo CAFETAL Liofilizado Frasco 18...,CAFETAL,desayunos,21.9,29.9,False,26.76,https://www.plazavea.com.pe/cafe-instantaneo-intenso-cafetal-frasco-180g/p,https://plazavea.vteximg.com.br/arquivos/ids/26106447-184-184/20330840.jpg?v=639195718076500000,2026-09-16 21:17:54
quinua-avena-3-ositos-bolsa-900g,Quinua Avena 3 OSITOS Bolsa 900g,3 OSITOS,desayunos,10.9,11.9,False,8.4,https://www.plazavea.com.pe/quinua-avena-3-ositos-bolsa-900g/p,https://plazavea.vteximg.com.br/arquivos/ids/26052118-184-184/20280582.jpg?v=638167969305670000,2026-09-16 21:17:54
avena-clasica-3-ositos-premium-bolsa-900g,Avena Clásica 3 OSITOS Premium Bolsa 900g,3 OSITOS,desayunos,8.9,10.9,False,18.35,https://www.plazavea.com.pe/avena-clasica-3-ositos-premium-bolsa-900g/p,https://plazavea.vteximg.com.br/arquivos/ids/26050246-184-184/20278377.jpg?v=638162786250970000,2026-09-16 21:17:54
cafe-tostado-y-molido-cafetal-selecto-doypack-454g,Café Tostado y Molido CAFETAL  Selecto Bolsa 4...,CAFETAL,desayunos,28.6,28.6,False,0.0,https://www.plazavea.com.pe/cafe-tostado-y-molido-cafetal-selecto-doypack-454g/p,https://plazavea.vteximg.com.br/arquivos/ids/554084-184-184/975545.jpg?v=637426575066100000,2026-09-16 21:17:54
manzanilla-mc-colins-caja-100un,Manzanilla MC COLIN'S Caja 100un,MC COLINS,desayunos,12.2,12.4,False,1.61,https://www.plazavea.com.pe/manzanilla-mc-colins-caja-100un/p,https://plazavea.vteximg.com.br/arquivos/ids/29808678-184-184/151382.jpg?v=638654704213100000,2026-09-16 21:17:54
manzanilla-mc-colins-caja-25un,Manzanilla MC COLIN'S Caja 25un,MC COLINS,desayunos,3.9,4.3,False,9.3,https://www.plazavea.com.pe/manzanilla-mc-colins-caja-25un/p,https://plazavea.vteximg.com.br/arquivos/ids/31063356-184-184/143356.jpg?v=638786185081230000,2026-09-16 21:17:54
cafe-instantaneo-altomayo-gourmet-doypack-140g-20631235,Café Instantáneo ALTOMAYO Gourmet Doypack 140g,ALTOMAYO,desayunos,26.9,29.5,False,8.81,https://www.plazavea.com.pe/cafe-instantaneo-altomayo-gourmet-doypack-140g-20631235/p,https://plazavea.vteximg.com.br/arquivos/ids/34448378-184-184/20631235.jpg?v=639141130815070000,2026-09-16 21:17:54
cafe-instantaneo-liofilizado-nescafe-tradicion-doypack-230g,Café Instantáneo Liofilizado NESCAFÉ Tradición...,NESCAFÉ,desayunos,27.5,33.4,True,17.66,https://www.plazavea.com.pe/cafe-instantaneo-liofilizado-nescafe-tradicion-doypack-230g/p,https://plazavea.vteximg.com.br/arquivos/ids/32809638-184-184/20566642.jpg?v=638974561815230000,2026-09-16 21:17:54
cafe-instantaneo-nescafe-kirma-doypack-230g,Café Instantáneo NESCAFÉ Kirma Doypack 230g,KIRMA,desayunos,22.9,28.6,True,19.93,https://www.plazavea.com.pe/cafe-instantaneo-nescafe-kirma-doypack-230g/p,https://plazavea.vteximg.com.br/arquivos/ids/31949742-184-184/20506836.jpg?v=638917699853230000,2026-09-16 21:17:54
granola-miel-de-abeja-amaru-doypack-400g,Granola Miel de Abeja AMARU Doypack 400g,AMARU,desayunos,11.9,12.9,False,7.75,https://www.plazavea.com.pe/granola-miel-de-abeja-amaru-doypack-400g/p,https://plazavea.vteximg.com.br/arquivos/ids/34368788-184-184/20505698.jpg?v=639125098511870000,2026-09-16 21:17:54
fortificante-granulado-milo-doypack-700g,Fortificante Granulado MILO Doypack 700g,MILO,desayunos,27.9,30.9,False,9.71,https://www.plazavea.com.pe/fortificante-granulado-milo-doypack-700g/p,https://plazavea.vteximg.com.br/arquivos/ids/29561449-184-184/20463216.jpg?v=638629141255970000,2026-09-16 21:17:54
cereal-kelloggs-corn-flakes-caja-410g,Cereal KELLOGGS Corn Flakes Caja 410g,KELLOGG S,desayunos,14.8,18.7,False,20.86,https://www.plazavea.com.pe/cereal-kelloggs-corn-flakes-caja-410g/p,https://plazavea.vteximg.com.br/arquivos/ids/29227180-184-184/20426128.jpg?v=638566910448330000,2026-09-16 21:17:54
mermelada-gloria-fresa-frasco-950g-20422195,Mermelada GLORIA Fresa Frasco 950g,GLORIA,desayunos,15.9,15.9,False,0.0,https://www.plazavea.com.pe/mermelada-gloria-fresa-frasco-950g-20422195/p,https://vivanda.vteximg.com.br/arquivos/Alto_azucar.png?v=123,2026-09-16 21:17:54
cereal-bar-costa-choco-caja-12un,Cereal Bar COSTA Choco Caja 12un,COSTA,desayunos,6.0,6.6,False,9.09,https://www.plazavea.com.pe/cereal-bar-costa-choco-caja-12un/p,https://vivanda.vteximg.com.br/arquivos/azucar_saturadas.png?v=123,2026-09-16 21:17:54
cocoa-winters-doypack-150g,Cocoa WINTERS Doypack 150g,WINTER'S,desayunos,15.0,15.0,False,0.0,https://www.plazavea.com.pe/cocoa-winters-doypack-150g/p,https://plazavea.vteximg.com.br/arquivos/ids/25898075-184-184/20331109.jpg?v=638146153330530000,2026-09-16 21:17:54
bebida-instantanea-de-cebada-ecco-doypack-250g,Bebida Instantánea de Cebada ECCO Doypack 250g,ECCO,desayunos,14.9,16.9,False,11.83,https://www.plazavea.com.pe/bebida-instantanea-de-cebada-ecco-doypack-250g/p,https://plazavea.vteximg.com.br/arquivos/ids/27427617-184-184/20282932.jpg?v=638282894578200000,2026-09-16 21:17:54
cafe-instantaneo-nescafe-tradicion-frasco-170g,Café Instantáneo NESCAFÉ Tradición Frasco 170g,NESCAFÉ,desayunos,22.5,26.5,True,15.09,https://www.plazavea.com.pe/cafe-instantaneo-nescafe-tradicion-frasco-170g/p,https://plazavea.vteximg.com.br/arquivos/ids/31481005-184-184/20281505.jpg?v=638853121107500000,2026-09-16 21:17:54
fortificante-granulado-milo-activgo-doypack-350g,Fortificante Granulado MILO Activ - Go Doypack...,MILO,desayunos,15.7,17.6,False,10.8,https://www.plazavea.com.pe/fortificante-granulado-milo-activgo-doypack-350g/p,https://vivanda.vteximg.com.br/arquivos/Alto_azucar.png?v=123,2026-09-16 21:17:54
fortificante-granulado-milo-activgo-doypack-190g,Fortificante Granulado MILO Activ - Go Doypack...,MILO,desayunos,12.5,12.5,False,0.0,https://www.plazavea.com.pe/fortificante-granulado-milo-activgo-doypack-190g/p,https://vivanda.vteximg.com.br/arquivos/Alto_azucar.png?v=123,2026-09-16 21:17:54
avena-integral-grano-de-oro-bolsa-500g,Avena Integral GRANO DE ORO Bolsa 500g,GRANO DE ORO,desayunos,5.5,5.5,False,0.0,https://www.plazavea.com.pe/avena-integral-grano-de-oro-bolsa-500g/p,https://plazavea.vteximg.com.br/arquivos/ids/16382327-184-184/20278482.jpg?v=637970171193070000,2026-09-16 21:17:54
avena-quaker-tradicional-bolsa-500g,Avena QUAKER Tradicional Bolsa 500g,QUAKER,desayunos,6.5,8.5,False,23.53,https://www.plazavea.com.pe/avena-quaker-tradicional-bolsa-500g/p,https://plazavea.vteximg.com.br/arquivos/ids/34359020-184-184/20209713.jpg?v=639125037297000000,2026-09-16 21:17:54
cafe-tostado-molido-altomayo-gourmet-bolsa-450g,Café Tostado Molido ALTOMAYO Gourmet Bolsa 450...,ALTOMAYO,desayunos,35.4,35.4,False,0.0,https://www.plazavea.com.pe/cafe-tostado-molido-altomayo-gourmet-bolsa-450g/p,https://plazavea.vteximg.com.br/arquivos/ids/29956189-184-184/20209016.jpg?v=638657856739470000,2026-09-16 21:17:54
manzanilla-bells-caja-20un-20191204,Manzanilla BELL'S Caja 20un,BELL'S,desayunos,2.2,2.2,False,0.0,https://www.plazavea.com.pe/manzanilla-bells-caja-20un-20191204/p,https://plazavea.vteximg.com.br/arquivos/ids/35462620-184-184/20191204.jpg?v=639207697331600000,2026-09-16 21:17:54
cafe-tostado-y-molido-cafetal-selecto-bolsa-900g,Café Tostado y Molido CAFETAL Selecto Bolsa 90...,CAFETAL,desayunos,49.9,56.6,False,11.84,https://www.plazavea.com.pe/cafe-tostado-y-molido-cafetal-selecto-bolsa-900g/p,https://plazavea.vteximg.com.br/arquivos/ids/561652-184-184/20185596.jpg?v=637427439157930000,2026-09-16 21:17:54
linaza-bells-bolsa-400g,Linaza BELL'S Bolsa 400g,BELL'S,desayunos,6.9,6.9,False,0.0,https://www.plazavea.com.pe/linaza-bells-bolsa-400g/p,https://plazavea.vteximg.com.br/arquivos/ids/28890094-184-184/20122150.jpg?v=638478481820600000,2026-09-16 21:17:54
cafe-tostado-y-molido-cafetal-selecto-bolsa-200g,Café Tostado y Molido CAFETAL Selecto Bolsa 20...,CAFETAL,desayunos,15.0,15.0,False,0.0,https://www.plazavea.com.pe/cafe-tostado-y-molido-cafetal-selecto-bolsa-200g/p,https://plazavea.vteximg.com.br/arquivos/ids/550663-184-184/468.jpg?v=637425701164500000,2026-09-16 21:17:54
miel-de-abeja-la-reyna-oxapampa-frasco-300gr-385039,Miel de abeja LA REYNA OXAPAMPA Frasco 300Gr,LA REYNA DE OXAPAMPA,desayunos,17.5,19.4,False,9.79,https://www.plazavea.com.pe/miel-de-abeja-la-reyna-oxapampa-frasco-300gr-385039/p,https://plazavea.vteximg.com.br/arquivos/ids/35940913-184-184/385039.jpg?v=639234406162330000,2026-09-16 21:17:54
te-canela-y-clavo-mc-colins-caja-25un,Té Canela y Clavo MC COLIN'S Caja 25un,MC COLINS,desayunos,3.9,4.3,False,9.3,https://www.plazavea.com.pe/te-canela-y-clavo-mc-colins-caja-25un/p,https://plazavea.vteximg.com.br/arquivos/ids/30603429-184-184/1143370001.jpg?v=638751798858100000,2026-09-16 21:17:54
cereal-integral-nestle-corn-flakes-caja-405g,Cereal CORN FLAKES Nestlé Sin Gluten Caja 405g,CORN FLAKES,desayunos,10.5,16.5,False,36.36,https://www.plazavea.com.pe/cereal-integral-nestle-corn-flakes-caja-405g/p,https://plazavea.vteximg.com.br/arquivos/ids/34868322-184-184/20093492.jpg?v=639165348618030000,2026-09-16 21:17:54
cereal-angel-copix-doypack-740g,Cereal ANGEL Copix Doypack 740g,ÁNGEL,desayunos,16.5,22.0,False,25.0,https://www.plazavea.com.pe/cereal-angel-copix-doypack-740g/p,https://vivanda.vteximg.com.br/arquivos/Alto_azucar.png?v=123,2026-09-16 21:17:54
cereal-angel-hojuelas-de-maiz-azucaradas-doypack-1kg,Cereal ÁNGEL Zuck Hojuelas de Maíz Azucaradas ...,ÁNGEL,desayunos,16.5,22.0,False,25.0,https://www.plazavea.com.pe/cereal-angel-hojuelas-de-maiz-azucaradas-doypack-1kg/p,https://vivanda.vteximg.com.br/arquivos/Alto_azucar.png?v=123,2026-09-16 21:17:54
anis-mc-colins-caja-100un,Anís MC COLIN'S Caja 100un,MC COLINS,desayunos,12.2,12.4,False,1.61,https://www.plazavea.com.pe/anis-mc-colins-caja-100un/p,https://plazavea.vteximg.com.br/arquivos/ids/24092251-184-184/980394.jpg?v=638077251215600000,2026-09-16 21:17:54
cereal-angel-flakes-bolsa-1kg,Cereal ANGEL Flakes Bolsa 1Kg,ÁNGEL,desayunos,13.9,15.4,False,9.74,https://www.plazavea.com.pe/cereal-angel-flakes-bolsa-1kg/p,https://plazavea.vteximg.com.br/arquivos/ids/31462799-184-184/969599.jpg?v=638852258441800000,2026-09-16 21:17:54
manzanilla-hornimans-caja-25un,Manzanilla HORNIMANS Caja 25un,HORNIMANS,desayunos,3.4,4.0,False,15.0,https://www.plazavea.com.pe/manzanilla-hornimans-caja-25un/p,https://plazavea.vteximg.com.br/arquivos/ids/550666-184-184/8655.jpg?v=637425701271230000,2026-09-16 21:17:54
anis-hornimans-caja-25un,Anís HORNIMANS Caja 25un,HORNIMAN S,desayunos,3.4,4.0,False,15.0,https://www.plazavea.com.pe/anis-hornimans-caja-25un/p,https://plazavea.vteximg.com.br/arquivos/ids/34331113-184-184/8662.jpg?v=639124903257200000,2026-09-16 21:17:54
te-canela-y-clavo-mc-colins-caja-100un,Té Canela y Clavo MC COLIN'S Caja 100un,MC COLINS,desayunos,12.2,12.4,False,1.61,https://www.plazavea.com.pe/te-canela-y-clavo-mc-colins-caja-100un/p,https://plazavea.vteximg.com.br/arquivos/ids/24092109-184-184/1019834002.jpg?v=638077250760830000,2026-09-16 21:17:54
cereal-angel-crunch-pack-5un-20633065,Cereal ANGEL Lonchera Crunch Pack 5un,ÁNGEL,desayunos,3.9,4.0,False,2.5,https://www.plazavea.com.pe/cereal-angel-crunch-pack-5un-20633065/p,https://vivanda.vteximg.com.br/arquivos/azucar_saturadas.png?v=123,2026-09-16 21:17:54
cebada-instantanea-ecco-lata-175g-20568874,Cebada Instantánea ECCO Lata 175g,ECCO,desayunos,13.9,15.8,False,12.03,https://www.plazavea.com.pe/cebada-instantanea-ecco-lata-175g-20568874/p,https://plazavea.vteximg.com.br/arquivos/ids/34470842-184-184/20568874.jpg?v=639130818502900000,2026-09-16 21:17:54
cafe-instantaneo-nescafe-fina-seleccion-frasco-170g-20569307,Café Instantáneo NESCAFÉ Fina Selección Frasco...,NESCAFÉ,desayunos,26.0,33.9,False,23.3,https://www.plazavea.com.pe/cafe-instantaneo-nescafe-fina-seleccion-frasco-170g-20569307/p,https://plazavea.vteximg.com.br/arquivos/ids/34471414-184-184/20569307.jpg?v=639130821573930000,2026-09-16 21:17:54
cocoa-bells-doypack-150g-20566918,Cocoa BELL'S Doypack 150g,BELL'S,desayunos,10.9,10.9,False,0.0,https://www.plazavea.com.pe/cocoa-bells-doypack-150g-20566918/p,https://plazavea.vteximg.com.br/arquivos/ids/34468206-184-184/20566918.jpg?v=639130805816270000,2026-09-16 21:17:54
chia-negra-ecoandino-granos-organicos-doypack-200g,Chía Negra ECOANDINO Granos Orgánicos Doypack ...,ECOANDINO,desayunos,18.1,18.1,False,0.0,https://www.plazavea.com.pe/chia-negra-ecoandino-granos-organicos-doypack-200g/p,https://plazavea.vteximg.com.br/arquivos/ids/34370242-184-184/20538885.jpg?v=639125107366100000,2026-09-16 21:17:54
cafe-liofilizado-clasico-juan-valdez-frasco-150g,Café Liofilizado Clásico JUAN VALDÉZ Frasco 15...,JUAN VALDEZ,desayunos,54.9,54.9,False,0.0,https://www.plazavea.com.pe/cafe-liofilizado-clasico-juan-valdez-frasco-150g/p,https://plazavea.vteximg.com.br/arquivos/ids/34369072-184-184/20506105.jpg?v=639125099905770000,2026-09-16 21:18:23
granola-casera-amaru-doypack-400g,Granola Casera AMARU Doypack 400g,AMARU,desayunos,11.9,12.9,False,7.75,https://www.plazavea.com.pe/granola-casera-amaru-doypack-400g/p,https://plazavea.vteximg.com.br/arquivos/ids/34368789-184-184/20505699.jpg?v=639125098520130000,2026-09-16 21:18:23
cereal-angel-copos-hechos-con-avena-bolsa-380g,Cereal ANGEL Copos Hechos con Avena Bolsa 380g,ÁNGEL,desayunos,9.0,10.8,False,16.67,https://www.plazavea.com.pe/cereal-angel-copos-hechos-con-avena-bolsa-380g/p,https://plazavea.vteximg.com.br/arquivos/ids/31545622-184-184/20505414.jpg?v=638863349114530000,2026-09-16 21:18:23
cebada-ecco-doypack-170g,Cebada ECCO Doypack 170g,ECCO,desayunos,9.5,10.9,False,12.84,https://www.plazavea.com.pe/cebada-ecco-doypack-170g/p,https://plazavea.vteximg.com.br/arquivos/ids/31094207-184-184/20469169.jpg?v=638790501105100000,2026-09-16 21:18:23
cafe-instantaneo-cafetal-clasico-frasco180g,Café Instantáneo CAFETAL Clásico Frasco 180g,CAFETAL,desayunos,16.9,21.3,False,20.66,https://www.plazavea.com.pe/cafe-instantaneo-cafetal-clasico-frasco180g/p,https://plazavea.vteximg.com.br/arquivos/ids/30620287-184-184/20468810.jpg?v=639195703204500000,2026-09-16 21:18:23
cereal-bar-costa-manzana-y-canela-caja-12un,Cereal Bar COSTA Manzana y Canela Caja 12un,COSTA,desayunos,6.0,6.6,False,9.09,https://www.plazavea.com.pe/cereal-bar-costa-manzana-y-canela-caja-12un/p,https://vivanda.vteximg.com.br/arquivos/Alto_azucar.png?v=123,2026-09-16 21:18:23
cocoa-winters-sobre-40g,Cocoa WINTERS Sobre 40g,WINTER'S,desayunos,3.2,3.2,False,0.0,https://www.plazavea.com.pe/cocoa-winters-sobre-40g/p,https://plazavea.vteximg.com.br/arquivos/ids/31463010-184-184/20424812.jpg?v=638852264521870000,2026-09-16 21:18:23
cocoa-winters-pote-180g,Cocoa WINTERS Pote 180g,WINTER'S,desayunos,19.0,19.0,False,0.0,https://www.plazavea.com.pe/cocoa-winters-pote-180g/p,https://plazavea.vteximg.com.br/arquivos/ids/29180372-184-184/20424809.jpg?v=638549761451030000,2026-09-16 21:18:23
mermelada-fresa-gloria-doypack-700g-20422188,Mermelada Fresa GLORIA Doypack 700g,GLORIA,desayunos,11.9,11.9,False,0.0,https://www.plazavea.com.pe/mermelada-fresa-gloria-doypack-700g-20422188/p,https://vivanda.vteximg.com.br/arquivos/Alto_azucar.png?v=123,2026-09-16 21:18:23
infusion-wawasana-menta-y-muna-caja-12un,Infusión WAWASANA Menta y Muña Caja 12un,WAWASANA,desayunos,4.9,4.9,False,0.0,https://www.plazavea.com.pe/infusion-wawasana-menta-y-muna-caja-12un/p,https://plazavea.vteximg.com.br/arquivos/ids/32809620-184-184/20421839.jpg?v=638974356153270000,2026-09-16 21:18:23
cereal-bar-costa-golden-caja-12un,Cereal Bar COSTA Golden Caja 12un,COSTA,desayunos,6.0,6.6,False,9.09,https://www.plazavea.com.pe/cereal-bar-costa-golden-caja-12un/p,https://vivanda.vteximg.com.br/arquivos/azucar_saturadas.png?v=123,2026-09-16 21:18:23
cereal-nestle-corn-flakes-sin-gluten-bolsa-740g,Cereal NESTLÉ Corn Flakes sin Gluten Bolsa 740...,NESTLÉ,desayunos,17.9,24.2,False,26.03,https://www.plazavea.com.pe/cereal-nestle-corn-flakes-sin-gluten-bolsa-740g/p,https://plazavea.vteximg.com.br/arquivos/ids/34868356-184-184/20392944.jpg?v=639165348908400000,2026-09-16 21:18:23
mermelada-de-frutos-del-bosque-pote-200g,Mermelada de Frutos del Bosque LA FLORENCIA Po...,LA FLORENCIA,desayunos,4.5,4.5,False,0.0,https://www.plazavea.com.pe/mermelada-de-frutos-del-bosque-pote-200g/p,https://plazavea.vteximg.com.br/arquivos/ids/28484381-184-184/20358456.jpg?v=638370497285970000,2026-09-16 21:18:23
miel-de-abeja-la-florencia-pote-200g,Miel de Abeja LA FLORENCIA Pote 200g,LA FLORENCIA,desayunos,8.9,8.9,False,0.0,https://www.plazavea.com.pe/miel-de-abeja-la-florencia-pote-200g/p,https://plazavea.vteximg.com.br/arquivos/ids/28484369-184-184/20355282.jpg?v=638370497019600000,2026-09-16 21:18:23
avena-con-hojuela-sin-gluten-la-purita-frasco-1-5kg,Avena con Hojuela sin Gluten LA PURITA Frasco ...,LA PURITA,desayunos,27.8,29.9,False,7.02,https://www.plazavea.com.pe/avena-con-hojuela-sin-gluten-la-purita-frasco-1-5kg/p,https://plazavea.vteximg.com.br/arquivos/ids/28436082-184-184/20391954.jpg?v=638366061381970000,2026-09-16 21:18:23
avena-quaker-con-quinua-bolsa-850g,Avena QUAKER Con Quinua Bolsa 850g,QUAKER,desayunos,14.5,14.5,False,0.0,https://www.plazavea.com.pe/avena-quaker-con-quinua-bolsa-850g/p,https://plazavea.vteximg.com.br/arquivos/ids/34362263-184-184/20389649.jpg?v=639125059686730000,2026-09-16 21:18:23
cafe-instantaneo-altomayo-gourmet-frasco-45g,Café Instantáneo ALTOMAYO Gourmet Frasco 45g,ALTOMAYO,desayunos,12.4,12.4,False,0.0,https://www.plazavea.com.pe/cafe-instantaneo-altomayo-gourmet-frasco-45g/p,https://plazavea.vteximg.com.br/arquivos/ids/28358022-184-184/20355665.jpg?v=638363301204930000,2026-09-16 21:18:23
cafe-instantaneo-gourmet-altomayo-doypack-90g,Café Instántaneo Gourmet ALTOMAYO Doypack 90g,ALTOMAYO,desayunos,20.9,20.9,False,0.0,https://www.plazavea.com.pe/cafe-instantaneo-gourmet-altomayo-doypack-90g/p,https://plazavea.vteximg.com.br/arquivos/ids/28358021-184-184/20354527.jpg?v=638363297704070000,2026-09-16 21:18:23
avena-clasica-3-ositos-bolsa-500g,Avena Clásica 3 OSITOS Bolsa 500g,3 OSITOS,desayunos,6.5,7.5,False,13.33,https://www.plazavea.com.pe/avena-clasica-3-ositos-bolsa-500g/p,https://plazavea.vteximg.com.br/arquivos/ids/26106011-184-184/20352675.jpg?v=639110955864970000,2026-09-16 21:18:23
infusion-de-frutos-rojos-natures-heart-caja-50un,Infusión de Frutos Rojos NATURE'S HEART Caja 5...,NATURE'S HEART,desayunos,19.9,24.5,False,18.78,https://www.plazavea.com.pe/infusion-de-frutos-rojos-natures-heart-caja-50un/p,https://plazavea.vteximg.com.br/arquivos/ids/25845004-184-184/20325677.jpg?v=638135138031500000,2026-09-16 21:18:23
fortificante-granulado-milo-activgo-lata-380g,Fortificante Granulado MILO Activ-Go Lata 380g,MILO,desayunos,22.5,24.6,False,8.54,https://www.plazavea.com.pe/fortificante-granulado-milo-activgo-lata-380g/p,https://vivanda.vteximg.com.br/arquivos/Alto_azucar.png?v=123,2026-09-16 21:18:23
fortificante-nesquik-sabor-a-chocolate-lata-380g-20314527,Fortificante NESQUIK Sabor a Chocolate Lata 38...,NESQUIK,desayunos,13.9,16.6,False,16.27,https://www.plazavea.com.pe/fortificante-nesquik-sabor-a-chocolate-lata-380g-20314527/p,https://vivanda.vteximg.com.br/arquivos/Alto_azucar.png?v=123,2026-09-16 21:18:23
avena-natural-santa-catalina-bolsa-900g-20283146,Avena Natural SANTA CATALINA Bolsa 900g,SANTA CATALINA,desayunos,12.0,12.0,False,0.0,https://www.plazavea.com.pe/avena-natural-santa-catalina-bolsa-900g-20283146/p,https://plazavea.vteximg.com.br/arquivos/ids/36010849-184-184/20283146.jpg?v=639237887217130000,2026-09-16 21:18:23
granola-clasica-amaru-superfoods-doypack-200g,Granola Clásica AMARU Superfoods Doypack 200g,AMARU,desayunos,9.9,9.9,False,0.0,https://www.plazavea.com.pe/granola-clasica-amaru-superfoods-doypack-200g/p,https://plazavea.vteximg.com.br/arquivos/ids/34360974-184-184/20282827.jpg?v=639125050997130000,2026-09-16 21:18:23
granola-de-cacao-amaru-superfoods-doypack-200g,Granola de Cacao AMARU Superfoods Doypack 200g,AMARU,desayunos,9.9,9.9,False,0.0,https://www.plazavea.com.pe/granola-de-cacao-amaru-superfoods-doypack-200g/p,https://plazavea.vteximg.com.br/arquivos/ids/34360973-184-184/20282823.jpg?v=639125050986530000,2026-09-16 21:18:23
mix-infusiones-hornimans-caja-100un,Mix Infusiones HORNIMANS Caja 100un,HORNIMANS,desayunos,12.9,15.8,False,18.35,https://www.plazavea.com.pe/mix-infusiones-hornimans-caja-100un/p,https://plazavea.vteximg.com.br/arquivos/ids/16382514-184-184/20281957.jpg?v=637970177075770000,2026-09-16 21:18:23
fortificante-nesquik-chocolate-doypack-470g-20281301,Fortificante NESQUIK Chocolate Doypack 470g,NESQUIK,desayunos,15.5,19.6,False,20.92,https://www.plazavea.com.pe/fortificante-nesquik-chocolate-doypack-470g-20281301/p,https://vivanda.vteximg.com.br/arquivos/Alto_azucar.png?v=123,2026-09-16 21:18:23
te-canela-y-clavo-horniman-s-display-100un,Té Canela y Clavo HORNIMAN´S Display 100un,HORNIMANS,desayunos,9.8,11.8,False,16.95,https://www.plazavea.com.pe/te-canela-y-clavo-horniman-s-display-100un/p,https://plazavea.vteximg.com.br/arquivos/ids/16382257-184-184/20258251.jpg?v=637970168698300000,2026-09-16 21:18:23
cafe-tostado-molido-altomayo-clasico-bolsa-450g,Café Tostado Molido ALTOMAYO Clásico Bolsa 450...,ALTOMAYO,desayunos,30.5,30.5,False,0.0,https://www.plazavea.com.pe/cafe-tostado-molido-altomayo-clasico-bolsa-450g/p,https://plazavea.vteximg.com.br/arquivos/ids/29956191-184-184/20238346.jpg?v=638657856858270000,2026-09-16 21:18:23
cafe-nescafe-gold-cappuccino-caja-8un,Café NESCAFÉ Gold Cappuccino Caja 8un,NESCAFÉ,desayunos,16.9,20.9,False,19.14,https://www.plazavea.com.pe/cafe-nescafe-gold-cappuccino-caja-8un/p,https://plazavea.vteximg.com.br/arquivos/ids/31462846-184-184/20237255.jpg?v=638852260167470000,2026-09-16 21:18:23
cereal-de-quinua-mamalama-cacao-caja-240g,Cereal de Quinua MAMALAMA Cacao Caja 240g,MAMALAMA,desayunos,17.7,20.9,False,15.31,https://www.plazavea.com.pe/cereal-de-quinua-mamalama-cacao-caja-240g/p,https://plazavea.vteximg.com.br/arquivos/ids/564163-184-184/20207245.jpg?v=637429918725770000,2026-09-16 21:18:23
te-menta-y-muna-wawasana-caja-50g,Té Menta y Muña WAWASANA Caja 50g,WAWASANA,desayunos,15.9,15.9,False,0.0,https://www.plazavea.com.pe/te-menta-y-muna-wawasana-caja-50g/p,https://plazavea.vteximg.com.br/arquivos/ids/32809604-184-184/20146347.jpg?v=638974558827400000,2026-09-16 21:18:23
avena-grano-de-oro-bolsa-1kg,Avena GRANO DE ORO Bolsa 1Kg,GRANO DE ORO,desayunos,10.5,10.5,False,0.0,https://www.plazavea.com.pe/avena-grano-de-oro-bolsa-1kg/p,https://plazavea.vteximg.com.br/arquivos/ids/409976-184-184/20201055.jpg?v=637357304117630000,2026-09-16 21:18:23
trigo-atomico-original-forte-golpe-con-miel-bolsa-125g,Trigo Atómico Original FORTE GOLPE con Miel Bo...,FORTE GOLPE,desayunos,3.5,3.5,False,0.0,https://www.plazavea.com.pe/trigo-atomico-original-forte-golpe-con-miel-bolsa-125g/p,https://vivanda.vteximg.com.br/arquivos/Alto_azucar.png?v=123,2026-09-16 21:18:23
avena-integral-mi-tierra-sin-gluten-bolsa-400g,Avena Integral MI TIERRA sin Gluten Bolsa 400g,MI TIERRA,desayunos,10.0,10.0,False,0.0,https://www.plazavea.com.pe/avena-integral-mi-tierra-sin-gluten-bolsa-400g/p,https://plazavea.vteximg.com.br/arquivos/ids/12353529-184-184/20192563.jpg?v=637902486995700000,2026-09-16 21:18:23
cafe-nescafe-descafeinado-frasco-170g,Café NESCAFE Descafeinado Frasco 170g,NESCAFÉ,desayunos,33.9,39.9,False,15.04,https://www.plazavea.com.pe/cafe-nescafe-descafeinado-frasco-170g/p,https://plazavea.vteximg.com.br/arquivos/ids/27427488-184-184/20191451.jpg?v=638282884263800000,2026-09-16 21:18:23
manzanilla-bells-caja-100un-20191209,Manzanilla BELL'S Caja 100un,BELL'S,desayunos,8.5,8.5,False,0.0,https://www.plazavea.com.pe/manzanilla-bells-caja-100un-20191209/p,https://plazavea.vteximg.com.br/arquivos/ids/35462619-184-184/20191209.jpg?v=639207697327400000,2026-09-16 21:18:23
infusion-anis-bells-caja-20un-20191202,Infusión Anís BELL'S Caja 20un,BELL'S,desayunos,2.2,2.2,False,0.0,https://www.plazavea.com.pe/infusion-anis-bells-caja-20un-20191202/p,https://plazavea.vteximg.com.br/arquivos/ids/35462623-184-184/20191202.jpg?v=639207697342200000,2026-09-16 21:18:23
cafe-instantaneo-bells-doypack-100g,Café Instantáneo BELL'S Doypack 100g,BELL'S,desayunos,10.89,10.89,False,0.0,https://www.plazavea.com.pe/cafe-instantaneo-bells-doypack-100g/p,https://plazavea.vteximg.com.br/arquivos/ids/34358022-184-184/20183796.jpg?v=639125029887430000,2026-09-16 21:18:23
granola-con-arandonos-bells-doypack-350g,Granola con Arándonos BELL'S Doypack 350g,BELL'S,desayunos,7.5,7.5,False,0.0,https://www.plazavea.com.pe/granola-con-arandonos-bells-doypack-350g/p,https://vivanda.vteximg.com.br/arquivos/Alto_azucar.png?v=123,2026-09-16 21:18:23
mermelada-compass-fresa-pote-350g,Mermelada COMPASS Fresa Pote 350g,COMPASS,desayunos,6.6,6.9,False,4.35,https://www.plazavea.com.pe/mermelada-compass-fresa-pote-350g/p,https://vivanda.vteximg.com.br/arquivos/Alto_azucar.png?v=123,2026-09-16 21:18:23
miel-de-abeja-la-reyna-de-oxapampa-frasco-175g-20173447,Miel de Abeja LA REYNA DE OXAPAMPA Frasco 175g,LA REYNA DE OXAPAMPA,desayunos,12.3,13.7,False,10.22,https://www.plazavea.com.pe/miel-de-abeja-la-reyna-de-oxapampa-frasco-175g-20173447/p,https://plazavea.vteximg.com.br/arquivos/ids/35940918-184-184/20173447.jpg?v=639234406181700000,2026-09-16 21:18:23
cafe-molido-sello-rojo-tradicion-bolsa-212g,Café Molido SELLO ROJO Tradición Bolsa 212g,SELLO ROJO,desayunos,14.9,14.9,False,0.0,https://www.plazavea.com.pe/cafe-molido-sello-rojo-tradicion-bolsa-212g/p,https://plazavea.vteximg.com.br/arquivos/ids/30247041-184-184/20143175.jpg?v=638681702737100000,2026-09-16 21:18:23
cafe-molido-sello-rojo-tradicion-bolsa-425g,Café Molido SELLO ROJO Tradición Bolsa 425g,SELLO ROJO,desayunos,28.5,28.5,False,0.0,https://www.plazavea.com.pe/cafe-molido-sello-rojo-tradicion-bolsa-425g/p,https://plazavea.vteximg.com.br/arquivos/ids/27205692-184-184/20143176.jpg?v=638271648933730000,2026-09-16 21:18:23
chocolate-para-taza-sol-del-cusco-con-canela-y-clavo-barra-90gr,Chocolate para Taza SOL DEL CUSCO Canela y Cla...,SOL DEL CUSCO,desayunos,3.2,3.2,False,0.0,https://www.plazavea.com.pe/chocolate-para-taza-sol-del-cusco-con-canela-y-clavo-barra-90gr/p,https://vivanda.vteximg.com.br/arquivos/Alto_azucar.png?v=123,2026-09-16 21:18:23
hierba-luisa-mc-colins-caja-100un,Hierba Luisa MC COLIN'S Caja 100un,MC COLINS,desayunos,12.2,12.4,False,1.61,https://www.plazavea.com.pe/hierba-luisa-mc-colins-caja-100un/p,https://plazavea.vteximg.com.br/arquivos/ids/28647012-184-184/20011981.jpg?v=638406432591230000,2026-09-16 21:18:23
crema-de-avellanas-bells-frasco-350g,Crema de Avellanas BELL'S Frasco 350g,BELL'S,desayunos,10.9,11.9,False,8.4,https://www.plazavea.com.pe/crema-de-avellanas-bells-frasco-350g/p,https://vivanda.vteximg.com.br/arquivos/azucar_saturadas.png?v=123,2026-09-16 21:18:23
manjar-nestle-bolsa-200g,Manjar Blanco NESTLÉ Bolsa 200g,NESTLÉ,desayunos,4.5,5.7,False,21.05,https://www.plazavea.com.pe/manjar-nestle-bolsa-200g/p,https://vivanda.vteximg.com.br/arquivos/azucar_saturadas.png?v=123,2026-09-16 21:18:23
manjar-nestle-bolsa-1kg,Manjar Blanco NESTLÉ Bolsa 1Kg,NESTLÉ,desayunos,20.5,23.9,False,14.23,https://www.plazavea.com.pe/manjar-nestle-bolsa-1kg/p,https://vivanda.vteximg.com.br/arquivos/azucar_saturadas.png?v=123,2026-09-16 21:18:23
miel-de-abeja-la-reyna-oxapampa-frasco-600gr-331791,Miel de abeja LA REYNA OXAPAMPA Frasco 600Gr,LA REYNA DE OXAPAMPA,desayunos,30.3,33.7,False,10.09,https://www.plazavea.com.pe/miel-de-abeja-la-reyna-oxapampa-frasco-600gr-331791/p,https://plazavea.vteximg.com.br/arquivos/ids/35940915-184-184/331791.jpg?v=639234406172900000,2026-09-16 21:18:23
hierba-luisa-mc-colins-caja-25un,Hierba Luisa MC COLIN'S Caja 25un,MC COLINS,desayunos,3.9,4.3,False,9.3,https://www.plazavea.com.pe/hierba-luisa-mc-colins-caja-25un/p,https://plazavea.vteximg.com.br/arquivos/ids/24092148-184-184/20006502.jpg?v=638077250987630000,2026-09-16 21:18:50
cereal-angel-life-cero-caja-300g,Cereal ANGEL Life Cero Caja 300g,ÁNGEL,desayunos,11.7,13.1,False,10.69,https://www.plazavea.com.pe/cereal-angel-life-cero-caja-300g/p,https://plazavea.vteximg.com.br/arquivos/ids/15681602-184-184/20075864.jpg?v=637959755678900000,2026-09-16 21:18:50
cereal-angel-maiz-con-trigo-integral-soya-pasas-caja-640gr,Cereal ANGEL Life multigrain Caja 300Gr,ÁNGEL,desayunos,11.7,13.1,False,10.69,https://www.plazavea.com.pe/cereal-angel-maiz-con-trigo-integral-soya-pasas-caja-640gr/p,https://vivanda.vteximg.com.br/arquivos/Alto_azucar.png?v=123,2026-09-16 21:18:50
cereal-de-trigo-con-miel-vita-pluss-bolsa-140g,Cereal de Trigo con Miel VITA PLUSS Bolsa 140g,VITA PLUSS,desayunos,3.6,3.6,False,0.0,https://www.plazavea.com.pe/cereal-de-trigo-con-miel-vita-pluss-bolsa-140g/p,https://vivanda.vteximg.com.br/arquivos/Alto_azucar.png?v=123,2026-09-16 21:18:50
boldo-mc-colins-caja-25un,Boldo MC COLIN'S Caja 25un,MC COLINS,desayunos,3.9,4.3,False,9.3,https://www.plazavea.com.pe/boldo-mc-colins-caja-25un/p,https://plazavea.vteximg.com.br/arquivos/ids/24092184-184-184/20006503.jpg?v=638077251080330000,2026-09-16 21:18:50
cereal-angel-life-protein-caja-300g,Cereal ANGEL Life Protein Caja 300g,ÁNGEL,desayunos,11.7,13.1,False,10.69,https://www.plazavea.com.pe/cereal-angel-life-protein-caja-300g/p,https://plazavea.vteximg.com.br/arquivos/ids/15841822-184-184/915341.jpg?v=637962338867400000,2026-09-16 21:18:50
cereal-angel-meli-bolsa-840g,Cereal ANGEL Meli Bolsa 840g,ÁNGEL,desayunos,16.5,22.0,False,25.0,https://www.plazavea.com.pe/cereal-angel-meli-bolsa-840g/p,https://vivanda.vteximg.com.br/arquivos/Alto_azucar.png?v=123,2026-09-16 21:18:50
cereal-union-granola-pasas-y-almendras-doypack-400g-20080619,Cereal UNIÓN Granola Pasas y Almendras Doypack...,UNIÓN,desayunos,14.9,16.5,False,9.7,https://www.plazavea.com.pe/cereal-union-granola-pasas-y-almendras-doypack-400g-20080619/p,https://vivanda.vteximg.com.br/arquivos/Alto_azucar.png?v=123,2026-09-16 21:18:50
cereal-angel-chock-bolsa-840g,Cereal ANGEL Chock Bolsa 840g,ÁNGEL,desayunos,16.5,22.0,False,25.0,https://www.plazavea.com.pe/cereal-angel-chock-bolsa-840g/p,https://vivanda.vteximg.com.br/arquivos/Alto_azucar.png?v=123,2026-09-16 21:18:50
cereal-angel-copix-bolsa-380g,Cereal ANGEL Copix Bolsa 380g,ÁNGEL,desayunos,11.9,11.9,False,0.0,https://www.plazavea.com.pe/cereal-angel-copix-bolsa-380g/p,https://vivanda.vteximg.com.br/arquivos/Alto_azucar.png?v=123,2026-09-16 21:18:50
infusion-de-hierba-luisa-hornimans-caja-25un,Infusión de Hierba Luisa HORNIMANS Caja 25un,HORNIMAN S,desayunos,3.5,3.9,False,10.26,https://www.plazavea.com.pe/infusion-de-hierba-luisa-hornimans-caja-25un/p,https://plazavea.vteximg.com.br/arquivos/ids/34331099-184-184/8792.jpg?v=639124903162970000,2026-09-16 21:18:50
mermelada-bell’s-fruta-de-fresa-frasco-1kg,Mermelada BELL'S Fresa Frasco 1Kg,BELL'S,desayunos,13.9,13.9,False,0.0,https://www.plazavea.com.pe/mermelada-bell’s-fruta-de-fresa-frasco-1kg/p,https://vivanda.vteximg.com.br/arquivos/Alto_azucar.png?v=123,2026-09-16 21:18:50
anis-mc-colins-caja-25un,Anís MC COLIN'S Caja 25un,MC COLINS,desayunos,3.9,4.3,False,9.3,https://www.plazavea.com.pe/anis-mc-colins-caja-25un/p,https://plazavea.vteximg.com.br/arquivos/ids/24092233-184-184/143325.jpg?v=638077251179300000,2026-09-16 21:18:50
cereal-union-granola-con-miel-de-abeja-doypack-400g-108843,Cereal UNIÓN Granola con miel de abeja Doypack...,UNIÓN,desayunos,13.9,15.5,False,10.32,https://www.plazavea.com.pe/cereal-union-granola-con-miel-de-abeja-doypack-400g-108843/p,https://vivanda.vteximg.com.br/arquivos/Alto_azucar.png?v=123,2026-09-16 21:18:51
cafe-tostado-molido-altomayo-natural-doypack-200g,Café Tostado Molido ALTOMAYO Natural Doypack 2...,ALTOMAYO,desayunos,14.5,14.5,False,0.0,https://www.plazavea.com.pe/cafe-tostado-molido-altomayo-natural-doypack-200g/p,https://plazavea.vteximg.com.br/arquivos/ids/29956165-184-184/824927.jpg?v=638657856177370000,2026-09-16 21:18:51
mermelada-bell’s-dieta-de-fresa-frasco-230gr,Mermelada BELL'S Dieta de fresa Frasco 230Gr,BELL'S,desayunos,6.9,6.9,False,0.0,https://www.plazavea.com.pe/mermelada-bell’s-dieta-de-fresa-frasco-230gr/p,https://plazavea.vteximg.com.br/arquivos/ids/550649-184-184/21292.jpg?v=637425700690630000,2026-09-16 21:18:51
cafe-instantaneo-armonico-altomayo-doypack-140g-20633064,Café Instantáneo Armónico ALTOMAYO Doypack 140...,ALTOMAYO,desayunos,21.9,25.0,False,12.4,https://www.plazavea.com.pe/cafe-instantaneo-armonico-altomayo-doypack-140g-20633064/p,https://plazavea.vteximg.com.br/arquivos/ids/34727158-184-184/20633064.jpg?v=639150823371000000,2026-09-16 21:18:51
cafe-instantaneo-altomayo-clasico-doypack-140g-20632834,Café Instantáneo ALTOMAYO Clásico Doypack 140g,ALTOMAYO,desayunos,24.8,24.8,False,0.0,https://www.plazavea.com.pe/cafe-instantaneo-altomayo-clasico-doypack-140g-20632834/p,https://plazavea.vteximg.com.br/arquivos/ids/34656935-184-184/20632834.jpg?v=639144613676100000,2026-09-16 21:18:51
barra-de-cereal-y-chocolate-en-linea-caja-90g-plaza-vea-20570282,Barra de Cereal y Chocolate EN LINEA Caja 90g ...,EN LINEA,desayunos,8.6,8.6,False,0.0,https://www.plazavea.com.pe/barra-de-cereal-y-chocolate-en-linea-caja-90g-plaza-vea-20570282/p,https://plazavea.vteximg.com.br/arquivos/ids/34475214-184-184/20570282.jpg?v=639130832316500000,2026-09-16 21:18:51
te-lipton-breakfast-caja-20un-20567184,Té LIPTON Breakfast Caja 20un,LIPTON,desayunos,9.9,15.4,False,35.71,https://www.plazavea.com.pe/te-lipton-breakfast-caja-20un-20567184/p,https://plazavea.vteximg.com.br/arquivos/ids/34468908-184-184/20567184.jpg?v=639130809496270000,2026-09-16 21:18:51
barra-protein-costa-caja-5un,Barra Protein COSTA Caja 5un,COSTA,desayunos,13.5,17.5,True,22.86,https://www.plazavea.com.pe/barra-protein-costa-caja-5un/p,https://vivanda.vteximg.com.br/arquivos/Alto_azucar.png?v=123,2026-09-16 21:18:51
infusion-flor-de-jamaica-mc-colins-caja-20un,Infusión Flor de Jamaica MC COLINS Caja 20un,MC COLINS,desayunos,5.5,5.9,False,6.78,https://www.plazavea.com.pe/infusion-flor-de-jamaica-mc-colins-caja-20un/p,https://plazavea.vteximg.com.br/arquivos/ids/32621487-184-184/20565476.jpg?v=638962722944730000,2026-09-16 21:18:51
cafe-instantaneo-clasico-altomayo-frasco-170g-20564010,Café Instantáneo Clásico ALTOMAYO Frasco 170g,ALTOMAYO,desayunos,26.9,26.9,False,0.0,https://www.plazavea.com.pe/cafe-instantaneo-clasico-altomayo-frasco-170g-20564010/p,https://plazavea.vteximg.com.br/arquivos/ids/35428245-184-184/20564010.jpg?v=639203344881000000,2026-09-16 21:18:51
cafe-instantaneo-nescafe-kirma-doypack-140g,Café Instantáneo NESCAFÉ Kirma Doypack 140g,KIRMA,desayunos,17.9,21.5,False,16.74,https://www.plazavea.com.pe/cafe-instantaneo-nescafe-kirma-doypack-140g/p,https://plazavea.vteximg.com.br/arquivos/ids/31949738-184-184/20506835.jpg?v=638917699287170000,2026-09-16 21:18:51
pack-avena-con-maca-quaker-bolsa-850g-avena-con-quinua-quaker-bolsa-850g,Pack Avena con Maca QUAKER Bolsa 850g + Avena ...,QUAKER,desayunos,22.9,29.0,False,21.03,https://www.plazavea.com.pe/pack-avena-con-maca-quaker-bolsa-850g-avena-con-quinua-quaker-bolsa-850g/p,https://plazavea.vteximg.com.br/arquivos/ids/33505587-184-184/K0000014177.jpg?v=639046112404770000,2026-09-16 21:18:51
cebada-tostada-instantanea-kimbo-doypack-170g,Cebada Tostada Instantánea KIMBO Doypack 170g,KIMBO,desayunos,7.5,9.5,False,21.05,https://www.plazavea.com.pe/cebada-tostada-instantanea-kimbo-doypack-170g/p,https://plazavea.vteximg.com.br/arquivos/ids/31347928-184-184/20501955.jpg?v=639021251228830000,2026-09-16 21:18:51
filtrantes-sunka-jamaica-y-pina-caja-20un,Filtrantes SUNKA Jamaica y Piña Caja 20un,SUNKA,desayunos,7.6,9.7,True,21.65,https://www.plazavea.com.pe/filtrantes-sunka-jamaica-y-pina-caja-20un/p,https://plazavea.vteximg.com.br/arquivos/ids/31347414-184-184/20500711.jpg?v=638833881374630000,2026-09-16 21:18:51
cereal-nestle-chocapic-bolsa-260g,Cereal NESTLÉ Chocapic Bolsa 260g,CHOCAPIC,desayunos,9.9,14.9,False,33.56,https://www.plazavea.com.pe/cereal-nestle-chocapic-bolsa-260g/p,https://vivanda.vteximg.com.br/arquivos/Alto_azucar.png?v=123,2026-09-16 21:18:51
granola-union-krujiente-vegano-doypack-270g-20481014,Granola UNIÓN Krujiente Vegano Doypack 270g,UNIÓN,desayunos,14.9,16.3,False,8.59,https://www.plazavea.com.pe/granola-union-krujiente-vegano-doypack-270g-20481014/p,https://plazavea.vteximg.com.br/arquivos/ids/35930461-184-184/20481014.jpg?v=639233764652170000,2026-09-16 21:18:51
cafe-liofilizado-juan-valdez-avellana-frasco-95g,Café Liofilizado JUAN VALDEZ Avellana Frasco 9...,JUAN VALDEZ,desayunos,39.9,39.9,False,0.0,https://www.plazavea.com.pe/cafe-liofilizado-juan-valdez-avellana-frasco-95g/p,https://plazavea.vteximg.com.br/arquivos/ids/30776646-184-184/20410001.jpg?v=638769079414100000,2026-09-16 21:18:51
avena-santa-catalina-duopack-bolsa-900g-20468497,Avena SANTA CATALINA Duopack Bolsa 900g,SANTA CATALINA,desayunos,18.7,18.7,False,0.0,https://www.plazavea.com.pe/avena-santa-catalina-duopack-bolsa-900g-20468497/p,https://plazavea.vteximg.com.br/arquivos/ids/36010852-184-184/20468497.jpg?v=639237887230030000,2026-09-16 21:18:51
cafe-molido-cafetal-gourmet-espresso-chanchamayo-bolsa-200g,Café Molido CAFETAL Gourmet Espresso Chanchama...,CAFETAL,desayunos,20.5,22.9,False,10.48,https://www.plazavea.com.pe/cafe-molido-cafetal-gourmet-espresso-chanchamayo-bolsa-200g/p,https://plazavea.vteximg.com.br/arquivos/ids/30281072-184-184/20465966.jpg?v=638687959110400000,2026-09-16 21:18:51
pack-avena-quaker-tradicional-bolsa-900g-x2un,Pack Avena QUAKER Tradicional Bolsa 900g x2un,QUAKER,desayunos,22.9,29.0,False,21.03,https://www.plazavea.com.pe/pack-avena-quaker-tradicional-bolsa-900g-x2un/p,https://plazavea.vteximg.com.br/arquivos/ids/33505577-184-184/K0000012197.jpg?v=639046107861870000,2026-09-16 21:18:51
cereal-nestle-kitkat-caja-210g,Cereal NESTLÉ Kitkat Caja 210g,NESTLÉ,desayunos,9.9,13.5,False,26.67,https://www.plazavea.com.pe/cereal-nestle-kitkat-caja-210g/p,https://vivanda.vteximg.com.br/arquivos/azucar_saturadas.png?v=123,2026-09-16 21:18:51
cereal-kelloggs-froot-loops-caja-350g,Cereal KELLOGGS Froot Loops Caja 350g,KELLOGG S,desayunos,17.9,22.0,False,18.64,https://www.plazavea.com.pe/cereal-kelloggs-froot-loops-caja-350g/p,https://vivanda.vteximg.com.br/arquivos/Alto_azucar.png?v=123,2026-09-16 21:18:51
cereal-kelloggs-zucaritas-caja-420g,Cereal KELLOGGS Zucaritas Caja 420g,KELLOGG S,desayunos,17.9,22.0,False,18.64,https://www.plazavea.com.pe/cereal-kelloggs-zucaritas-caja-420g/p,https://vivanda.vteximg.com.br/arquivos/Alto_azucar.png?v=123,2026-09-16 21:18:51
cocoa-winters-doypack-360g-viv,Cocoa WINTERS Doypack 360g VIV,WINTER'S,desayunos,33.0,33.0,False,0.0,https://www.plazavea.com.pe/cocoa-winters-doypack-360g-viv/p,https://plazavea.vteximg.com.br/arquivos/ids/31463012-184-184/20424811.jpg?v=638852264606200000,2026-09-16 21:18:51
mermelada-fresa-gloria-vaso-290g-20422197,Mermelada Fresa GLORIA Vaso 290g,GLORIA,desayunos,6.5,6.5,False,0.0,https://www.plazavea.com.pe/mermelada-fresa-gloria-vaso-290g-20422197/p,https://vivanda.vteximg.com.br/arquivos/Alto_azucar.png?v=123,2026-09-16 21:18:51
cereal-bar-costa-chips-caja-12un,Cereal Bar COSTA Chips Caja 12un,COSTA,desayunos,6.0,6.6,False,9.09,https://www.plazavea.com.pe/cereal-bar-costa-chips-caja-12un/p,https://vivanda.vteximg.com.br/arquivos/azucar_saturadas.png?v=123,2026-09-16 21:18:51
cereal-en-barra-natura-valley-crunchy-miel-y-avena-caja-253g,Cereal en Barra NATURA VALLEY Crunchy Miel y A...,NATURE VALLEY,desayunos,19.9,19.9,False,0.0,https://www.plazavea.com.pe/cereal-en-barra-natura-valley-crunchy-miel-y-avena-caja-253g/p,https://vivanda.vteximg.com.br/arquivos/Alto_azucar.png?v=123,2026-09-16 21:18:51
granola-huella-verde-original-doypack-400g,Granola HUELLA VERDE Original Doypack 400g,HUELLA VERDE,desayunos,23.9,24.9,False,4.02,https://www.plazavea.com.pe/granola-huella-verde-original-doypack-400g/p,https://plazavea.vteximg.com.br/arquivos/ids/28526652-184-184/20392943.jpg?v=638375702381030000,2026-09-16 21:18:51
mermelada-de-fresa-pote-200g,Mermelada de Fresa LA FLORENCIA Pote 200g,LA FLORENCIA,desayunos,4.5,4.5,False,0.0,https://www.plazavea.com.pe/mermelada-de-fresa-pote-200g/p,https://plazavea.vteximg.com.br/arquivos/ids/28484385-184-184/20358458.jpg?v=638370497330970000,2026-09-16 21:18:51
avena-con-hojuela-sin-gluten-la-purita-bolsa-800g,Avena con Hojuela sin Gluten LA PURITA Bolsa 8...,LA PURITA,desayunos,18.0,18.0,False,0.0,https://www.plazavea.com.pe/avena-con-hojuela-sin-gluten-la-purita-bolsa-800g/p,https://plazavea.vteximg.com.br/arquivos/ids/28436084-184-184/20391955.jpg?v=638366065045030000,2026-09-16 21:18:51
fortificante-nesquik-optistart-chocolate-doypack-1kg-20391169,Fortificante NESQUIK Optistart Chocolate Doypa...,NESQUIK,desayunos,30.9,36.5,False,15.34,https://www.plazavea.com.pe/fortificante-nesquik-optistart-chocolate-doypack-1kg-20391169/p,https://vivanda.vteximg.com.br/arquivos/Alto_azucar.png?v=123,2026-09-16 21:18:51
mermelada-light-de-arandanos-casa-verde-frasco-180g,Mermelada Light de Arándanos CASA VERDE Frasco...,CASA VERDE,desayunos,13.4,13.4,False,0.0,https://www.plazavea.com.pe/mermelada-light-de-arandanos-casa-verde-frasco-180g/p,https://plazavea.vteximg.com.br/arquivos/ids/27580909-184-184/20385905.jpg?v=638316373860400000,2026-09-16 21:18:51
cafe-instantaneo-cafetal-doypack-150g,Café Instantáneo CAFETAL Doypack 150g,CAFETAL,desayunos,19.9,28.6,False,30.42,https://www.plazavea.com.pe/cafe-instantaneo-cafetal-doypack-150g/p,https://plazavea.vteximg.com.br/arquivos/ids/27552400-184-184/20385646.jpg?v=638312952277570000,2026-09-16 21:18:51
infusiones-mc-colins-surtido-de-hierbas-caja-100un,Infusiones MC COLINS Surtido de Hierbas Caja 1...,MC COLINS,desayunos,16.5,16.9,False,2.37,https://www.plazavea.com.pe/infusiones-mc-colins-surtido-de-hierbas-caja-100un/p,https://plazavea.vteximg.com.br/arquivos/ids/27526343-184-184/20376692.jpg?v=638307717140000000,2026-09-16 21:18:51
avena-quaker-con-chia-y-algarrobo-bolsa-330g,Avena QUAKER Con Chía y Algarrobo Bolsa 330g,QUAKER,desayunos,8.5,8.5,False,0.0,https://www.plazavea.com.pe/avena-quaker-con-chia-y-algarrobo-bolsa-330g/p,https://plazavea.vteximg.com.br/arquivos/ids/34361964-184-184/20357460.jpg?v=639125057139070000,2026-09-16 21:18:51
mermelada-de-fresa-fanny-doypack-700g,Mermelada de Fresa FANNY Doypack 700g,FANNY,desayunos,11.9,11.9,False,0.0,https://www.plazavea.com.pe/mermelada-de-fresa-fanny-doypack-700g/p,https://vivanda.vteximg.com.br/arquivos/Alto_azucar.png?v=123,2026-09-16 21:18:51
queso-emmental-slices-president-bandeja-150g,Queso Emmental Tajadas PRESIDENT Paquete 150g,PRESIDENT,quesos-fiambres,14.2,14.2,False,0.0,https://www.plazavea.com.pe/queso-emmental-slices-president-bandeja-150g/p,https://plazavea.vteximg.com.br/arquivos/origin-country-paises_bajos.png,2026-09-16 21:19:21
queso-cheddar-en-tajadas-president-paquete-200g,Queso Cheddar en Tajadas PRESIDENT Paquete 200...,PRÉSIDENT,quesos-fiambres,18.7,18.7,False,0.0,https://www.plazavea.com.pe/queso-cheddar-en-tajadas-president-paquete-200g/p,https://plazavea.vteximg.com.br/arquivos/origin-country-francia.png,2026-09-16 21:19:21
queso-fresco-gloria-x-k-g-q,Queso Fresco GLORIA x kg,GLORIA,quesos-fiambres,17.95,18.35,True,2.18,https://www.plazavea.com.pe/queso-fresco-gloria-x-k-g-q/p,https://plazavea.vteximg.com.br/arquivos/origin-country-peru.png,2026-09-16 21:19:21
jamon-ingles-casa-europa-paquete-200g,Jamón Inglés CASA EUROPA Paquete 200g,CASA EUROPA,quesos-fiambres,11.5,16.5,True,30.3,https://www.plazavea.com.pe/jamon-ingles-casa-europa-paquete-200g/p,https://plazavea.vteximg.com.br/arquivos/origin-country-peru.png,2026-09-16 21:19:21
queso-para-hamburguesa-en-tajadas-president-200g,Queso para Hamburguesa en Tajadas PRESIDENT 20...,PRESIDENT,quesos-fiambres,18.7,18.7,False,0.0,https://www.plazavea.com.pe/queso-para-hamburguesa-en-tajadas-president-200g/p,https://plazavea.vteximg.com.br/arquivos/origin-country-francia.png,2026-09-16 21:19:21
queso-fresco-bells-paquete-300g,Queso Fresco BELL'S Paquete 300g,BELL'S FRESCOS,quesos-fiambres,8.9,9.9,False,10.1,https://www.plazavea.com.pe/queso-fresco-bells-paquete-300g/p,https://plazavea.vteximg.com.br/arquivos/origin-country-peru.png,2026-09-16 21:19:21
queso-edam-laive-paquete-440g,Queso Edam LAIVE Paquete 440g,LAIVE,quesos-fiambres,21.9,22.9,False,4.37,https://www.plazavea.com.pe/queso-edam-laive-paquete-440g/p,https://plazavea.vteximg.com.br/arquivos/origin-country-peru.png,2026-09-16 21:19:21
queso-edam-braedt-paquete-440g,Queso Edam BRAEDT Paquete 440g,BRAEDT,quesos-fiambres,18.2,23.5,False,22.55,https://www.plazavea.com.pe/queso-edam-braedt-paquete-440g/p,https://plazavea.vteximg.com.br/arquivos/origin-country-alemania.png,2026-09-16 21:19:21
queso-edam-braedt-paquete-180g,Queso Edam BRAEDT Paquete 180g,BRAEDT,quesos-fiambres,10.1,10.99,False,8.1,https://www.plazavea.com.pe/queso-edam-braedt-paquete-180g/p,https://plazavea.vteximg.com.br/arquivos/origin-country-alemania.png,2026-09-16 21:19:21
queso-fresco-gloria-x-k-g,Queso Fresco GLORIA x kg,GLORIA,quesos-fiambres,10.95,10.95,False,0.0,https://www.plazavea.com.pe/queso-fresco-gloria-x-k-g/p,https://plazavea.vteximg.com.br/arquivos/origin-country-peru.png,2026-09-16 21:19:21
queso-fresco-sin-lactosa-laive-x-k-g,Queso Fresco sin Lactosa LAIVE x kg,LAIVE,quesos-fiambres,11.37,11.37,False,0.0,https://www.plazavea.com.pe/queso-fresco-sin-lactosa-laive-x-k-g/p,https://plazavea.vteximg.com.br/arquivos/origin-country-peru.png,2026-09-16 21:19:21
jamon-de-pavita-braedt-balance-paquete-200g,Jamón de Pavita BRAEDT Balance Paquete 200g,BRAEDT,quesos-fiambres,7.9,11.5,False,31.3,https://www.plazavea.com.pe/jamon-de-pavita-braedt-balance-paquete-200g/p,https://plazavea.vteximg.com.br/arquivos/origin-country-peru.png,2026-09-16 21:19:21
pack-braedt-jamon-pizza-paquete-200g-queso-edam-paquete-200g-paquete-2un,Pack Jamón Pizza BRAEDT Queso Edam 370g,BRAEDT,quesos-fiambres,11.9,14.2,False,16.2,https://www.plazavea.com.pe/pack-braedt-jamon-pizza-paquete-200g-queso-edam-paquete-200g-paquete-2un/p,https://plazavea.vteximg.com.br/arquivos/origin-country-peru.png,2026-09-16 21:19:21
queso-parmesano-rallado-laive-paquete-35g,Queso Parmesano Rallado LAIVE Paquete 35g,LAIVE,quesos-fiambres,4.5,4.6,False,2.17,https://www.plazavea.com.pe/queso-parmesano-rallado-laive-paquete-35g/p,https://plazavea.vteximg.com.br/arquivos/origin-country-peru.png,2026-09-16 21:19:21
queso-cottage-plusa-paquete-225g,Queso Cottage PLUSA Paquete 225g,PLUSA,quesos-fiambres,10.9,11.5,False,5.22,https://www.plazavea.com.pe/queso-cottage-plusa-paquete-225g/p,https://plazavea.vteximg.com.br/arquivos/origin-country-peru.png,2026-09-16 21:19:21
queso-mozzarella-en-bola-gloria-paquete-250g,Queso Mozzarella en Bola GLORIA Paquete 250g,GLORIA,quesos-fiambres,13.5,13.5,False,0.0,https://www.plazavea.com.pe/queso-mozzarella-en-bola-gloria-paquete-250g/p,https://plazavea.vteximg.com.br/arquivos/origin-country-peru.png,2026-09-16 21:19:21
queso-edam-sin-lactosa-laive-paquete-440g,Queso Edam sin Lactosa LAIVE Paquete 440g,LAIVE,quesos-fiambres,21.9,24.5,False,10.61,https://www.plazavea.com.pe/queso-edam-sin-lactosa-laive-paquete-440g/p,https://plazavea.vteximg.com.br/arquivos/origin-country-peru.png,2026-09-16 21:19:21
pack-hot-dog-s--suiza-paquete-600g,Pack Hot Dog Ahumado SALCHICHERÍA SUIZA Paquet...,SALCHICHERÍA SUIZA,quesos-fiambres,11.2,14.9,False,24.83,https://www.plazavea.com.pe/pack-hot-dog-s--suiza-paquete-600g/p,https://plazavea.vteximg.com.br/arquivos/origin-country-peru.png,2026-09-16 21:19:21
queso-fresco-pasteurizado-light-bells-paquete-300g-pv,Queso Fresco Pasteurizado Light BELL'S Paquete...,BELL'S FRESCOS,quesos-fiambres,10.5,10.5,True,0.0,https://www.plazavea.com.pe/queso-fresco-pasteurizado-light-bells-paquete-300g-pv/p,https://plazavea.vteximg.com.br/arquivos/origin-country-peru.png,2026-09-16 21:19:21
pack-mixto-queso-edamjamon-americano-laive-paquete-300g,Pack Mixto Queso Edam + Jamón Pizzero LAIVE 30...,LAIVE,quesos-fiambres,10.5,13.9,False,24.46,https://www.plazavea.com.pe/pack-mixto-queso-edamjamon-americano-laive-paquete-300g/p,https://plazavea.vteximg.com.br/arquivos/origin-country-peru.png,2026-09-16 21:19:21
queso-edam-laive-sin-lactosa-paquete-180g,Queso Edam LAIVE Sin Lactosa Paquete 180g,LAIVE,quesos-fiambres,10.9,12.9,False,15.5,https://www.plazavea.com.pe/queso-edam-laive-sin-lactosa-paquete-180g/p,https://plazavea.vteximg.com.br/arquivos/origin-country-peru.png,2026-09-16 21:19:21
hot-dog-suiza-paquete-200g,Hot Dog Ahumado SALCHICHERÍA AHUMADO Paquete 2...,SUIZA,quesos-fiambres,5.3,5.9,True,10.17,https://www.plazavea.com.pe/hot-dog-suiza-paquete-200g/p,https://plazavea.vteximg.com.br/arquivos/origin-country-peru.png,2026-09-16 21:19:21
jamon-pizzero-braedt-tamano-familiar-empaque-480g,Jamón Pizzero BRAEDT Paquete 480g,BRAEDT,quesos-fiambres,10.9,12.9,True,15.5,https://www.plazavea.com.pe/jamon-pizzero-braedt-tamano-familiar-empaque-480g/p,https://plazavea.vteximg.com.br/arquivos/origin-country-peru.png,2026-09-16 21:19:21
queso-mozzarella-para-pizza-bells-seleccion-bolsa-250g,Queso Mozzarella para Pizza BELL'S SELECCIÓN P...,BELL'S SELECCIÓN,quesos-fiambres,10.5,10.9,False,3.67,https://www.plazavea.com.pe/queso-mozzarella-para-pizza-bells-seleccion-bolsa-250g/p,https://plazavea.vteximg.com.br/arquivos/origin-country-peru.png,2026-09-16 21:19:21
queso-gouda-braedt-paquete-180g,Queso Gouda BRAEDT Paquete 180g,BRAEDT,quesos-fiambres,9.8,11.0,False,10.91,https://www.plazavea.com.pe/queso-gouda-braedt-paquete-180g/p,https://plazavea.vteximg.com.br/arquivos/origin-country-alemania.png,2026-09-16 21:19:21
queso-crema-philadelphia-brick-original-caja-180g,Queso Crema PHILADELPHIA Brick Original Paquet...,PHILADELPHIA,quesos-fiambres,10.5,13.5,False,22.22,https://www.plazavea.com.pe/queso-crema-philadelphia-brick-original-caja-180g/p,https://plazavea.vteximg.com.br/arquivos/origin-country-estados_unidos.png,2026-09-16 21:19:21
salchicha-huachana-braedt-paquete-150g,Salchicha Huachana BRAEDT Paquete 150g,BRAEDT,quesos-fiambres,4.9,6.5,False,24.62,https://www.plazavea.com.pe/salchicha-huachana-braedt-paquete-150g/p,https://plazavea.vteximg.com.br/arquivos/origin-country-peru.png,2026-09-16 21:19:21
jamon-crocante-casa-europa-paquete-200g,Jamón Crocante CASA EUROPA Paquete 200g,CASA EUROPA,quesos-fiambres,12.9,18.4,False,29.89,https://www.plazavea.com.pe/jamon-crocante-casa-europa-paquete-200g/p,https://plazavea.vteximg.com.br/arquivos/origin-country-peru.png,2026-09-16 21:19:21
salchicha-de-huacho-casa-europa-paquete-150g,Salchicha de Huacho CASA EUROPA Paquete 150g,CASA EUROPA,quesos-fiambres,6.5,7.5,False,13.33,https://www.plazavea.com.pe/salchicha-de-huacho-casa-europa-paquete-150g/p,https://plazavea.vteximg.com.br/arquivos/origin-country-peru.png,2026-09-16 21:19:21
tocino-ahumado-casa-europa-paquete-200g,Tocino Ahumado CASA EUROPA Paquete 200g,CASA EUROPA,quesos-fiambres,18.9,18.9,False,0.0,https://www.plazavea.com.pe/tocino-ahumado-casa-europa-paquete-200g/p,https://plazavea.vteximg.com.br/arquivos/origin-country-peru.png,2026-09-16 21:19:21
chorizo-parrillero-precocido-braedt-paquete-500g,Chorizo Parrillero Precocido BRAEDT Paquete 50...,BRAEDT,quesos-fiambres,13.5,15.7,True,14.01,https://www.plazavea.com.pe/chorizo-parrillero-precocido-braedt-paquete-500g/p,https://vivanda.vteximg.com.br/arquivos/Sodio_saturadas.png?v=123,2026-09-16 21:19:21
jamon-ingles-otto-kunz-paquete-200g,Jamón Inglés OTTO KUNZ Paquete 200g,OTTO KUNZ,quesos-fiambres,12.9,14.9,False,13.42,https://www.plazavea.com.pe/jamon-ingles-otto-kunz-paquete-200g/p,https://plazavea.vteximg.com.br/arquivos/origin-country-peru.png,2026-09-16 21:19:21
pate-de-pollo-san-fernando-paquete-100g,Paté de Pollo SAN FERNANDO Paquete 100g,SAN FERNANDO,quesos-fiambres,2.99,3.9,False,23.33,https://www.plazavea.com.pe/pate-de-pollo-san-fernando-paquete-100g/p,https://plazavea.vteximg.com.br/arquivos/origin-country-peru.png,2026-09-16 21:19:21
pack-mixto-jamon-pizzero-s--suizaqueso-edam-paquete-279g-20570345,Pack Mixto Jamón Pizzero S. SUIZA + Queso Edam...,SALCHICHERÍA SUIZA,quesos-fiambres,10.5,11.5,False,8.7,https://www.plazavea.com.pe/pack-mixto-jamon-pizzero-s--suizaqueso-edam-paquete-279g-20570345/p,https://plazavea.vteximg.com.br/arquivos/origin-country-peru.png,2026-09-16 21:19:21
queso-parmesano-rallado-gloria-paquete-35g,Queso Parmesano Rallado GLORIA Paquete 35g,GLORIA,quesos-fiambres,4.5,4.7,False,4.26,https://www.plazavea.com.pe/queso-parmesano-rallado-gloria-paquete-35g/p,https://plazavea.vteximg.com.br/arquivos/origin-country-peru.png,2026-09-16 21:19:21
queso-fundido-cheddar-gloria-paquete-136g-20565198,Queso Fundido Cheddar GLORIA Paquete 136g,GLORIA,quesos-fiambres,7.2,7.2,False,0.0,https://www.plazavea.com.pe/queso-fundido-cheddar-gloria-paquete-136g-20565198/p,https://vivanda.vteximg.com.br/arquivos/Sodio_saturadas.png?v=123,2026-09-16 21:19:21
queso-edam-laminado-bells-frescos-paquete-440g,Queso Edam en Tajadas BELL'S FRESCOS Paquete 4...,BELL'S FRESCOS,quesos-fiambres,18.5,19.5,False,5.13,https://www.plazavea.com.pe/queso-edam-laminado-bells-frescos-paquete-440g/p,https://plazavea.vteximg.com.br/arquivos/origin-country-chile.png,2026-09-16 21:19:21
queso-gouda-braedt-tamano-familiar-paquete-440g,Queso Gouda BRAEDT Tamaño Familiar Paquete 440...,BRAEDT,quesos-fiambres,20.6,23.5,False,12.34,https://www.plazavea.com.pe/queso-gouda-braedt-tamano-familiar-paquete-440g/p,https://plazavea.vteximg.com.br/arquivos/origin-country-alemania.png,2026-09-16 21:19:21
jamon-de-pais-casa-europa-empaque-150g,Jamón de País CASA EUROPA Empaque 150g,CASA EUROPA,quesos-fiambres,8.5,11.9,False,28.57,https://www.plazavea.com.pe/jamon-de-pais-casa-europa-empaque-150g/p,https://plazavea.vteximg.com.br/arquivos/origin-country-peru.png,2026-09-16 21:19:21
pack-mixto-jamon-pizza-y-queso-edam-otto-kunz-paquete-340g,Pack Mixto Jamón Pizza y Queso Edam OTTO KUNZ ...,OTTO KUNZ,quesos-fiambres,13.9,15.5,False,10.32,https://www.plazavea.com.pe/pack-mixto-jamon-pizza-y-queso-edam-otto-kunz-paquete-340g/p,https://plazavea.vteximg.com.br/arquivos/origin-country-peru.png,2026-09-16 21:19:21
hot-dog-pollo-salchicheria-suiza-paquete-200g,Hot Dog Pollo SALCHICHERÍA SUIZA Paquete 200g,SALCHICHERÍA SUIZA,quesos-fiambres,4.9,4.9,False,0.0,https://www.plazavea.com.pe/hot-dog-pollo-salchicheria-suiza-paquete-200g/p,https://plazavea.vteximg.com.br/arquivos/origin-country-peru.png,2026-09-16 21:19:21
pack-hot-dog-vienesa-s--alemana-paquete-250g500g,Pack Hot Dog Vienesa SALCHICHERÍA ALEMANA Paqu...,SALCHICHERÍA ALEMANA,quesos-fiambres,12.9,15.9,False,18.87,https://www.plazavea.com.pe/pack-hot-dog-vienesa-s--alemana-paquete-250g500g/p,https://plazavea.vteximg.com.br/arquivos/origin-country-peru.png,2026-09-16 21:19:21
pack-jamonada-especial-suiza-paquete-400g,Pack Jamonada Especial SUIZA Paquete 400g,LAIVE,quesos-fiambres,10.3,11.9,True,13.45,https://www.plazavea.com.pe/pack-jamonada-especial-suiza-paquete-400g/p,https://plazavea.vteximg.com.br/arquivos/origin-country-peru.png,2026-09-16 21:19:21
jamon-de-pavita-san-fernando-bolsa-200g,Jamón de Pavita SAN FERNANDO Bolsa 200g,SAN FERNANDO,quesos-fiambres,10.2,10.2,False,0.0,https://www.plazavea.com.pe/jamon-de-pavita-san-fernando-bolsa-200g/p,https://plazavea.vteximg.com.br/arquivos/origin-country-peru.png,2026-09-16 21:19:21
queso-edam-bonle-paquete-500g,Queso Edam BONLÉ Paquete 500g,BONLÉ,quesos-fiambres,23.9,23.9,False,0.0,https://www.plazavea.com.pe/queso-edam-bonle-paquete-500g/p,https://plazavea.vteximg.com.br/arquivos/origin-country-peru.png,2026-09-16 21:19:21
jamon-de-pavo-braedt-paquete-480g,Jamón de Pavo BRAEDT Paquete 480g,BRAEDT,quesos-fiambres,20.5,20.5,False,0.0,https://www.plazavea.com.pe/jamon-de-pavo-braedt-paquete-480g/p,https://plazavea.vteximg.com.br/arquivos/origin-country-peru.png,2026-09-16 21:19:21
queso-mozzarella-braedt-paquete-180g,Queso Mozzarella BRAEDT Paquete 180g,BRAEDT,quesos-fiambres,9.9,10.99,False,9.92,https://www.plazavea.com.pe/queso-mozzarella-braedt-paquete-180g/p,https://plazavea.vteximg.com.br/arquivos/origin-country-alemania.png,2026-09-16 21:19:21
tocino-ahumado-bells-seleccion-paquete-100g,Tocino Ahumado BELL'S SELECCIÓN Paquete 100g,BELL'S SELECCIÓN,quesos-fiambres,7.9,7.9,False,0.0,https://www.plazavea.com.pe/tocino-ahumado-bells-seleccion-paquete-100g/p,https://plazavea.vteximg.com.br/arquivos/origin-country-peru.png,2026-09-16 21:19:21
queso-fresco-bonle-x-k-g,Queso Fresco BONLÉ x kg,BONLÉ,quesos-fiambres,13.56,13.56,False,0.0,https://www.plazavea.com.pe/queso-fresco-bonle-x-k-g/p,https://plazavea.vteximg.com.br/arquivos/origin-country-peru.png,2026-09-16 21:19:21
queso-fresco-gloria-sin-lactosa-x-k-g,Queso Fresco GLORIA Sin Lactosa x kg,GLORIA,quesos-fiambres,20.45,20.45,False,0.0,https://www.plazavea.com.pe/queso-fresco-gloria-sin-lactosa-x-k-g/p,https://plazavea.vteximg.com.br/arquivos/origin-country-peru.png,2026-09-16 21:19:47
queso-fresco-laive-x-k-g,Queso Fresco LAIVE x kg,LAIVE,quesos-fiambres,10.77,11.37,False,5.28,https://www.plazavea.com.pe/queso-fresco-laive-x-k-g/p,https://plazavea.vteximg.com.br/arquivos/origin-country-peru.png,2026-09-16 21:19:47
queso-fresco-sbelt-x-k-g,Queso Fresco SBELT x kg,LAIVE,quesos-fiambres,11.37,11.37,False,0.0,https://www.plazavea.com.pe/queso-fresco-sbelt-x-k-g/p,https://plazavea.vteximg.com.br/arquivos/origin-country-peru.png,2026-09-16 21:19:47
queso-crema-delice-barra-190g,Queso Crema DELICE Barra 190g,DELICE,quesos-fiambres,8.9,10.9,False,18.35,https://www.plazavea.com.pe/queso-crema-delice-barra-190g/p,https://plazavea.vteximg.com.br/arquivos/origin-country-peru.png,2026-09-16 21:19:47
pack-hot-dog-braedt-paquete-600g,Pack Hot Dog BRAEDT Paquete 600g,BRAEDT,quesos-fiambres,11.5,13.2,False,12.88,https://www.plazavea.com.pe/pack-hot-dog-braedt-paquete-600g/p,https://plazavea.vteximg.com.br/arquivos/origin-country-peru.png,2026-09-16 21:19:47
chicharron-de-prensa-casa-europa-paquete-200g,Chicharrón de Prensa CASA EUROPA Paquete 200g,CASA EUROPA,quesos-fiambres,6.9,9.9,True,30.3,https://www.plazavea.com.pe/chicharron-de-prensa-casa-europa-paquete-200g/p,https://plazavea.vteximg.com.br/arquivos/origin-country-peru.png,2026-09-16 21:19:47
queso-parmesano-bells-paquete-35g,Queso Parmesano BELL'S Paquete 35g,BELL'S FRESCOS,quesos-fiambres,3.8,3.8,False,0.0,https://www.plazavea.com.pe/queso-parmesano-bells-paquete-35g/p,https://plazavea.vteximg.com.br/arquivos/origin-country-argentina.png,2026-09-16 21:19:47
jamon-de-pechuga-de-pavo-braedt-balance-paquete-200g,Jamón de Pechuga de Pavo BRAEDT Balance Paquet...,BRAEDT,quesos-fiambres,16.5,16.5,False,0.0,https://www.plazavea.com.pe/jamon-de-pechuga-de-pavo-braedt-balance-paquete-200g/p,https://plazavea.vteximg.com.br/arquivos/origin-country-peru.png,2026-09-16 21:19:47
pack-salchicha-vienesa-otto-kunz-paquete-250g-paquete-500g,Pack Salchicha Vienesa OTTO KUNZ Paquete 250g ...,OTTO KUNZ,quesos-fiambres,10.79,15.4,False,29.94,https://www.plazavea.com.pe/pack-salchicha-vienesa-otto-kunz-paquete-250g-paquete-500g/p,https://plazavea.vteximg.com.br/arquivos/origin-country-peru.png,2026-09-16 21:19:47
jamon-ingles-casa-europa,Jamón Inglés CASA EUROPA,CASA EUROPA,quesos-fiambres,11.22,16.47,False,31.88,https://www.plazavea.com.pe/jamon-ingles-casa-europa/p,https://plazavea.vteximg.com.br/arquivos/origin-country-peru.png,2026-09-16 21:19:47
salchicha-vienesa-ahumada-casa-europa-paquete-250g,Salchicha Vienesa Ahumada CASA EUROPA Paquete ...,CASA EUROPA,quesos-fiambres,6.5,10.5,False,38.1,https://www.plazavea.com.pe/salchicha-vienesa-ahumada-casa-europa-paquete-250g/p,https://plazavea.vteximg.com.br/arquivos/origin-country-peru.png,2026-09-16 21:19:47
chorizo-parrillero-otto-kunz-400g-20099145,Chorizo Parrillero OTTO KUNZ 400g,OTTO KUNZ,quesos-fiambres,13.9,16.2,False,14.2,https://www.plazavea.com.pe/chorizo-parrillero-otto-kunz-400g-20099145/p,https://plazavea.vteximg.com.br/arquivos/ids/36159946-184-184/20099145.jpg?v=639251919021630000,2026-09-16 21:19:47
queso-crema-philadelphia-soft-original-pote-150g,Queso Crema PHILADELPHIA Soft Original Paquete...,PHILADELPHIA,quesos-fiambres,11.5,11.5,True,0.0,https://www.plazavea.com.pe/queso-crema-philadelphia-soft-original-pote-150g/p,https://plazavea.vteximg.com.br/arquivos/origin-country-estados_unidos.png,2026-09-16 21:19:47
queso-crema-philadelphia-soft-light-pote-150g,Queso Crema PHILADELPHIA Soft Light Paquete 15...,PHILADELPHIA,quesos-fiambres,11.5,11.5,False,0.0,https://www.plazavea.com.pe/queso-crema-philadelphia-soft-light-pote-150g/p,https://plazavea.vteximg.com.br/arquivos/origin-country-estados_unidos.png,2026-09-16 21:19:47
queso-cremoso-rectangular-laive-sachet-227g,Queso Cremoso Rectangular LAIVE Paquete 227g,LAIVE,quesos-fiambres,9.9,12.5,False,20.8,https://www.plazavea.com.pe/queso-cremoso-rectangular-laive-sachet-227g/p,https://plazavea.vteximg.com.br/arquivos/origin-country-peru.png,2026-09-16 21:19:47
queso-cheddar-laive-paquete-227g,Queso Cheddar LAIVE Paquete 227g,LAIVE,quesos-fiambres,9.9,11.9,True,16.81,https://www.plazavea.com.pe/queso-cheddar-laive-paquete-227g/p,https://plazavea.vteximg.com.br/arquivos/origin-country-peru.png,2026-09-16 21:19:47
queso-edam-laive-paquete-180g,Queso Edam LAIVE Paquete 180g,LAIVE,quesos-fiambres,10.9,12.9,False,15.5,https://www.plazavea.com.pe/queso-edam-laive-paquete-180g/p,https://plazavea.vteximg.com.br/arquivos/origin-country-peru.png,2026-09-16 21:19:47
queso-mozzarella-light-laive-sbelt-paquete-250g,Queso Mozzarella Light LAIVE Sbelt Paquete 250...,LAIVE,quesos-fiambres,13.5,13.5,False,0.0,https://www.plazavea.com.pe/queso-mozzarella-light-laive-sbelt-paquete-250g/p,https://plazavea.vteximg.com.br/arquivos/origin-country-peru.png,2026-09-16 21:19:48
queso-parmesano-gloria-cuna-bolsa-200g-20571312,Queso Parmesano GLORIA Cuña Bolsa 200g,GLORIA,quesos-fiambres,22.9,22.9,False,0.0,https://www.plazavea.com.pe/queso-parmesano-gloria-cuna-bolsa-200g-20571312/p,https://plazavea.vteximg.com.br/arquivos/origin-country-peru.png,2026-09-16 21:19:48
queso-fundido-natural-gloria-paquete-136g,Queso Fundido Natural GLORIA Paquete 136g,GLORIA,quesos-fiambres,6.2,6.2,False,0.0,https://www.plazavea.com.pe/queso-fundido-natural-gloria-paquete-136g/p,https://vivanda.vteximg.com.br/arquivos/Sodio_saturadas.png?v=123,2026-09-16 21:19:48
queso-edam-laminado-bells-frescos-paquete-250g,Queso Edam en Tajadas BELL'S FRESCOS Paquete 2...,BELL'S FRESCOS,quesos-fiambres,12.9,12.9,True,0.0,https://www.plazavea.com.pe/queso-edam-laminado-bells-frescos-paquete-250g/p,https://plazavea.vteximg.com.br/arquivos/origin-country-chile.png,2026-09-16 21:19:48
queso-mozzarella-en-tajadas-bells-paquete-440g,Queso Mozzarella en Tajadas BELL'S Paquete 440...,BELL'S FRESCOS,quesos-fiambres,19.5,19.5,False,0.0,https://www.plazavea.com.pe/queso-mozzarella-en-tajadas-bells-paquete-440g/p,https://plazavea.vteximg.com.br/arquivos/origin-country-argentina.png,2026-09-16 21:19:48
queso-parmesano-rallado-braedt-doypack-200g,Queso Parmesano Rallado BRAEDT Doypack 200g,BRAEDT,quesos-fiambres,14.19,18.9,False,24.92,https://www.plazavea.com.pe/queso-parmesano-rallado-braedt-doypack-200g/p,https://plazavea.vteximg.com.br/arquivos/origin-country-alemania.png,2026-09-16 21:19:48
chorizo-miel-de-maple-oregon-foods-bolsa-400g,Chorizo Miel de Maple OREGON FOODS Bolsa 400g,OREGON FOODS,quesos-fiambres,19.9,19.9,False,0.0,https://www.plazavea.com.pe/chorizo-miel-de-maple-oregon-foods-bolsa-400g/p,https://plazavea.vteximg.com.br/arquivos/ids/34369073-184-184/20506110.jpg?v=639125099913500000,2026-09-16 21:19:48
queso-paria-gloria-bolsa-500g,Queso Paria GLORIA Paquete 500g,GLORIA,quesos-fiambres,26.0,32.5,False,20.0,https://www.plazavea.com.pe/queso-paria-gloria-bolsa-500g/p,https://plazavea.vteximg.com.br/arquivos/origin-country-peru.png,2026-09-16 21:19:48
queso-mozarella-en-tajadas-laive-paquete-180g,Queso Mozarella en Tajadas LAIVE Paquete 180g,LAIVE,quesos-fiambres,10.9,13.1,False,16.79,https://www.plazavea.com.pe/queso-mozarella-en-tajadas-laive-paquete-180g/p,https://plazavea.vteximg.com.br/arquivos/origin-country-peru.png,2026-09-16 21:19:48
tocineta-premium-oregon-foods-paquete-200g,Tocineta Premium OREGON FOODS Paquete 200g,OREGON FOODS,quesos-fiambres,13.9,13.9,False,0.0,https://www.plazavea.com.pe/tocineta-premium-oregon-foods-paquete-200g/p,https://plazavea.vteximg.com.br/arquivos/origin-country-peru.png,2026-09-16 21:19:48
jamon-ingles-oregon-foods-paquete-200g,Jamón Inglés OREGON FOODS Paquete 200g,OREGON FOODS,quesos-fiambres,15.5,15.5,False,0.0,https://www.plazavea.com.pe/jamon-ingles-oregon-foods-paquete-200g/p,https://plazavea.vteximg.com.br/arquivos/origin-country-peru.png,2026-09-16 21:19:48
pack-mixto-braedt-jamon-yorkqueso-gouda-340g,Pack Mixto BRAEDT Jamón York + Queso Gouda 340...,BRAEDT,quesos-fiambres,15.9,15.9,False,0.0,https://www.plazavea.com.pe/pack-mixto-braedt-jamon-yorkqueso-gouda-340g/p,https://plazavea.vteximg.com.br/arquivos/origin-country-peru.png,2026-09-16 21:19:48
queso-mozzarella-braedt-tamano-familiar-paquete-440g,Queso Mozzarella BRAEDT Tamaño Familiar Paquet...,BRAEDT,quesos-fiambres,20.6,23.5,False,12.34,https://www.plazavea.com.pe/queso-mozzarella-braedt-tamano-familiar-paquete-440g/p,https://plazavea.vteximg.com.br/arquivos/origin-country-alemania.png,2026-09-16 21:19:48
jamon-casa-europa-pechuga-de-pavo-bolsa-200g,Jamón CASA EUROPA Pechuga de Pavo Bolsa 200g,CASA EUROPA,quesos-fiambres,16.9,16.9,False,0.0,https://www.plazavea.com.pe/jamon-casa-europa-pechuga-de-pavo-bolsa-200g/p,https://plazavea.vteximg.com.br/arquivos/origin-country-peru.png,2026-09-16 21:19:48
pack-jamon-pizzeroqueso-edam-paquete-340g,Pack Jamón Pizzero + Queso EDAM Paquete 340g,SALCHICHERÍA ALEMANA,quesos-fiambres,12.9,14.5,False,11.03,https://www.plazavea.com.pe/pack-jamon-pizzeroqueso-edam-paquete-340g/p,https://plazavea.vteximg.com.br/arquivos/origin-country-peru.png,2026-09-16 21:19:48
queso-mozzarella-ralla-delice-paquete-200g,Queso Mozzarella Rallada DELICE Paquete 200g,DELICE,quesos-fiambres,15.5,15.5,False,0.0,https://www.plazavea.com.pe/queso-mozzarella-ralla-delice-paquete-200g/p,https://plazavea.vteximg.com.br/arquivos/origin-country-peru.png,2026-09-16 21:19:48
jamonada-de-pollo-braedt-paquete-180g,Jamonada de Pollo BRAEDT Paquete 180g,BRAEDT,quesos-fiambres,4.9,4.9,False,0.0,https://www.plazavea.com.pe/jamonada-de-pollo-braedt-paquete-180g/p,https://plazavea.vteximg.com.br/arquivos/origin-country-peru.png,2026-09-16 21:19:48
jamonada-polaca-otto-kunz-paquete-180g,Jamonada Polaca OTTO KUNZ Paquete 180g,OTTO KUNZ,quesos-fiambres,7.5,7.9,True,5.06,https://www.plazavea.com.pe/jamonada-polaca-otto-kunz-paquete-180g/p,https://plazavea.vteximg.com.br/arquivos/origin-country-peru.png,2026-09-16 21:19:48
chicharron-de-prensa-otto-kunz-paquete-180g,Chicharrón de Prensa OTTO KUNZ Paquete 180g,OTTO KUNZ,quesos-fiambres,6.8,7.9,False,13.92,https://www.plazavea.com.pe/chicharron-de-prensa-otto-kunz-paquete-180g/p,https://plazavea.vteximg.com.br/arquivos/origin-country-peru.png,2026-09-16 21:19:48
aceituna-negra-sin-pepa-bells-taper-260g,Aceituna Negra sin Pepa BELL'S Táper 260g,BELL'S FRESCOS,quesos-fiambres,12.4,12.4,False,0.0,https://www.plazavea.com.pe/aceituna-negra-sin-pepa-bells-taper-260g/p,https://plazavea.vteximg.com.br/arquivos/origin-country-peru.png,2026-09-16 21:19:48
frankfurter-kilometrico-braedt-display-500g,Frankfurter Kilométrico BRAEDT Paquete 500g,BRAEDT,quesos-fiambres,15.5,16.5,False,6.06,https://www.plazavea.com.pe/frankfurter-kilometrico-braedt-display-500g/p,https://plazavea.vteximg.com.br/arquivos/origin-country-peru.png,2026-09-16 21:19:48
palitos-de-queso-mozzarella-delice-bolsa-180g,Palitos de Queso Mozzarella DELICE Paquete 180...,DELICE,quesos-fiambres,13.4,13.9,False,3.6,https://www.plazavea.com.pe/palitos-de-queso-mozzarella-delice-bolsa-180g/p,https://plazavea.vteximg.com.br/arquivos/origin-country-peru.png,2026-09-16 21:19:48
tocino-ahumado-otto-kunz-paquete-150g,Tocino Ahumado OTTO KUNZ Paquete 150g,OTTO KUNZ,quesos-fiambres,11.1,13.9,False,20.14,https://www.plazavea.com.pe/tocino-ahumado-otto-kunz-paquete-150g/p,https://plazavea.vteximg.com.br/arquivos/origin-country-peru.png,2026-09-16 21:19:48
tabla-piqueo-tradicional-bell-s,Tabla Piqueo Tradicional BELL´S,BELL'S FRESCOS,quesos-fiambres,13.9,15.9,False,12.58,https://www.plazavea.com.pe/tabla-piqueo-tradicional-bell-s/p,https://plazavea.vteximg.com.br/arquivos/origin-country-peru.png,2026-09-16 21:19:48
queso-parmesano-rallado-laive-frasco-226g,Queso Parmesano Rallado LAIVE Frasco 226g,LAIVE,quesos-fiambres,25.9,28.9,False,10.38,https://www.plazavea.com.pe/queso-parmesano-rallado-laive-frasco-226g/p,https://plazavea.vteximg.com.br/arquivos/origin-country-peru.png,2026-09-16 21:19:48
pack-jamon-sandwich-queso-edam-san-fernando-bolsa-338g,Pack Jamón Sándwich + Queso Edam SAN FERNANDO ...,SAN FERNANDO,quesos-fiambres,13.9,14.9,False,6.71,https://www.plazavea.com.pe/pack-jamon-sandwich-queso-edam-san-fernando-bolsa-338g/p,https://plazavea.vteximg.com.br/arquivos/origin-country-peru.png,2026-09-16 21:19:48
queso-edam-gloria-paquete-500g,Queso Edam GLORIA Paquete 500g,GLORIA,quesos-fiambres,24.8,24.8,False,0.0,https://www.plazavea.com.pe/queso-edam-gloria-paquete-500g/p,https://plazavea.vteximg.com.br/arquivos/origin-country-peru.png,2026-09-16 21:19:48
tocino-ahumado-braedt-paquete-200g,Tocino Ahumado BRAEDT Paquete 200g,BRAEDT,quesos-fiambres,12.7,15.9,False,20.13,https://www.plazavea.com.pe/tocino-ahumado-braedt-paquete-200g/p,https://plazavea.vteximg.com.br/arquivos/origin-country-peru.png,2026-09-16 21:19:48
queso-paria-gloria-en-tajadas-paquete-180g,Queso Paria GLORIA en Tajadas Paquete 180g,GLORIA,quesos-fiambres,13.9,13.9,False,0.0,https://www.plazavea.com.pe/queso-paria-gloria-en-tajadas-paquete-180g/p,https://plazavea.vteximg.com.br/arquivos/origin-country-peru.png,2026-09-16 21:19:48
jamon-de-pavo-braedt-paquete-200g,Jamón de Pavo BRAEDT Paquete 200g,BRAEDT,quesos-fiambres,12.9,13.5,False,4.44,https://www.plazavea.com.pe/jamon-de-pavo-braedt-paquete-200g/p,https://plazavea.vteximg.com.br/arquivos/origin-country-peru.png,2026-09-16 21:19:48
hot-dog-ahumado-de-pollo-san-fernando-paquete-440g,Hot Dog Ahumado de Pollo SAN FERNANDO Paquete ...,SAN FERNANDO,quesos-fiambres,8.5,10.0,False,15.0,https://www.plazavea.com.pe/hot-dog-ahumado-de-pollo-san-fernando-paquete-440g/p,https://plazavea.vteximg.com.br/arquivos/origin-country-peru.png,2026-09-16 21:19:48
hot-dog-ahumado-de-pollo-san-fernando-paquete-220g,Hot Dog Ahumado de Pollo SAN FERNANDO Paquete ...,SAN FERNANDO,quesos-fiambres,5.2,5.2,False,0.0,https://www.plazavea.com.pe/hot-dog-ahumado-de-pollo-san-fernando-paquete-220g/p,https://plazavea.vteximg.com.br/arquivos/origin-country-peru.png,2026-09-16 21:19:48
chorizo-otto-kunz-cocktail-paquete-370g,Chorizo OTTO KUNZ Cocktail Paquete 370g,OTTO KUNZ,quesos-fiambres,16.5,16.5,True,0.0,https://www.plazavea.com.pe/chorizo-otto-kunz-cocktail-paquete-370g/p,https://vivanda.vteximg.com.br/arquivos/Sodio_saturadas.png?v=123,2026-09-16 21:19:48
tocino-culinario-otto-kunz-paquete-500g,Tocino Culinario OTTO KUNZ Paquete 500g,OTTO KUNZ,quesos-fiambres,25.5,28.9,False,11.76,https://www.plazavea.com.pe/tocino-culinario-otto-kunz-paquete-500g/p,https://plazavea.vteximg.com.br/arquivos/origin-country-peru.png,2026-09-16 21:20:14
hot-dog-vienesa-ahumado-salchicheria-alemana-paquete-250g,Hot Dog Vienesa Ahumado SALCHICHERÍA ALEMANA P...,SALCHICHERÍA ALEMANA,quesos-fiambres,6.5,8.2,False,20.73,https://www.plazavea.com.pe/hot-dog-vienesa-ahumado-salchicheria-alemana-paquete-250g/p,https://plazavea.vteximg.com.br/arquivos/origin-country-peru.png,2026-09-16 21:20:14
chorizo-finas-hierbas-otto-kunz-paquete-400g,Chorizo Finas Hierbas OTTO KUNZ Paquete 400g,OTTO KUNZ,quesos-fiambres,16.9,18.9,False,10.58,https://www.plazavea.com.pe/chorizo-finas-hierbas-otto-kunz-paquete-400g/p,https://vivanda.vteximg.com.br/arquivos/Sodio_saturadas.png?v=123,2026-09-16 21:20:14
queso-piamonte-cabana-light-pote-250g,Queso PIAMONTE Cabaña Light Pote 250g,PIAMONTE,quesos-fiambres,15.2,15.2,False,0.0,https://www.plazavea.com.pe/queso-piamonte-cabana-light-pote-250g/p,https://plazavea.vteximg.com.br/arquivos/origin-country-peru.png,2026-09-16 21:20:14
salchicha-vienesa-ahumada-casa-europa-paquete-500g,Salchicha Vienesa Ahumada CASA EUROPA Paquete ...,CASA EUROPA,quesos-fiambres,11.9,19.5,False,38.97,https://www.plazavea.com.pe/salchicha-vienesa-ahumada-casa-europa-paquete-500g/p,https://plazavea.vteximg.com.br/arquivos/origin-country-peru.png,2026-09-16 21:20:14
jamon-americano-salchicheria-suiza-linea-clasica-paquete-500g,Jamón Americano SALCHICHERÍA SUIZA Línea Clási...,SALCHICHERÍA SUIZA,quesos-fiambres,10.9,13.5,False,19.26,https://www.plazavea.com.pe/jamon-americano-salchicheria-suiza-linea-clasica-paquete-500g/p,https://plazavea.vteximg.com.br/arquivos/origin-country-peru.png,2026-09-16 21:20:14
queso-parmesano-rallado-kraft-frasco-85g,Queso Parmesano Rallado KRAFTPaquete 85g,KRAFT,quesos-fiambres,14.5,14.5,False,0.0,https://www.plazavea.com.pe/queso-parmesano-rallado-kraft-frasco-85g/p,https://plazavea.vteximg.com.br/arquivos/origin-country-estados_unidos.png,2026-09-16 21:20:14
salchicha-frankfurter-clasica-casa-europa-paquete-240g,Salchicha Frankfurter Clásica CASA EUROPA Paqu...,CASA EUROPA,quesos-fiambres,12.9,18.5,False,30.27,https://www.plazavea.com.pe/salchicha-frankfurter-clasica-casa-europa-paquete-240g/p,https://plazavea.vteximg.com.br/arquivos/origin-country-peru.png,2026-09-16 21:20:14
jamon-pizzero-braedt-paquete-200g,Jamón Pizzero BRAEDT Paquete 200g,BRAEDT,quesos-fiambres,5.9,5.9,False,0.0,https://www.plazavea.com.pe/jamon-pizzero-braedt-paquete-200g/p,https://plazavea.vteximg.com.br/arquivos/origin-country-peru.png,2026-09-16 21:20:14
jamon-ingles-braedt-paquete-200g,Jamón Inglés BRAEDT Paquete 200g,BRAEDT,quesos-fiambres,12.5,12.5,False,0.0,https://www.plazavea.com.pe/jamon-ingles-braedt-paquete-200g/p,https://plazavea.vteximg.com.br/arquivos/origin-country-peru.png,2026-09-16 21:20:14
queso-andino-laive-paquete-180g,Queso Andino LAIVE Paquete 180g,LAIVE,quesos-fiambres,12.9,12.9,False,0.0,https://www.plazavea.com.pe/queso-andino-laive-paquete-180g/p,https://plazavea.vteximg.com.br/arquivos/origin-country-peru.png,2026-09-16 21:20:14
jamonada-polaca-casa-europa-paquete-200g,Jamonada Polaca CASA EUROPA Paquete 200g,CASA EUROPA,quesos-fiambres,7.5,9.9,False,24.24,https://www.plazavea.com.pe/jamonada-polaca-casa-europa-paquete-200g/p,https://plazavea.vteximg.com.br/arquivos/origin-country-peru.png,2026-09-16 21:20:14
queso-crema-bells-caja-227g,Queso Crema BELL'S Paquete 227g,BELL'S FRESCOS,quesos-fiambres,9.9,11.9,False,16.81,https://www.plazavea.com.pe/queso-crema-bells-caja-227g/p,https://plazavea.vteximg.com.br/arquivos/origin-country-peru.png,2026-09-16 21:20:14
pate-de-cerdo-braedt-paquete-100g,Paté de Cerdo BRAEDT Paquete 100g,BRAEDT,quesos-fiambres,3.9,3.9,False,0.0,https://www.plazavea.com.pe/pate-de-cerdo-braedt-paquete-100g/p,https://plazavea.vteximg.com.br/arquivos/origin-country-peru.png,2026-09-16 21:20:14
queso-ricotta-floralp,Queso Ricotta FLORALP,FLORALP,quesos-fiambres,7.46,7.46,False,0.0,https://www.plazavea.com.pe/queso-ricotta-floralp/p,https://plazavea.vteximg.com.br/arquivos/origin-country-peru.png,2026-09-16 21:20:14
salchicha-de-pollo-san-fernando-paquete-250g,Salchicha de Pollo SAN FERNANDO Paquete 250g,SAN FERNANDO,quesos-fiambres,4.7,5.5,False,14.55,https://www.plazavea.com.pe/salchicha-de-pollo-san-fernando-paquete-250g/p,https://plazavea.vteximg.com.br/arquivos/origin-country-peru.png,2026-09-16 21:20:14
cabanossi-la-florencia,Cabanossi BELL'S,BELL'S FRESCOS,quesos-fiambres,11.24,13.97,True,19.54,https://www.plazavea.com.pe/cabanossi-la-florencia/p,https://plazavea.vteximg.com.br/arquivos/origin-country-peru.png,2026-09-16 21:20:14
queso-mozzarella-laive-paquete-250g,Queso Mozzarella LAIVE Paquete 250g,LAIVE,quesos-fiambres,12.5,13.5,False,7.41,https://www.plazavea.com.pe/queso-mozzarella-laive-paquete-250g/p,https://plazavea.vteximg.com.br/arquivos/origin-country-peru.png,2026-09-16 21:20:14
queso-cottage-delice-paquete-227g,Queso Cottage DELICE Paquete 227g,DELICE,quesos-fiambres,12.2,13.7,False,10.95,https://www.plazavea.com.pe/queso-cottage-delice-paquete-227g/p,https://plazavea.vteximg.com.br/arquivos/origin-country-peru.png,2026-09-16 21:20:14
jamon-del-pais-otto-kunz-paquete-150g-17435,Jamón del País OTTO KUNZ Paquete 150g,OTTO KUNZ,quesos-fiambres,10.5,11.9,False,11.76,https://www.plazavea.com.pe/jamon-del-pais-otto-kunz-paquete-150g-17435/p,https://plazavea.vteximg.com.br/arquivos/origin-country-peru.png,2026-09-16 21:20:14
jamon-de-pavita-san-fernando-paquete-100g,Jamón de Pavita SAN FERNANDO Paquete 100g,SAN FERNANDO,quesos-fiambres,5.9,5.9,False,0.0,https://www.plazavea.com.pe/jamon-de-pavita-san-fernando-paquete-100g/p,https://plazavea.vteximg.com.br/arquivos/origin-country-peru.png,2026-09-16 21:20:14
salchicha-de-pollo-san-fernando-paquete-500g,Salchicha de Pollo SAN FERNANDO Paquete 500g,SAN FERNANDO,quesos-fiambres,8.4,9.8,False,14.29,https://www.plazavea.com.pe/salchicha-de-pollo-san-fernando-paquete-500g/p,https://plazavea.vteximg.com.br/arquivos/origin-country-peru.png,2026-09-16 21:20:14
jamonada-especial-salchicheria-suiza-paquete-200g,Jamonada Especial SALCHICHERÍA SUIZA Paquete 2...,SALCHICHERÍA SUIZA,quesos-fiambres,6.2,6.2,False,0.0,https://www.plazavea.com.pe/jamonada-especial-salchicheria-suiza-paquete-200g/p,https://plazavea.vteximg.com.br/arquivos/origin-country-peru.png,2026-09-16 21:20:14
jamonada-de-pavita-san-fernando-paquete-85g,Jamonada de Pavita SAN FERNANDO Paquete 85g,SAN FERNANDO,quesos-fiambres,2.5,2.5,False,0.0,https://www.plazavea.com.pe/jamonada-de-pavita-san-fernando-paquete-85g/p,https://plazavea.vteximg.com.br/arquivos/origin-country-peru.png,2026-09-16 21:20:14
salame-hungaro-braedt-paquete-150g,Salame Húngaro BRAEDT Paquete 150g,BRAEDT,quesos-fiambres,19.9,19.9,False,0.0,https://www.plazavea.com.pe/salame-hungaro-braedt-paquete-150g/p,https://plazavea.vteximg.com.br/arquivos/origin-country-peru.png,2026-09-16 21:20:14
pack-mixto-queso-edam-laivejamon-pizzero-paquete-366g-20571011,Pack Mixto Queso Edam LAIVE + Jamón Pizzero Pa...,LAIVE,quesos-fiambres,14.9,14.9,False,0.0,https://www.plazavea.com.pe/pack-mixto-queso-edam-laivejamon-pizzero-paquete-366g-20571011/p,https://plazavea.vteximg.com.br/arquivos/origin-country-peru.png,2026-09-16 21:20:14
queso-crema-sin-lactosa-delice-caja-190g-20570224,Queso Crema sin Lactosa DELICE Caja 190g,DELICE,quesos-fiambres,9.5,11.9,False,20.17,https://www.plazavea.com.pe/queso-crema-sin-lactosa-delice-caja-190g-20570224/p,https://plazavea.vteximg.com.br/arquivos/origin-country-peru.png,2026-09-16 21:20:14
queso-cottage-sin-lactosa-delice-pote-227g-20570221,Queso Cottage sin Lactosa DELICE Pote 227g,DELICE,quesos-fiambres,14.9,14.9,False,0.0,https://www.plazavea.com.pe/queso-cottage-sin-lactosa-delice-pote-227g-20570221/p,https://plazavea.vteximg.com.br/arquivos/origin-country-peru.png,2026-09-16 21:20:14
mortadela-especial-otto-kunz-paquete-180g-20568907,Mortadela Especial OTTO KUNZ Paquete 180g,OTTO KUNZ,quesos-fiambres,6.9,6.9,False,0.0,https://www.plazavea.com.pe/mortadela-especial-otto-kunz-paquete-180g-20568907/p,https://vivanda.vteximg.com.br/arquivos/Sodio_saturadas.png?v=123,2026-09-16 21:20:14
queso-crema-natural-gloria-sachet-80g,Queso Crema Natural GLORIA Paquete 80g,GLORIA,quesos-fiambres,3.5,3.5,False,0.0,https://www.plazavea.com.pe/queso-crema-natural-gloria-sachet-80g/p,https://plazavea.vteximg.com.br/arquivos/origin-country-peru.png,2026-09-16 21:20:14
queso-edam-cortado-en-laminas-bells-frescos-paquete-180g,Queso Edam en Tajadas BELL'S FRESCOS Paquete 1...,BELL'S FRESCOS,quesos-fiambres,9.9,9.9,False,0.0,https://www.plazavea.com.pe/queso-edam-cortado-en-laminas-bells-frescos-paquete-180g/p,https://plazavea.vteximg.com.br/arquivos/origin-country-chile.png,2026-09-16 21:20:14
queso-edam-en-cubos-braedt-paquete-150g,Queso Edam en Cubos BRAEDT Paquete 150g,BRAEDT,quesos-fiambres,8.9,9.9,False,10.1,https://www.plazavea.com.pe/queso-edam-en-cubos-braedt-paquete-150g/p,https://plazavea.vteximg.com.br/arquivos/origin-country-alemania.png,2026-09-16 21:20:14
queso-fresco-plusa-x-kg,Queso Fresco PLUSA x Kg,PLUSA,quesos-fiambres,13.79,13.79,False,0.0,https://www.plazavea.com.pe/queso-fresco-plusa-x-kg/p,https://plazavea.vteximg.com.br/arquivos/origin-country-peru.png,2026-09-16 21:20:14
queso-fundido-cheddar-braedt-paquete-170g,Queso Fundido Cheddar BRAEDT Paquete 170g,BRAEDT,quesos-fiambres,7.5,9.5,False,21.05,https://www.plazavea.com.pe/queso-fundido-cheddar-braedt-paquete-170g/p,https://plazavea.vteximg.com.br/arquivos/origin-country-alemania.png,2026-09-16 21:20:14
queso-andino-gloria-bolsa-500g,Queso Andino GLORIA Paquete 500g,GLORIA,quesos-fiambres,26.0,32.5,False,20.0,https://www.plazavea.com.pe/queso-andino-gloria-bolsa-500g/p,https://plazavea.vteximg.com.br/arquivos/origin-country-peru.png,2026-09-16 21:20:14
queso-fresco-descremado-triple-zero-gloria-slim-x-k-g,Queso Fresco Descremado Triple Zero GLORIA Sli...,GLORIA,quesos-fiambres,17.96,17.96,False,0.0,https://www.plazavea.com.pe/queso-fresco-descremado-triple-zero-gloria-slim-x-k-g/p,https://plazavea.vteximg.com.br/arquivos/origin-country-peru.png,2026-09-16 21:20:14
jamon-del-pais-oregon-foodspaquete-150g,Jamón del País OREGON FOODS  Paquete 150g,OREGON FOODS,quesos-fiambres,11.5,11.5,False,0.0,https://www.plazavea.com.pe/jamon-del-pais-oregon-foodspaquete-150g/p,https://plazavea.vteximg.com.br/arquivos/origin-country-peru.png,2026-09-16 21:20:14
salchicha-de-huacho-salchicheria-alemana-paquete-150g,Salchicha de Huacho SALCHICHERÍA ALEMANA Paque...,SALCHICHERÍA ALEMANA,quesos-fiambres,4.8,6.9,False,30.43,https://www.plazavea.com.pe/salchicha-de-huacho-salchicheria-alemana-paquete-150g/p,https://plazavea.vteximg.com.br/arquivos/origin-country-peru.png,2026-09-16 21:20:14
queso-tipo-americano-kraft-en-tajadas-paquete-226g,Queso Tipo Americano KRAFT en Tajadas Paquete ...,KRAFT,quesos-fiambres,13.5,13.5,False,0.0,https://www.plazavea.com.pe/queso-tipo-americano-kraft-en-tajadas-paquete-226g/p,https://plazavea.vteximg.com.br/arquivos/origin-country-estados_unidos.png,2026-09-16 21:20:14
queso-paria-duman-x-kg-20425802,Queso Paria DUMAN x Kg,DUMAN,quesos-fiambres,16.22,16.22,False,0.0,https://www.plazavea.com.pe/queso-paria-duman-x-kg-20425802/p,https://plazavea.vteximg.com.br/arquivos/origin-country-peru.png,2026-09-16 21:20:14
hot-dog-san-fernando-paquete-600g,Pack Hot Dog SAN FERNANDO Paquete 600g,SAN FERNANDO,quesos-fiambres,13.5,15.4,False,12.34,https://www.plazavea.com.pe/hot-dog-san-fernando-paquete-600g/p,https://plazavea.vteximg.com.br/arquivos/origin-country-peru.png,2026-09-16 21:20:14
hot-dog-san-fernando-paquete-200g,Hot Dog SAN FERNANDO Paquete 200g,SAN FERNANDO,quesos-fiambres,5.5,5.5,False,0.0,https://www.plazavea.com.pe/hot-dog-san-fernando-paquete-200g/p,https://plazavea.vteximg.com.br/arquivos/origin-country-peru.png,2026-09-16 21:20:14
chorizo-parrillero-precocido-braedt-cocktail-empaque-250g,Chorizo Parrillero Precocido BRAEDT Cocktail E...,BRAEDT,quesos-fiambres,12.99,12.99,False,0.0,https://www.plazavea.com.pe/chorizo-parrillero-precocido-braedt-cocktail-empaque-250g/p,https://vivanda.vteximg.com.br/arquivos/Sodio_saturadas.png?v=123,2026-09-16 21:20:14
pastel-de-jamon-otto-kunz-paquete-150g,Pastel de Jamón OTTO KUNZ Paquete 150g,OTTO KUNZ,quesos-fiambres,5.9,5.9,False,0.0,https://www.plazavea.com.pe/pastel-de-jamon-otto-kunz-paquete-150g/p,https://plazavea.vteximg.com.br/arquivos/origin-country-peru.png,2026-09-16 21:20:14
jamon-artesano-casa-europa-paquete-200g,Jamón Artesano CASA EUROPA Paquete 200g,CASA EUROPA,quesos-fiambres,17.9,17.9,False,0.0,https://www.plazavea.com.pe/jamon-artesano-casa-europa-paquete-200g/p,https://plazavea.vteximg.com.br/arquivos/origin-country-peru.png,2026-09-16 21:20:14
queso-parmesano-delice-x-kg,Queso Parmesano DELICE,DELICE,quesos-fiambres,19.78,19.78,False,0.0,https://www.plazavea.com.pe/queso-parmesano-delice-x-kg/p,https://plazavea.vteximg.com.br/arquivos/origin-country-lituania.png,2026-09-16 21:20:14
salchicha-del-norte-otto-kunz-paquete-150g,Salchicha del Norte OTTO KUNZ Paquete 150g,OTTO KUNZ,quesos-fiambres,5.5,6.9,False,20.29,https://www.plazavea.com.pe/salchicha-del-norte-otto-kunz-paquete-150g/p,https://plazavea.vteximg.com.br/arquivos/origin-country-peru.png,2026-09-16 21:20:14
jamon-de-pehuga-de-pavo-s--alemana-paquete-200g,Jamón de Pehuga de Pavo SALCHICHERÍA ALEMANA P...,SALCHICHERÍA ALEMANA,quesos-fiambres,13.4,16.9,False,20.71,https://www.plazavea.com.pe/jamon-de-pehuga-de-pavo-s--alemana-paquete-200g/p,https://plazavea.vteximg.com.br/arquivos/origin-country-peru.png,2026-09-16 21:20:14
queso-rulo-cabra-natural-marques-del-castillo-bolsa-110g,Queso Rulo de Cabra Natural MARQUES DEL CASTIL...,MARQUÉS DEL CASTILLO,quesos-fiambres,11.9,11.9,False,0.0,https://www.plazavea.com.pe/queso-rulo-cabra-natural-marques-del-castillo-bolsa-110g/p,https://plazavea.vteximg.com.br/arquivos/origin-country-espana.png,2026-09-16 21:20:14
pack-jamonada-con-pollo-suiza-paquete-400g,Pack Jamonada con Pollo SUIZA Paquete 400g,LAIVE,quesos-fiambres,8.9,9.9,False,10.1,https://www.plazavea.com.pe/pack-jamonada-con-pollo-suiza-paquete-400g/p,https://plazavea.vteximg.com.br/arquivos/origin-country-peru.png,2026-09-16 21:20:14
pastelito-minix-pinguino-marinela-chocolate-caja-8un-20567252,Pastelito Minix Pingüino MARINELA Chocolate Ca...,MARINELA,panaderia,7.9,10.9,False,27.52,https://www.plazavea.com.pe/pastelito-minix-pinguino-marinela-chocolate-caja-8un-20567252/p,https://plazavea.vteximg.com.br/arquivos/ids/34677975-184-184/20567252.jpg?v=639147407063100000,2026-09-16 21:20:43
pastelitos-pinguinos-marinela-army-bolsa-80g-paquete-2un-20647281,Pastelito Pingüino MARINELA Army Bolsa 80g Paq...,MARINELA,panaderia,3.5,3.5,False,0.0,https://www.plazavea.com.pe/pastelitos-pinguinos-marinela-army-bolsa-80g-paquete-2un-20647281/p,https://vivanda.vteximg.com.br/arquivos/azucar_saturadas.png?v=123,2026-09-16 21:20:43
pastelito-minix-pinguino-marinela-triple-chocolate-caja-8un-20567253,Pastelito Minix Pingüino MARINELA Triple Choco...,MARINELA,panaderia,7.9,10.9,False,27.52,https://www.plazavea.com.pe/pastelito-minix-pinguino-marinela-triple-chocolate-caja-8un-20567253/p,https://plazavea.vteximg.com.br/arquivos/ids/34677984-184-184/20567253.jpg?v=639147409822030000,2026-09-16 21:20:43
pastelito-minix-pinguino-marinela-cookcream-caja-8un-20567251,Pastelito Minix Pingüino MARINELA Cook&Cream C...,MARINELA,panaderia,7.9,10.9,False,27.52,https://www.plazavea.com.pe/pastelito-minix-pinguino-marinela-cookcream-caja-8un-20567251/p,https://plazavea.vteximg.com.br/arquivos/ids/34677981-184-184/20567251.jpg?v=639147409340130000,2026-09-16 21:20:43
pastelito-pinguino-marinela-triple-chocolate-bolsa-80g-x-2un,Pastelito Pingüino MARINELA Triple Chocolate B...,MARINELA,panaderia,3.5,3.5,False,0.0,https://www.plazavea.com.pe/pastelito-pinguino-marinela-triple-chocolate-bolsa-80g-x-2un/p,https://plazavea.vteximg.com.br/arquivos/ids/30267140-184-184/20427043.jpg?v=638748155668200000,2026-09-16 21:20:43
pastelitos-minix-pinguinos-marinela-cookcream-bolsa-80g,Pastelito Minix Pingüino MARINELA Cook & Cream...,MARINELA,panaderia,3.5,3.5,False,0.0,https://www.plazavea.com.pe/pastelitos-minix-pinguinos-marinela-cookcream-bolsa-80g/p,https://vivanda.vteximg.com.br/arquivos/azucar_saturadas.png?v=123,2026-09-16 21:20:43
pastelito-pinguino-marinela-bolsa-80g,Pastelito Pingüino MARINELA Bolsa 80g,MARINELA,panaderia,3.5,3.5,False,0.0,https://www.plazavea.com.pe/pastelito-pinguino-marinela-bolsa-80g/p,https://vivanda.vteximg.com.br/arquivos/azucar_saturadas.png?v=123,2026-09-16 21:20:43
pack-gelatina-royal-sabor-a-fresa-bolsa-160g-x-2un,Pack Gelatina ROYAL Sabor a Fresa Bolsa 160g x...,ROYAL,panaderia,7.5,10.0,False,25.0,https://www.plazavea.com.pe/pack-gelatina-royal-sabor-a-fresa-bolsa-160g-x-2un/p,https://plazavea.vteximg.com.br/arquivos/ids/28810808-184-184/K0000010498.jpg?v=638451851694100000,2026-09-16 21:20:43
pack-gelatina-royal-sabor-a-pina-bolsa-160g-x-2un,Pack Gelatina ROYAL Sabor a Piña Bolsa 160g x ...,ROYAL,panaderia,7.5,10.0,False,25.0,https://www.plazavea.com.pe/pack-gelatina-royal-sabor-a-pina-bolsa-160g-x-2un/p,https://plazavea.vteximg.com.br/arquivos/ids/28810807-184-184/K0000010497.jpg?v=638451851326100000,2026-09-16 21:20:43
pan-integral-bimbo-sin-bordes-bolsa-160g-20570306,Pan Integral BIMBO sin Bordes Bolsa 160g,BIMBO,panaderia,11.5,13.5,False,14.81,https://www.plazavea.com.pe/pan-integral-bimbo-sin-bordes-bolsa-160g-20570306/p,https://plazavea.vteximg.com.br/arquivos/ids/34475490-184-184/20570306.jpg?v=639130833995730000,2026-09-16 21:20:43
crema-de-avellanas-nutella-frasco-200g,Crema de Avellanas NUTELLA Frasco 200g,NUTELLA,panaderia,28.5,28.5,False,0.0,https://www.plazavea.com.pe/crema-de-avellanas-nutella-frasco-200g/p,https://vivanda.vteximg.com.br/arquivos/azucar_saturadas.png?v=123,2026-09-16 21:20:43
crema-de-avellanas-nutella-frasco-650g,Crema de Avellanas NUTELLA Frasco 650g,NUTELLA,panaderia,68.9,68.9,False,0.0,https://www.plazavea.com.pe/crema-de-avellanas-nutella-frasco-650g/p,https://vivanda.vteximg.com.br/arquivos/azucar_saturadas.png?v=123,2026-09-16 21:20:43
pan-de-molde-blanco-xl-bimbo-extra-grande-bolsa-770g,Pan de Molde Blanco XL BIMBO Extra Grande Bols...,BIMBO,panaderia,12.3,12.5,True,1.6,https://www.plazavea.com.pe/pan-de-molde-blanco-xl-bimbo-extra-grande-bolsa-770g/p,https://plazavea.vteximg.com.br/arquivos/ids/34831933-184-184/20468212.jpg?v=639162180808200000,2026-09-16 21:20:43
tortillas-bimbo-rapiditas-cero-cero-bolsa-10un,Tortillas BIMBO Rapiditas Cero Cero Bolsa 10un,BIMBO,panaderia,8.2,8.5,False,3.53,https://www.plazavea.com.pe/tortillas-bimbo-rapiditas-cero-cero-bolsa-10un/p,https://plazavea.vteximg.com.br/arquivos/ids/33481339-184-184/20326660.jpg?v=639041714468000000,2026-09-16 21:20:43
pan-de-yema-la-florencia-bolsa-310g,Pan de Yema LA FLORENCIA Bolsa 6un,LA FLORENCIA,panaderia,4.9,4.9,False,0.0,https://www.plazavea.com.pe/pan-de-yema-la-florencia-bolsa-310g/p,https://vivanda.vteximg.com.br/arquivos/Alto_azucar.png?v=123,2026-09-16 21:20:43
tortillas-bimbo-clasicas-bolsa-12un,Tortillas BIMBO Rapiditas Clásicas Bolsa 12un,BIMBO,panaderia,8.2,8.5,True,3.53,https://www.plazavea.com.pe/tortillas-bimbo-clasicas-bolsa-12un/p,https://plazavea.vteximg.com.br/arquivos/ids/34330917-184-184/993739.jpg?v=639163103503900000,2026-09-16 21:20:43
pan-de-molde-integral-bimbo-vital-multicereal-bolsa-600g,Pan de Molde Integral BIMBO Vital Multicereal ...,BIMBO,panaderia,9.9,14.8,False,33.11,https://www.plazavea.com.pe/pan-de-molde-integral-bimbo-vital-multicereal-bolsa-600g/p,https://plazavea.vteximg.com.br/arquivos/ids/29277955-184-184/20075004.jpg?v=638580362582600000,2026-09-16 21:20:43
pan-de-molde-blanco-don-mamino-sin-corteza-bolsa-560g,Pan de Molde Blanco DON MAMINO sin Corteza Bol...,DON MAMINO,panaderia,9.6,12.5,False,23.2,https://www.plazavea.com.pe/pan-de-molde-blanco-don-mamino-sin-corteza-bolsa-560g/p,https://plazavea.vteximg.com.br/arquivos/ids/172688-184-184/941237.jpg?v=635785230582470000,2026-09-16 21:20:43
pan-blanco-bimbo-sin-bordes-bolsa-590g-20570304,Pan Blanco BIMBO sin Bordes Bolsa 590g,BIMBO,panaderia,11.5,13.5,False,14.81,https://www.plazavea.com.pe/pan-blanco-bimbo-sin-bordes-bolsa-590g-20570304/p,https://plazavea.vteximg.com.br/arquivos/ids/34475492-184-184/20570304.jpg?v=639130834014100000,2026-09-16 21:20:44
pan-de-molde-integral-xl-bimbo-extra-grande-bolsa-810g,Pan de Molde Integral XL BIMBO Extra Grande Bo...,BIMBO,panaderia,12.3,12.5,False,1.6,https://www.plazavea.com.pe/pan-de-molde-integral-xl-bimbo-extra-grande-bolsa-810g/p,https://plazavea.vteximg.com.br/arquivos/ids/34831930-184-184/20468215.jpg?v=639162180791700000,2026-09-16 21:20:44
pan-baguette-especial-la-florencia-bolsa-1un,Pan Baguette Especial x und.,PLAZA VEA,panaderia,1.89,2.9,False,34.83,https://www.plazavea.com.pe/pan-baguette-especial-la-florencia-bolsa-1un/p,https://vivanda.vteximg.com.br/arquivos/Alto_sodio.png?v=123,2026-09-16 21:20:44
gelatina-universal-sabor-a-fresa-bolsa-130g,Gelatina UNIVERSAL Sabor a Fresa Bolsa 130g,UNIVERSAL,panaderia,3.8,3.8,False,0.0,https://www.plazavea.com.pe/gelatina-universal-sabor-a-fresa-bolsa-130g/p,https://plazavea.vteximg.com.br/arquivos/ids/34361516-184-184/20331986.jpg?v=639125054519630000,2026-09-16 21:20:44
pan-pita-bimbo-cero-cero-bolsa-240g,Pan Pita BIMBO Cero Cero Bolsa 240g,BIMBO,panaderia,7.9,7.9,False,0.0,https://www.plazavea.com.pe/pan-pita-bimbo-cero-cero-bolsa-240g/p,https://plazavea.vteximg.com.br/arquivos/ids/31352697-184-184/20326637.jpg?v=638835428629270000,2026-09-16 21:20:44
pan-frances-x-un,Pan Francés x und.,PLAZA VEA,panaderia,7.9,7.9,False,0.0,https://www.plazavea.com.pe/pan-frances-x-un/p,https://plazavea.vteximg.com.br/arquivos/ids/18784057-184-184/20202029.jpg?v=638001515172200000,2026-09-16 21:20:44
pan-artesano-blanco-bimbo-bolsa-560g,Pan Artesano Blanco BIMBO Bolsa 560g,BIMBO,panaderia,12.4,13.6,False,8.82,https://www.plazavea.com.pe/pan-artesano-blanco-bimbo-bolsa-560g/p,https://plazavea.vteximg.com.br/arquivos/ids/31352694-184-184/20283495.jpg?v=638835428521300000,2026-09-16 21:20:44
pan-artesano-integral-bimbo-bolsa-560g,Pan Artesano Integral BIMBO Bolsa 560g,BIMBO,panaderia,12.4,13.0,False,4.62,https://www.plazavea.com.pe/pan-artesano-integral-bimbo-bolsa-560g/p,https://plazavea.vteximg.com.br/arquivos/ids/31352608-184-184/20283494.jpg?v=638835428335070000,2026-09-16 21:20:44
leche-condensada-nestle-lata-393g,Leche Condensada NESTLÉ Lata 393g,NESTLÉ,panaderia,5.9,6.7,False,11.94,https://www.plazavea.com.pe/leche-condensada-nestle-lata-393g/p,https://vivanda.vteximg.com.br/arquivos/Alto_azucar.png?v=123,2026-09-16 21:20:44
gelatina-light-bells-fresa-bolsa-19g,Gelatina Light BELL'S Fresa Bolsa 19g,BELL'S,panaderia,2.9,2.9,False,0.0,https://www.plazavea.com.pe/gelatina-light-bells-fresa-bolsa-19g/p,https://plazavea.vteximg.com.br/arquivos/ids/541939-184-184/20169010.jpg?v=637424339231430000,2026-09-16 21:20:44
harina-de-trigo-preparada-blanca-flor-bolsa-1kg,Harina de Trigo Preparada BLANCA FLOR Bolsa 1K...,BLANCA FLOR,panaderia,7.7,7.9,False,2.53,https://www.plazavea.com.pe/harina-de-trigo-preparada-blanca-flor-bolsa-1kg/p,https://plazavea.vteximg.com.br/arquivos/ids/13930277-184-184/680.jpg?v=637933825602470000,2026-09-16 21:20:44
pan-ciabatta,Pan Ciabatta x und.,PLAZA VEA,panaderia,7.9,7.9,False,0.0,https://www.plazavea.com.pe/pan-ciabatta/p,https://plazavea.vteximg.com.br/arquivos/ids/31561434-184-184/20055417.jpg?v=638866387756900000,2026-09-16 21:20:44
masa-para-wantan-san-sen-bolsa-500g-1,Masa para Wantán SAN SEN Bolsa 500g,SAN SEN,panaderia,5.4,5.4,True,0.0,https://www.plazavea.com.pe/masa-para-wantan-san-sen-bolsa-500g-1/p,https://plazavea.vteximg.com.br/arquivos/ids/550691-184-184/51634.jpg?v=637425702134370000,2026-09-16 21:20:44
tortillas-bimbo-integales-bolsa-310g,Tortillas BIMBO Rapiditas Integrales Bolsa 12u...,BIMBO,panaderia,8.2,8.5,False,3.53,https://www.plazavea.com.pe/tortillas-bimbo-integales-bolsa-310g/p,https://plazavea.vteximg.com.br/arquivos/ids/34330915-184-184/20020684.jpg?v=639124901795170000,2026-09-16 21:20:44
canela-entera-bells-sobre-12g,Canela Entera BELL'S Sobre 12g,BELL'S,panaderia,4.2,4.2,False,0.0,https://www.plazavea.com.pe/canela-entera-bells-sobre-12g/p,https://plazavea.vteximg.com.br/arquivos/ids/29151888-184-184/59601.jpg?v=638536898066830000,2026-09-16 21:20:44
pan-de-molde-blanco-bimbo-vital-de-semillas-bolsa-600g,Pan de Molde Blanco BIMBO Vital de Semillas Bo...,BIMBO,panaderia,9.9,14.8,False,33.11,https://www.plazavea.com.pe/pan-de-molde-blanco-bimbo-vital-de-semillas-bolsa-600g/p,https://plazavea.vteximg.com.br/arquivos/ids/29277956-184-184/20075003.jpg?v=638580362628700000,2026-09-16 21:20:44
esencia-de-vainilla-universal-frasco-100ml,Esencia de Vainilla UNIVERSAL Frasco 100ml,UNIVERSAL,panaderia,2.3,2.3,False,0.0,https://www.plazavea.com.pe/esencia-de-vainilla-universal-frasco-100ml/p,https://plazavea.vteximg.com.br/arquivos/ids/34330827-184-184/20050604.jpg?v=639124901156170000,2026-09-16 21:20:44
harina-de-trigo-preparada-bells-bolsa-1kg,Harina BELL'S De trigo preparada Bolsa 1Kg,BELL'S,panaderia,4.5,5.3,False,15.09,https://www.plazavea.com.pe/harina-de-trigo-preparada-bells-bolsa-1kg/p,https://plazavea.vteximg.com.br/arquivos/ids/30764405-184-184/22003.jpg?v=638768230228570000,2026-09-16 21:20:44
tortillas-bimbo-wraps-clasicas-bolsa-310g,Tortillas BIMBO Rapiditas Wraps Clásicas Bolsa...,BIMBO,panaderia,8.2,8.5,False,3.53,https://www.plazavea.com.pe/tortillas-bimbo-wraps-clasicas-bolsa-310g/p,https://plazavea.vteximg.com.br/arquivos/ids/34330916-184-184/20020702.jpg?v=639124901802370000,2026-09-16 21:20:44
favorita-harina-s-prep-un1kg,Harina Sin Preparar FAVORITA Paquete 1kg,FAVORITA,panaderia,4.5,5.2,False,13.46,https://www.plazavea.com.pe/favorita-harina-s-prep-un1kg/p,https://plazavea.vteximg.com.br/arquivos/ids/16380961-184-184/10443.jpg?v=637970148005130000,2026-09-16 21:20:44
gelatina-umsha-fresa-bolsa-130g-20571459,Gelatina UMSHA Fresa Bolsa 130g,UMSHA,panaderia,3.1,3.5,False,11.43,https://www.plazavea.com.pe/gelatina-umsha-fresa-bolsa-130g-20571459/p,https://plazavea.vteximg.com.br/arquivos/ids/34478123-184-184/20571459.jpg?v=639130849461870000,2026-09-16 21:20:44
tortillas-bimbo-rapiditas-de-linaza-y-chia-bolsa-10un,Tortillas BIMBO Rapiditas de Linaza y Chía Bol...,BIMBO,panaderia,8.2,8.5,False,3.53,https://www.plazavea.com.pe/tortillas-bimbo-rapiditas-de-linaza-y-chia-bolsa-10un/p,https://plazavea.vteximg.com.br/arquivos/ids/33481340-184-184/20501958.jpg?v=639041714473970000,2026-09-16 21:20:44
pan-de-molde-bimbo-blanco-familiar-bolsa-590g,Pan de Molde BIMBO Blanco Familiar Bolsa 590g,BIMBO,panaderia,8.9,9.9,False,10.1,https://www.plazavea.com.pe/pan-de-molde-bimbo-blanco-familiar-bolsa-590g/p,https://plazavea.vteximg.com.br/arquivos/ids/30571302-184-184/20468213.jpg?v=638746626030830000,2026-09-16 21:20:44
pan-de-molde-bimbo-integral-cero-cero-bolsa-650g,Pan de Molde BIMBO Integral Cero Cero Bolsa 65...,BIMBO,panaderia,11.6,12.0,False,3.33,https://www.plazavea.com.pe/pan-de-molde-bimbo-integral-cero-cero-bolsa-650g/p,https://plazavea.vteximg.com.br/arquivos/ids/30571300-184-184/20468214.jpg?v=638746625260830000,2026-09-16 21:20:44
pan-ciabatta-refrigerado-bolsa-6un,Pan Ciabatta Refrigerado LA FLORENCIA Bolsa 6u...,PLAZA VEA,panaderia,5.2,5.5,True,5.45,https://www.plazavea.com.pe/pan-ciabatta-refrigerado-bolsa-6un/p,https://vivanda.vteximg.com.br/arquivos/Alto_sodio.png?v=123,2026-09-16 21:20:44
pan-frances-refrigerado-bolsa-6un,Pan Francés Refrigerado LA FLORENCIA Bolsa 6un,PLAZA VEA,panaderia,5.2,5.5,True,5.45,https://www.plazavea.com.pe/pan-frances-refrigerado-bolsa-6un/p,https://vivanda.vteximg.com.br/arquivos/Alto_sodio.png?v=123,2026-09-16 21:20:44
cachito-de-mantequilla-la-florencia-bolsa-220g,Cachito de Mantequilla LA FLORENCIA Bolsa 220g,LA FLORENCIA,panaderia,4.9,4.9,False,0.0,https://www.plazavea.com.pe/cachito-de-mantequilla-la-florencia-bolsa-220g/p,https://vivanda.vteximg.com.br/arquivos/Sodio_saturadas.png?v=123,2026-09-16 21:20:44
gelatina-universal-sabor-a-naranja-bolsa-130g,Gelatina UNIVERSAL Sabor a Naranja Bolsa 130g,UNIVERSAL,panaderia,3.8,3.8,False,0.0,https://www.plazavea.com.pe/gelatina-universal-sabor-a-naranja-bolsa-130g/p,https://plazavea.vteximg.com.br/arquivos/ids/34361513-184-184/20331988.jpg?v=639125054492600000,2026-09-16 21:20:44
gelatina-universal-sabor-a-pina-bolsa-130g,Gelatina UNIVERSAL Sabor a Piña Bolsa 130g,UNIVERSAL,panaderia,3.8,3.8,False,0.0,https://www.plazavea.com.pe/gelatina-universal-sabor-a-pina-bolsa-130g/p,https://plazavea.vteximg.com.br/arquivos/ids/34361507-184-184/20331985.jpg?v=639125054430330000,2026-09-16 21:20:44
tostadas-integrales-bimbo-cero-cero-bolsa-140g,Tostadas Integrales BIMBO Cero Cero Bolsa 140g,BIMBO,panaderia,7.9,8.9,False,11.24,https://www.plazavea.com.pe/tostadas-integrales-bimbo-cero-cero-bolsa-140g/p,https://plazavea.vteximg.com.br/arquivos/ids/31352695-184-184/20326485.jpg?v=638835428576900000,2026-09-16 21:20:44
paneton-bells-bolsa-800g-20281855,Panetón BELL'S Bolsa 800g,BELL'S,panaderia,10.5,10.5,False,0.0,https://www.plazavea.com.pe/paneton-bells-bolsa-800g-20281855/p,https://vivanda.vteximg.com.br/arquivos/azucar_saturadas.png?v=123,2026-09-16 21:20:44
pan-de-molde-integral-bimbo-vital-multicereal-bolsa-360g,Pan de Molde Integral BIMBO Vital Multicereal ...,BIMBO,panaderia,10.5,10.5,False,0.0,https://www.plazavea.com.pe/pan-de-molde-integral-bimbo-vital-multicereal-bolsa-360g/p,https://plazavea.vteximg.com.br/arquivos/ids/29277959-184-184/20235603.jpg?v=638580362762730000,2026-09-16 21:20:44
pan-hamburguesa-la-florencia-bolsa-6un-20210039,Pan Hamburguesa LA FLORENCIA Bolsa 6un,LA FLORENCIA,panaderia,5.2,5.2,False,0.0,https://www.plazavea.com.pe/pan-hamburguesa-la-florencia-bolsa-6un-20210039/p,https://vivanda.vteximg.com.br/arquivos/octagono-sodio-azucar.png?v=123,2026-09-16 21:21:12
mini-tostadas-clasicas-la-florencia-bolsa-36un-20210075,Mini Tostadas Clásicas LA FLORENCIA Bolsa 36un,LA FLORENCIA,panaderia,6.9,6.9,False,0.0,https://www.plazavea.com.pe/mini-tostadas-clasicas-la-florencia-bolsa-36un-20210075/p,https://plazavea.vteximg.com.br/arquivos/ids/35816636-184-184/20210075.jpg?v=639228534610870000,2026-09-16 21:21:12
pan-pita-integral-bimbo-bolsa-300g,Pan Pita Integral BIMBO Bolsa 300g,BIMBO,panaderia,6.9,6.9,False,0.0,https://www.plazavea.com.pe/pan-pita-integral-bimbo-bolsa-300g/p,https://plazavea.vteximg.com.br/arquivos/ids/31352586-184-184/20205068.jpg?v=638835427627770000,2026-09-16 21:21:12
cachito-con-mantequilla-don-mamino-bolsa-6un,Cachito con Mantequilla DON MAMINO Bolsa 6un,DON MAMINO,panaderia,8.4,9.5,False,11.58,https://www.plazavea.com.pe/cachito-con-mantequilla-don-mamino-bolsa-6un/p,https://vivanda.vteximg.com.br/arquivos/Alto_saturadas.png?v=123,2026-09-16 21:21:12
gelatina-light-bells-pina-bolsa-19g,Gelatina Light BELL'S Piña Bolsa 19g,BELL'S,panaderia,2.9,2.9,False,0.0,https://www.plazavea.com.pe/gelatina-light-bells-pina-bolsa-19g/p,https://plazavea.vteximg.com.br/arquivos/ids/541940-184-184/20169011.jpg?v=637424339311870000,2026-09-16 21:21:12
keke-marmoleado-rectangular-la-florencia-x-und-20146143,Keke Marmoleado Rectangular LA FLORENCIA x und...,LA FLORENCIA,panaderia,9.9,9.9,False,0.0,https://www.plazavea.com.pe/keke-marmoleado-rectangular-la-florencia-x-und-20146143/p,https://vivanda.vteximg.com.br/arquivos/Alto_azucar.png?v=123,2026-09-16 21:21:12
keke-de-naranja-rectangular-la-florencia-x-und-20146141,Keke de Naranja Rectangular LA FLORENCIA x und...,LA FLORENCIA,panaderia,9.9,9.9,False,0.0,https://www.plazavea.com.pe/keke-de-naranja-rectangular-la-florencia-x-und-20146141/p,https://vivanda.vteximg.com.br/arquivos/Alto_azucar.png?v=123,2026-09-16 21:21:12
petit-pan-embolsado-500g-20133993,Petit Pan Embolsado 500g,LA FLORENCIA,panaderia,6.9,7.2,False,4.17,https://www.plazavea.com.pe/petit-pan-embolsado-500g-20133993/p,https://plazavea.vteximg.com.br/arquivos/ids/35717683-184-184/20133993.jpg?v=639239795012230000,2026-09-16 21:21:12
pan-de-molde-union-multisemillas-y-avena-bolsa-540g,Pan de Molde UNIÓN Multisemillas y Avena Bolsa...,UNIÓN,panaderia,11.4,11.4,False,0.0,https://www.plazavea.com.pe/pan-de-molde-union-multisemillas-y-avena-bolsa-540g/p,https://plazavea.vteximg.com.br/arquivos/ids/949927-184-184/20105693.jpg?v=637496236195870000,2026-09-16 21:21:12
karamanduka-chips-de-chocolate,Karamanduka Chips de Chocolate x und.,PLAZA VEA,panaderia,13.5,13.5,False,0.0,https://www.plazavea.com.pe/karamanduka-chips-de-chocolate/p,https://plazavea.vteximg.com.br/arquivos/ids/179017-184-184/20096352.jpg?v=635909126673470000,2026-09-16 21:21:12
pan-de-molde-integral-pyc-mediano-bolsa-500g,Pan de Molde Integral PYC Mediano Bolsa 500g,PYC,panaderia,7.9,7.9,False,0.0,https://www.plazavea.com.pe/pan-de-molde-integral-pyc-mediano-bolsa-500g/p,https://plazavea.vteximg.com.br/arquivos/ids/29109408-184-184/20098341.jpg?v=638527392172600000,2026-09-16 21:21:12
tostadas-bimbo-clasicas-paquete-10un,Tostadas BIMBO Clásicas Paquete 10un,BIMBO,panaderia,6.9,7.9,False,12.66,https://www.plazavea.com.pe/tostadas-bimbo-clasicas-paquete-10un/p,https://plazavea.vteximg.com.br/arquivos/ids/31352582-184-184/981287.jpg?v=638835427526000000,2026-09-16 21:21:12
tostadas-bimbo-integrales-paquete-10un,Tostadas BIMBO Integrales Paquete 10un,BIMBO,panaderia,6.9,7.9,False,12.66,https://www.plazavea.com.pe/tostadas-bimbo-integrales-paquete-10un/p,https://plazavea.vteximg.com.br/arquivos/ids/31352580-184-184/981286.jpg?v=638835427473030000,2026-09-16 21:21:12
chuno-universal-bolsa-180g,Chuño UNIVERSAL Bolsa 180g,UNIVERSAL,panaderia,3.8,3.8,False,0.0,https://www.plazavea.com.pe/chuno-universal-bolsa-180g/p,https://plazavea.vteximg.com.br/arquivos/ids/34331970-184-184/915750.jpg?v=639124909434870000,2026-09-16 21:21:12
clavo-de-olor-bells-sobre-8g,Clavo de Olor BELL'S Sobre 8g,BELL'S,panaderia,1.5,1.5,False,0.0,https://www.plazavea.com.pe/clavo-de-olor-bells-sobre-8g/p,https://plazavea.vteximg.com.br/arquivos/ids/8125889-184-184/59623.jpg?v=637829558801130000,2026-09-16 21:21:12
pan-de-molde-don-mamino-con-salvado-de-trigo-bolsa-560g,Pan de Molde DON MAMINO con Salvado de Trigo B...,DON MAMINO,panaderia,10.8,13.5,False,20.0,https://www.plazavea.com.pe/pan-de-molde-don-mamino-con-salvado-de-trigo-bolsa-560g/p,https://plazavea.vteximg.com.br/arquivos/ids/202288-184-184/20045564.jpg?v=636717501532430000,2026-09-16 21:21:12
pan-arabe-integral-el-cedro-con-salvado-de-trigo-bolsa-10un-142540,Pan Árabe Integral EL CEDRO con Salvado de Tri...,EL CEDRO,panaderia,8.1,8.1,False,0.0,https://www.plazavea.com.pe/pan-arabe-integral-el-cedro-con-salvado-de-trigo-bolsa-10un-142540/p,https://plazavea.vteximg.com.br/arquivos/ids/36161675-184-184/142540.jpg?v=639252006835470000,2026-09-16 21:21:12
pan-molido-clasico-bimbo-bolsa-250g,Pan Molido Clásico BIMBO Bolsa 250g,BIMBO,panaderia,3.9,5.0,False,22.0,https://www.plazavea.com.pe/pan-molido-clasico-bimbo-bolsa-250g/p,https://vivanda.vteximg.com.br/arquivos/Alto_sodio.png?v=123,2026-09-16 21:21:12
pan-de-molde-union-granos-integrales-bolsa-540g,Pan de Molde UNIÓN Granos Integrales Bolsa 540...,UNIÓN,panaderia,11.4,11.5,False,0.87,https://www.plazavea.com.pe/pan-de-molde-union-granos-integrales-bolsa-540g/p,https://plazavea.vteximg.com.br/arquivos/ids/949928-184-184/20081663.jpg?v=637496236225800000,2026-09-16 21:21:12
maicena-universal-bolsa-180g,Maicena UNIVERSAL Bolsa 180g,UNIVERSAL,panaderia,3.9,3.9,False,0.0,https://www.plazavea.com.pe/maicena-universal-bolsa-180g/p,https://plazavea.vteximg.com.br/arquivos/ids/34331978-184-184/944661.jpg?v=639124909487000000,2026-09-16 21:21:12
harina-de-maiz-blanco-p-a-n-precocida-bolsa-1kg,Harina de Maíz Blanco P.A.N. Precocida Bolsa 1...,P.A.N.,panaderia,7.5,7.5,False,0.0,https://www.plazavea.com.pe/harina-de-maiz-blanco-p-a-n-precocida-bolsa-1kg/p,https://plazavea.vteximg.com.br/arquivos/ids/25710950-184-184/20073368.jpg?v=638811126507170000,2026-09-16 21:21:12
canela-molida-bells-sobre-15g,Canela Molida BELL'S Sobre 15g,BELL'S,panaderia,1.9,1.9,False,0.0,https://www.plazavea.com.pe/canela-molida-bells-sobre-15g/p,https://plazavea.vteximg.com.br/arquivos/ids/29151889-184-184/59602.jpg?v=638536898231600000,2026-09-16 21:21:12
pan-de-molde-blanco-bells-mediano-bolsa-500g,Pan de Molde Blanco BELL'S Mediano Bolsa 500g,BELL'S,panaderia,7.5,7.5,False,0.0,https://www.plazavea.com.pe/pan-de-molde-blanco-bells-mediano-bolsa-500g/p,https://vivanda.vteximg.com.br/arquivos/Alto_sodio.png?v=123,2026-09-16 21:21:12
pan-de-molde-integral-union-mediano-bolsa-360g,Pan de Molde Integral UNIÓN Mediano Bolsa 360g,UNIÓN,panaderia,8.7,8.7,False,0.0,https://www.plazavea.com.pe/pan-de-molde-integral-union-mediano-bolsa-360g/p,https://plazavea.vteximg.com.br/arquivos/ids/1232446-184-184/161947.jpg?v=637515021870800000,2026-09-16 21:21:12
canela-entera-sibarita-sobre-10g,Canela Entera SIBARITA Sobre 10g,SIBARITA,panaderia,3.7,3.7,False,0.0,https://www.plazavea.com.pe/canela-entera-sibarita-sobre-10g/p,https://plazavea.vteximg.com.br/arquivos/ids/553754-184-184/20082382.jpg?v=637426562860370000,2026-09-16 21:21:12
gelatina-universal-sabor-a-naranja-sin-azucar-caja-19g,Gelatina UNIVERSAL Sabor a Naranja sin Azúcar ...,UNIVERSAL,panaderia,3.2,4.0,False,20.0,https://www.plazavea.com.pe/gelatina-universal-sabor-a-naranja-sin-azucar-caja-19g/p,https://plazavea.vteximg.com.br/arquivos/ids/34330963-184-184/1045494002.jpg?v=639124902147370000,2026-09-16 21:21:12
gelatina-universal-sabor-a-fresa-caja-19g,Gelatina UNIVERSAL Sabor a Fresa Caja 19g,UNIVERSAL,panaderia,3.2,4.0,False,20.0,https://www.plazavea.com.pe/gelatina-universal-sabor-a-fresa-caja-19g/p,https://plazavea.vteximg.com.br/arquivos/ids/34330960-184-184/1045494001.jpg?v=639124902128370000,2026-09-16 21:21:12
gelatina-umsha-naranja-bolsa-130g-20571460,Gelatina UMSHA Naranja Bolsa 130g,UMSHA,panaderia,3.1,3.5,False,11.43,https://www.plazavea.com.pe/gelatina-umsha-naranja-bolsa-130g-20571460/p,https://plazavea.vteximg.com.br/arquivos/ids/34478125-184-184/20571460.jpg?v=639130849483230000,2026-09-16 21:21:12
gelatina-umsha-pina-bolsa-130g-20571461,Gelatina UMSHA Sabor a Piña Bolsa 130g,UMSHA,panaderia,3.1,3.8,False,18.42,https://www.plazavea.com.pe/gelatina-umsha-pina-bolsa-130g-20571461/p,https://plazavea.vteximg.com.br/arquivos/ids/34478124-184-184/20571461.jpg?v=639130849473800000,2026-09-16 21:21:12
pan-hogaza-centeno-la-florencia-x-und-20503767,Pan Hogaza Centeno LA FLORENCIA x und.,LA FLORENCIA,panaderia,9.2,9.2,False,0.0,https://www.plazavea.com.pe/pan-hogaza-centeno-la-florencia-x-und-20503767/p,https://plazavea.vteximg.com.br/arquivos/ids/35717689-184-184/20503767.jpg?v=639223297526100000,2026-09-16 21:21:12
canela-molida-bells-frasco-50g,Canela Molida BELL'S Frasco 50g,BELL'S,panaderia,7.5,7.5,False,0.0,https://www.plazavea.com.pe/canela-molida-bells-frasco-50g/p,https://plazavea.vteximg.com.br/arquivos/ids/31245299-184-184/20501166.jpg?v=638804746745630000,2026-09-16 21:21:12
leche-condensada-nestle-doypack-180g,Leche Condensada NESTLE Doypack 180g,NESTLÉ,panaderia,3.9,4.5,False,13.33,https://www.plazavea.com.pe/leche-condensada-nestle-doypack-180g/p,https://vivanda.vteximg.com.br/arquivos/Alto_azucar.png?v=123,2026-09-16 21:21:12
pan-de-molde-bimbo-integral-familiar-bolsa-620g,Pan de Molde BIMBO Integral Familiar Bolsa 620...,BIMBO,panaderia,8.9,9.9,False,10.1,https://www.plazavea.com.pe/pan-de-molde-bimbo-integral-familiar-bolsa-620g/p,https://plazavea.vteximg.com.br/arquivos/ids/30571301-184-184/20468216.jpg?v=638746625635400000,2026-09-16 21:21:13
mantequilla-de-mani-la-purita-pote-410g,Mantequilla de Maní LA PURITA Pote 410g,LA PURITA,panaderia,19.9,19.9,False,0.0,https://www.plazavea.com.pe/mantequilla-de-mani-la-purita-pote-410g/p,https://vivanda.vteximg.com.br/arquivos/Alto_saturadas.png?v=123,2026-09-16 21:21:13
pan-integral-bauducco-bolsa-390g,Pan Integral BAUDUCCO Bolsa 390g,BAUDUCCO,panaderia,8.5,9.5,False,10.53,https://www.plazavea.com.pe/pan-integral-bauducco-bolsa-390g/p,https://plazavea.vteximg.com.br/arquivos/ids/30379203-184-184/20423852.jpg?v=638720471580130000,2026-09-16 21:21:13
pan-hamburguesa-bimbo-bolsa-8un,Pan Hamburguesa BIMBO Bolsa 8un,BIMBO,panaderia,8.5,8.9,False,4.49,https://www.plazavea.com.pe/pan-hamburguesa-bimbo-bolsa-8un/p,https://plazavea.vteximg.com.br/arquivos/ids/28863010-184-184/20410472.jpg?v=638460631456700000,2026-09-16 21:21:13
tortilla-de-trigo-tia-rosa-burrera-bolsa-8un,Tortilla de Trigo TÍA ROSA Burrera Bolsa 8un,BIMBO,panaderia,9.9,11.9,False,16.81,https://www.plazavea.com.pe/tortilla-de-trigo-tia-rosa-burrera-bolsa-8un/p,https://plazavea.vteximg.com.br/arquivos/ids/27526204-184-184/20366131.jpg?v=638307707701030000,2026-09-16 21:21:13
pan-hamburguesa-bimbo-artesano-brioche-bolsa-360g,Pan Hamburguesa BIMBO Artesano Brioche Bolsa 3...,BIMBO,panaderia,6.5,10.0,False,35.0,https://www.plazavea.com.pe/pan-hamburguesa-bimbo-artesano-brioche-bolsa-360g/p,https://plazavea.vteximg.com.br/arquivos/ids/31352699-184-184/20358289.jpg?v=638835428677670000,2026-09-16 21:21:13
gelatina-universal-sabor-a-cereza-bolsa-130g,Gelatina UNIVERSAL Sabor a Cereza Bolsa 130g,UNIVERSAL,panaderia,3.8,3.8,False,0.0,https://www.plazavea.com.pe/gelatina-universal-sabor-a-cereza-bolsa-130g/p,https://plazavea.vteximg.com.br/arquivos/ids/34361700-184-184/20355418.jpg?v=639125055615570000,2026-09-16 21:21:13
pan-de-molde-integral-multicereal-la-florencia-bolsa-500g,Pan de Molde Integral Multicereal LA FLORENCIA...,LA FLORENCIA,panaderia,12.9,12.9,False,0.0,https://www.plazavea.com.pe/pan-de-molde-integral-multicereal-la-florencia-bolsa-500g/p,https://plazavea.vteximg.com.br/arquivos/ids/20143889-184-184/20283499.jpg?v=638019806357870000,2026-09-16 21:21:13
tortilla-artesanal-integral-el-cedro-bolsa-12un,Tortilla Artesanal Integral EL CEDRO Bolsa 12u...,EL CEDRO,panaderia,9.9,9.9,False,0.0,https://www.plazavea.com.pe/tortilla-artesanal-integral-el-cedro-bolsa-12un/p,https://plazavea.vteximg.com.br/arquivos/ids/16778540-184-184/20283147.jpg?v=637974202917500000,2026-09-16 21:21:13
harina-sin-preparar-molitalia-bolsa-180g,Harina sin Preparar MOLITALIA Bolsa 180g,MOLITALIA,panaderia,1.2,1.2,False,0.0,https://www.plazavea.com.pe/harina-sin-preparar-molitalia-bolsa-180g/p,https://plazavea.vteximg.com.br/arquivos/ids/34616436-184-184/20260734.jpg?v=639138726668200000,2026-09-16 21:21:13
mantequilla-de-mani-union-frasci-410g,Mantequilla de Maní UNIÓN Frasco 410g,UNIÓN,panaderia,24.0,24.0,False,0.0,https://www.plazavea.com.pe/mantequilla-de-mani-union-frasci-410g/p,https://vivanda.vteximg.com.br/arquivos/Alto_saturadas.png?v=123,2026-09-16 21:21:13
mantequilla-de-mani-spread-100-mani-frasco-410g,Mantequilla de Maní SPREAD 100% Maní Frasco 41...,SPREAD,panaderia,21.9,21.9,False,0.0,https://www.plazavea.com.pe/mantequilla-de-mani-spread-100-mani-frasco-410g/p,https://plazavea.vteximg.com.br/arquivos/ids/16382108-184-184/20255079.jpg?v=637970164229800000,2026-09-16 21:21:13
tortilla-de-maiz-tia-rosa-bolsa-255g,Tortilla de Maíz TÍA ROSA Bolsa 255g,TÍA ROSA,panaderia,8.5,10.5,False,19.05,https://www.plazavea.com.pe/tortilla-de-maiz-tia-rosa-bolsa-255g/p,https://plazavea.vteximg.com.br/arquivos/ids/26504008-184-184/20254399.jpg?v=638211176168430000,2026-09-16 21:21:13
esencia-de-vainila-umsha-botella-90ml,Esencia de Vainila UMSHA Botella 90ml,UMSHA,panaderia,2.5,2.5,False,0.0,https://www.plazavea.com.pe/esencia-de-vainila-umsha-botella-90ml/p,https://plazavea.vteximg.com.br/arquivos/ids/15843337-184-184/20251631.jpg?v=637962343943030000,2026-09-16 21:21:13
pan-de-molde-bimbo-vital-semillas-bolsa-360g,Pan de Molde BIMBO Vital Semillas Bolsa 360g,BIMBO,panaderia,10.5,10.5,False,0.0,https://www.plazavea.com.pe/pan-de-molde-bimbo-vital-semillas-bolsa-360g/p,https://plazavea.vteximg.com.br/arquivos/ids/29277960-184-184/20235602.jpg?v=638580362809830000,2026-09-16 21:21:13
harina-de-avena-mi-tierra-sin-gluten-bolsa-400g,Harina de Avena MI TIERRA Sin Gluten Bolsa 400...,MI TIERRA,panaderia,11.8,11.8,False,0.0,https://www.plazavea.com.pe/harina-de-avena-mi-tierra-sin-gluten-bolsa-400g/p,https://plazavea.vteximg.com.br/arquivos/ids/1221424-184-184/20205657.jpg?v=637511986412800000,2026-09-16 21:21:13
polvo-de-hornear-universal-caja-100-gramos,Polvo de Hornear UNIVERSAL Caja 100g,UNIVERSAL,panaderia,6.7,6.7,False,0.0,https://www.plazavea.com.pe/polvo-de-hornear-universal-caja-100-gramos/p,https://plazavea.vteximg.com.br/arquivos/ids/34358710-184-184/20201625.jpg?v=639125034419000000,2026-09-16 21:21:13
pan-pita-linaza-bimbo-bolsa-300g,Pan Pita Linaza BIMBO Bolsa 300g,BIMBO,panaderia,7.9,7.9,False,0.0,https://www.plazavea.com.pe/pan-pita-linaza-bimbo-bolsa-300g/p,https://plazavea.vteximg.com.br/arquivos/ids/31352590-184-184/20205070.jpg?v=638835428126800000,2026-09-16 21:21:13
pan-pita-blanco-bimbo-bolsa-10un,Pan Pita Blanco BIMBO Bolsa 10un,BIMBO,panaderia,6.9,6.9,False,0.0,https://www.plazavea.com.pe/pan-pita-blanco-bimbo-bolsa-10un/p,https://plazavea.vteximg.com.br/arquivos/ids/31352588-184-184/20205069.jpg?v=638835427886770000,2026-09-16 21:21:39
gelatina-light-bells-naranja-caja-19g,Gelatina Light BELL'S Naranja Caja 19g,BELL'S,panaderia,2.9,2.9,False,0.0,https://www.plazavea.com.pe/gelatina-light-bells-naranja-caja-19g/p,https://plazavea.vteximg.com.br/arquivos/ids/28358142-184-184/20169009.jpg?v=638363479534670000,2026-09-16 21:21:39
croissant-mantequilla,Croissant Francés x und.,PLAZA VEA,panaderia,1.2,1.2,False,0.0,https://www.plazavea.com.pe/croissant-mantequilla/p,https://plazavea.vteximg.com.br/arquivos/ids/29164763-184-184/20188046.jpg?v=638540035445430000,2026-09-16 21:21:39
tostadas-clasicas-la-florencia-bolsa-200g-20184167,Tostadas Clásicas LA FLORENCIA Bolsa 200g,LA FLORENCIA,panaderia,7.9,7.9,False,0.0,https://www.plazavea.com.pe/tostadas-clasicas-la-florencia-bolsa-200g-20184167/p,https://plazavea.vteximg.com.br/arquivos/ids/35816628-184-184/20184167.jpg?v=639228534591070000,2026-09-16 21:21:39
tostadas-integrales-la-florencia-bolsa-230g-20184177,Tostadas Integrales LA FLORENCIA Bolsa 230g,LA FLORENCIA,panaderia,7.9,7.9,False,0.0,https://www.plazavea.com.pe/tostadas-integrales-la-florencia-bolsa-230g-20184177/p,https://plazavea.vteximg.com.br/arquivos/ids/35816630-184-184/20184177.jpg?v=639228534596030000,2026-09-16 21:21:39
la-florencia-keke-platano-cf-un-1,Keke de Plátano Rectangular LA FLORENCIA x und...,LA FLORENCIA,panaderia,9.9,9.9,False,0.0,https://www.plazavea.com.pe/la-florencia-keke-platano-cf-un-1/p,https://vivanda.vteximg.com.br/arquivos/Alto_azucar.png?v=123,2026-09-16 21:21:39
keke-de-chocolate-la-florencia,Keke de Chocolate Rectangular LA FLORENCIA x u...,LA FLORENCIA,panaderia,9.9,9.9,False,0.0,https://www.plazavea.com.pe/keke-de-chocolate-la-florencia/p,https://vivanda.vteximg.com.br/arquivos/Alto_azucar.png?v=123,2026-09-16 21:21:39
chuno-bells-bolsa-170g,Chuño BELL'S Bolsa 170g,BELL'S,panaderia,3.4,3.4,False,0.0,https://www.plazavea.com.pe/chuno-bells-bolsa-170g/p,https://plazavea.vteximg.com.br/arquivos/ids/30247023-184-184/20115960.jpg?v=638681702329930000,2026-09-16 21:21:39
harina-sin-preparar-blanca-flor-bolsa-1kg,Harina sin Preparar BLANCA FLOR Bolsa 1kg,BLANCA FLOR,panaderia,6.9,8.2,False,15.85,https://www.plazavea.com.pe/harina-sin-preparar-blanca-flor-bolsa-1kg/p,https://plazavea.vteximg.com.br/arquivos/ids/15681712-184-184/20146331.jpg?v=637959756492270000,2026-09-16 21:21:39
pan-para-hot-dog-bimbo-bolsa-8un,Pan para Hot Dog BIMBO Bolsa 8un,BIMBO,panaderia,8.9,8.9,False,0.0,https://www.plazavea.com.pe/pan-para-hot-dog-bimbo-bolsa-8un/p,https://plazavea.vteximg.com.br/arquivos/ids/26503837-184-184/20098009.jpg?v=638211172905300000,2026-09-16 21:21:39
pan-de-molde-union-multisemillas-y-chips-de-miel-bolsa-540g,Pan de Molde UNIÓN Multisemillas y Chips de Mi...,UNIÓN,panaderia,12.9,12.9,False,0.0,https://www.plazavea.com.pe/pan-de-molde-union-multisemillas-y-chips-de-miel-bolsa-540g/p,https://plazavea.vteximg.com.br/arquivos/ids/951627-184-184/20105692.jpg?v=637496248188500000,2026-09-16 21:21:39
leche-condensada-gloria-doypack-200g,Leche Condensada GLORIA Doypack 200g,GLORIA,panaderia,4.5,4.9,False,8.16,https://www.plazavea.com.pe/leche-condensada-gloria-doypack-200g/p,https://vivanda.vteximg.com.br/arquivos/Alto_azucar.png?v=123,2026-09-16 21:21:39
harina-de-trigo-nicolini-preparada-bolsa-1kg,Harina de Trigo NICOLINI Preparada Bolsa 1Kg,NICOLINI,panaderia,5.5,6.9,False,20.29,https://www.plazavea.com.pe/harina-de-trigo-nicolini-preparada-bolsa-1kg/p,https://plazavea.vteximg.com.br/arquivos/ids/31462810-184-184/1472.jpg?v=638852258981200000,2026-09-16 21:21:39
pan-de-molde-blanco-bells-tipo-fuente-corte-horizontal-sin-corteza-bolsa-500g,Pan de Molde Blanco BELL’S Tipo Fuente Corte V...,BELL'S,panaderia,10.6,10.6,False,0.0,https://www.plazavea.com.pe/pan-de-molde-blanco-bells-tipo-fuente-corte-horizontal-sin-corteza-bolsa-500g/p,https://plazavea.vteximg.com.br/arquivos/ids/412976-184-184/20043777.jpg?v=637365793062300000,2026-09-16 21:21:39
pan-de-molde-integal-la-florencia-bolsa-500g,Pan de Molde Integral LA FLORENCIA Bolsa 500g,LA FLORENCIA,panaderia,9.9,9.9,False,0.0,https://www.plazavea.com.pe/pan-de-molde-integal-la-florencia-bolsa-500g/p,https://plazavea.vteximg.com.br/arquivos/ids/419901-184-184/20077174.jpg?v=637375922352300000,2026-09-16 21:21:39
orejitas-la-florencia-bandeja-250g,Orejitas Dulces LA FLORENCIA Bandeja 250g,LA FLORENCIA,panaderia,15.5,15.5,False,0.0,https://www.plazavea.com.pe/orejitas-la-florencia-bandeja-250g/p,https://vivanda.vteximg.com.br/arquivos/Sodio_saturadas.png?v=123,2026-09-16 21:21:40
karamanduka-x-un,Karamanduka Clásica x und.,PLAZA VEA,panaderia,13.5,13.5,False,0.0,https://www.plazavea.com.pe/karamanduka-x-un/p,https://plazavea.vteximg.com.br/arquivos/ids/309334-184-184/969570.jpg?v=637207667014830000,2026-09-16 21:21:40
pan-pita-integral-bells-bolsa-300g,Pan Pita Integral BELL'S Bolsa 300g,BELL'S,panaderia,5.7,5.7,False,0.0,https://www.plazavea.com.pe/pan-pita-integral-bells-bolsa-300g/p,https://vivanda.vteximg.com.br/arquivos/Alto_sodio.png?v=123,2026-09-16 21:21:40
gelatina-universal-sabor-a-limon-diet-caja-19g,Gelatina UNIVERSAL Sabor a Limón Diet Caja 19g,UNIVERSAL,panaderia,3.2,4.0,False,20.0,https://www.plazavea.com.pe/gelatina-universal-sabor-a-limon-diet-caja-19g/p,https://plazavea.vteximg.com.br/arquivos/ids/34330972-184-184/45495.jpg?v=639124902205030000,2026-09-16 21:21:40
harina-de-trigo-sin-preparar-bells-bolsa-1kg,Harina de Trigo sin Preparar BELL'S Bolsa 1Kg,BELL'S,panaderia,4.9,4.9,False,0.0,https://www.plazavea.com.pe/harina-de-trigo-sin-preparar-bells-bolsa-1kg/p,https://plazavea.vteximg.com.br/arquivos/ids/25828660-184-184/22005.jpg?v=638131684624630000,2026-09-16 21:21:40
pudin-royal-chocolate-bolsa-110g,Pudin ROYAL Sabor a Chocolate Bolsa 110g,ROYAL,panaderia,4.0,4.0,False,0.0,https://www.plazavea.com.pe/pudin-royal-chocolate-bolsa-110g/p,https://plazavea.vteximg.com.br/arquivos/ids/28324467-184-184/136947.jpg?v=638355524247330000,2026-09-16 21:21:40
flan-universal-sabor-a-vainilla-bolsa-100g,Flan UNIVERSAL Sabor a Vainilla Bolsa 100g,UNIVERSAL,panaderia,2.6,2.6,False,0.0,https://www.plazavea.com.pe/flan-universal-sabor-a-vainilla-bolsa-100g/p,https://vivanda.vteximg.com.br/arquivos/Alto_azucar.png?v=123,2026-09-16 21:21:40
tostadas-integrales-union-paquete-10un,Tostadas Integrales UNIÓN Paquete 10un,UNIÓN,panaderia,6.7,7.7,False,12.99,https://www.plazavea.com.pe/tostadas-integrales-union-paquete-10un/p,https://plazavea.vteximg.com.br/arquivos/ids/1232447-184-184/90993.jpg?v=637515021903000000,2026-09-16 21:21:40
leche-condensada-gloria-lata-393g,Leche Condensada GLORIA Lata 393g,GLORIA,panaderia,6.0,6.9,False,13.04,https://www.plazavea.com.pe/leche-condensada-gloria-lata-393g/p,https://vivanda.vteximg.com.br/arquivos/Alto_azucar.png?v=123,2026-09-16 21:21:40
clavo-de-olor-tona-sobre-12g,Clavo de Olor TOÑA Sobre 12g,TOÑA,panaderia,2.39,2.39,False,0.0,https://www.plazavea.com.pe/clavo-de-olor-tona-sobre-12g/p,https://plazavea.vteximg.com.br/arquivos/ids/34330822-184-184/80767.jpg?v=639124901116770000,2026-09-16 21:21:40
maicena-duryea-caja-500g,Maicena DURYEA Caja 500g,DURYEA,panaderia,11.5,12.0,False,4.17,https://www.plazavea.com.pe/maicena-duryea-caja-500g/p,https://plazavea.vteximg.com.br/arquivos/ids/29262350-184-184/4749-1.jpg?v=638802634780200000,2026-09-16 21:21:40
pan-de-molde-integral-bells-mediano-bolsa-500g,Pan de Molde Integral BELL'S Mediano Bolsa 500...,BELL'S,panaderia,7.5,7.5,False,0.0,https://www.plazavea.com.pe/pan-de-molde-integral-bells-mediano-bolsa-500g/p,https://vivanda.vteximg.com.br/arquivos/Alto_sodio.png?v=123,2026-09-16 21:21:40
maicena-duryea-caja-100g,Maicena DURYEA Caja 100g,DURYEA,panaderia,2.9,3.0,False,3.33,https://www.plazavea.com.pe/maicena-duryea-caja-100g/p,https://plazavea.vteximg.com.br/arquivos/ids/29262422-184-184/35682-1.jpg?v=638802635082100000,2026-09-16 21:21:40
polvo-para-hornear-universal-sobre-25g,Polvo para Hornear UNIVERSAL Sobre 25g,UNIVERSAL,panaderia,1.9,1.9,False,0.0,https://www.plazavea.com.pe/polvo-para-hornear-universal-sobre-25g/p,https://plazavea.vteximg.com.br/arquivos/ids/34332048-184-184/24242.jpg?v=639124909905300000,2026-09-16 21:21:40
mazamorra-morada-universal-bolsa-150g,Mazamorra Morada UNIVERSAL Bolsa 150g,UNIVERSAL,panaderia,3.5,3.5,False,0.0,https://www.plazavea.com.pe/mazamorra-morada-universal-bolsa-150g/p,https://plazavea.vteximg.com.br/arquivos/ids/34330975-184-184/20026008.jpg?v=639124902222900000,2026-09-16 21:21:40
pan-arabe-blanco-el-cedro-bolsa-10un-142533,Pan Árabe Blanco EL CEDRO Bolsa 10un,EL CEDRO,panaderia,8.1,8.1,False,0.0,https://www.plazavea.com.pe/pan-arabe-blanco-el-cedro-bolsa-10un-142533/p,https://plazavea.vteximg.com.br/arquivos/ids/36161674-184-184/142533.jpg?v=639252006831700000,2026-09-16 21:21:40
pan-de-molde-union-fibra-multicereal-bolsa-540g,Pan de Molde UNIÓN Fibra Multicereal Bolsa 540...,UNIÓN,panaderia,12.7,12.7,False,0.0,https://www.plazavea.com.pe/pan-de-molde-union-fibra-multicereal-bolsa-540g/p,https://plazavea.vteximg.com.br/arquivos/ids/949925-184-184/119986.jpg?v=637496236123600000,2026-09-16 21:21:40
harina-de-trigo-molitalia-sin-preparar-bolsa-1kg,Harina de Trigo sin Preparar MOLITALIA sin Pre...,MOLITALIA,panaderia,5.5,5.5,False,0.0,https://www.plazavea.com.pe/harina-de-trigo-molitalia-sin-preparar-bolsa-1kg/p,https://plazavea.vteximg.com.br/arquivos/ids/34616428-184-184/100663.jpg?v=639138726601400000,2026-09-16 21:21:40
gelatina-universal-sabor-a-pina-caja-19g,Gelatina UNIVERSAL Sabor a Piña Caja 19g,UNIVERSAL,panaderia,3.2,4.0,False,20.0,https://www.plazavea.com.pe/gelatina-universal-sabor-a-pina-caja-19g/p,https://plazavea.vteximg.com.br/arquivos/ids/34330966-184-184/1045494003.jpg?v=639124902166500000,2026-09-16 21:21:40
rosquitas-de-avena-y-anis-la-purita-bolsa-80g-20647283,Rosquitas de Avena y Anís LA PURITA Bolsa 80g,LA PURITA,panaderia,3.9,3.9,False,0.0,https://www.plazavea.com.pe/rosquitas-de-avena-y-anis-la-purita-bolsa-80g-20647283/p,https://plazavea.vteximg.com.br/arquivos/ids/35818667-184-184/20647283.jpg?v=639228574440530000,2026-09-16 21:21:40
tortillas-integrales-union-producto-vegano-bolsa-10un-20607998,Tortillas Integrales UNIÓN Producto Vegano Bol...,UNIÓN,panaderia,7.9,7.9,False,0.0,https://www.plazavea.com.pe/tortillas-integrales-union-producto-vegano-bolsa-10un-20607998/p,https://plazavea.vteximg.com.br/arquivos/ids/34372785-184-184/20607998.jpg?v=639125122302770000,2026-09-16 21:21:40
tortillas-blancas-union-producto-vegano-bolsa-10un-20607999,Tortillas Blancas UNIÓN Producto Vegano Bolsa ...,UNIÓN,panaderia,7.9,7.9,False,0.0,https://www.plazavea.com.pe/tortillas-blancas-union-producto-vegano-bolsa-10un-20607999/p,https://plazavea.vteximg.com.br/arquivos/ids/34372784-184-184/20607999.jpg?v=639125122294930000,2026-09-16 21:21:40
gelatina-umsha-limon-bolsa-130g-20571628,Gelatina UMSHA Sabor a Limón Bolsa 130g,UMSHA,panaderia,3.1,3.5,False,11.43,https://www.plazavea.com.pe/gelatina-umsha-limon-bolsa-130g-20571628/p,https://plazavea.vteximg.com.br/arquivos/ids/34478418-184-184/20571628.jpg?v=639130851114730000,2026-09-16 21:21:40
gelatina-umsha-uva-bolsa-130g-20571458,Gelatina UMSHA Uva Bolsa 130g,UMSHA,panaderia,3.1,3.5,False,11.43,https://www.plazavea.com.pe/gelatina-umsha-uva-bolsa-130g-20571458/p,https://plazavea.vteximg.com.br/arquivos/ids/34478126-184-184/20571458.jpg?v=639130849490570000,2026-09-16 21:21:40
pan-arabe-integral-la-florencia-x-6un,Pan Árabe Integral LA FLORENCIA Bolsa 6un,PLAZA VEA,panaderia,5.5,5.5,False,0.0,https://www.plazavea.com.pe/pan-arabe-integral-la-florencia-x-6un/p,https://plazavea.vteximg.com.br/arquivos/ids/31921727-184-184/20466795.jpg?v=638913351604400000,2026-09-16 21:21:40
turron-de-dona-pepa-bells-caja-500g-pv,Turrón de Doña Pepa BELL'S Caja 500g,BELL'S,panaderia,10.9,10.9,False,0.0,https://www.plazavea.com.pe/turron-de-dona-pepa-bells-caja-500g-pv/p,https://vivanda.vteximg.com.br/arquivos/azucar_saturadas.png?v=123,2026-09-16 21:21:40
bimboletes-bimbo-sabor-a-vainilla-bolsa-105g,Bimboletes BIMBO Sabor a Vainilla Bolsa 105g,BIMBO,panaderia,3.7,3.7,False,0.0,https://www.plazavea.com.pe/bimboletes-bimbo-sabor-a-vainilla-bolsa-105g/p,https://plazavea.vteximg.com.br/arquivos/ids/30776661-184-184/20468600.jpg?v=638769081681800000,2026-09-16 21:21:40
brownie-bimbo-little-bites-chispas-de-chocolate-caja-130g,Brownie BIMBO Little Bites Chispas de Chocolat...,LITTLE BITES,panaderia,10.5,10.9,False,3.67,https://www.plazavea.com.pe/brownie-bimbo-little-bites-chispas-de-chocolate-caja-130g/p,https://plazavea.vteximg.com.br/arquivos/ids/30779241-184-184/20468595.jpg?v=638769314465930000,2026-09-16 21:21:40
mantequilla-de-mani-la-purita-con-cacao-pote-170g,Mantequilla de Maní LA PURITA con Cacao Pote 1...,LA PURITA,panaderia,12.9,12.9,False,0.0,https://www.plazavea.com.pe/mantequilla-de-mani-la-purita-con-cacao-pote-170g/p,https://plazavea.vteximg.com.br/arquivos/ids/29808799-184-184/20464211.jpg?v=638654705597300000,2026-09-16 21:21:40
mantequilla-de-mani-la-purita-pote-170g,Mantequilla de Maní LA PURITA Pote 170g,LA PURITA,panaderia,11.9,11.9,False,0.0,https://www.plazavea.com.pe/mantequilla-de-mani-la-purita-pote-170g/p,https://plazavea.vteximg.com.br/arquivos/ids/29808798-184-184/20464218.jpg?v=638654705558530000,2026-09-16 21:21:40
chifon-sabor-naranja-la-florencia-x-und-20425570,Chifón Sabor Naranja LA FLORENCIA x und.,LA FLORENCIA,panaderia,23.9,23.9,False,0.0,https://www.plazavea.com.pe/chifon-sabor-naranja-la-florencia-x-und-20425570/p,https://vivanda.vteximg.com.br/arquivos/Alto_azucar.png?v=123,2026-09-16 21:21:40
pan-blanco-bauducco-bolsa-390g,Pan Blanco BAUDUCCO Bolsa 390g,BAUDUCCO,panaderia,8.5,9.5,False,10.53,https://www.plazavea.com.pe/pan-blanco-bauducco-bolsa-390g/p,https://plazavea.vteximg.com.br/arquivos/ids/30379202-184-184/20423851.jpg?v=638720471543230000,2026-09-16 21:21:40
pan-ciabatta-congelado-la-florencia-bolsa-6un-20504569,Pan Ciabatta Congelado LA FLORENCIA Bolsa 6un,LA FLORENCIA,congelados,6.5,6.5,True,0.0,https://www.plazavea.com.pe/pan-ciabatta-congelado-la-florencia-bolsa-6un-20504569/p,https://plazavea.vteximg.com.br/arquivos/ids/34644375-184-184/20504569.jpg?v=639143604768270000,2026-09-16 21:22:11
nuggets-de-pollo-san-fernando-bolsa-60un,Nuggets de Pollo SAN FERNANDO Bolsa 60un,SAN FERNANDO,congelados,18.5,22.8,False,18.86,https://www.plazavea.com.pe/nuggets-de-pollo-san-fernando-bolsa-60un/p,https://vivanda.vteximg.com.br/arquivos/Alto_sodio.png?v=123,2026-09-16 21:22:11
nuggets-de-pollo-avinka-linea-preparados-bolsa-15un,Nuggets de Pollo Precocido AVINKA Bolsa 15un,AVINKA,congelados,7.9,9.9,False,20.2,https://www.plazavea.com.pe/nuggets-de-pollo-avinka-linea-preparados-bolsa-15un/p,https://plazavea.vteximg.com.br/arquivos/ids/27461574-184-184/20358116.jpg?v=638292150637730000,2026-09-16 21:22:11
deditos-de-pollo-avinka-bolsa-12un-20358113,Deditos de Pollo AVINKA Bolsa 12un,AVINKA,congelados,10.3,12.5,False,17.6,https://www.plazavea.com.pe/deditos-de-pollo-avinka-bolsa-12un-20358113/p,https://plazavea.vteximg.com.br/arquivos/ids/34976035-184-184/20358113.jpg?v=639171532193930000,2026-09-16 21:22:11
chicharron-de-pollo-avinka-bolsa-350g,Chicharrón de Pollo AVINKA Bolsa 350g,AVINKA,congelados,16.7,16.9,False,1.18,https://www.plazavea.com.pe/chicharron-de-pollo-avinka-bolsa-350g/p,https://plazavea.vteximg.com.br/arquivos/ids/27431473-184-184/20358114.jpg?v=638288708189470000,2026-09-16 21:22:11
nuggets-de-pechuga-de-pollo-redondos-caja-36un,Nuggets de Pechuga de Pollo REDONDOS Caja 36un,REDONDOS,congelados,12.5,15.9,False,21.38,https://www.plazavea.com.pe/nuggets-de-pechuga-de-pollo-redondos-caja-36un/p,https://vivanda.vteximg.com.br/arquivos/Sodio_saturadas.png?v=123,2026-09-16 21:22:11
tiras-de-pechuga-de-pollo-redondos-bolsa-300g,Tiras de Pechuga de Pollo Empanizados REDONDOS...,REDONDOS,congelados,13.7,13.7,False,0.0,https://www.plazavea.com.pe/tiras-de-pechuga-de-pollo-redondos-bolsa-300g/p,https://plazavea.vteximg.com.br/arquivos/ids/34976024-184-184/20149757.jpg?v=639171532097100000,2026-09-16 21:22:11
pan-frances-congelado-la-florencia-bolsa-6un-20504568,Pan Francés Congelado LA FLORENCIA Bolsa 6un,LA FLORENCIA,congelados,6.5,6.5,True,0.0,https://www.plazavea.com.pe/pan-frances-congelado-la-florencia-bolsa-6un-20504568/p,https://plazavea.vteximg.com.br/arquivos/ids/34644377-184-184/20504568.jpg?v=639143604779970000,2026-09-16 21:22:11
dedos-de-pollo-avinka-con-queso-bolsa-12un-20570308,Dedos de Pollo AVINKA con Queso Bolsa 12un,AVINKA,congelados,12.5,13.9,False,10.07,https://www.plazavea.com.pe/dedos-de-pollo-avinka-con-queso-bolsa-12un-20570308/p,https://plazavea.vteximg.com.br/arquivos/ids/34475497-184-184/20570308.jpg?v=639130834050600000,2026-09-16 21:22:11
hamburguesa-de-res-oregon-foods-bolsa-8un,Hamburguesa de Res OREGON Foods Bolsa 8un,OREGON FOODS,congelados,26.9,26.9,False,0.0,https://www.plazavea.com.pe/hamburguesa-de-res-oregon-foods-bolsa-8un/p,https://vivanda.vteximg.com.br/arquivos/Alto_saturadas.png?v=123,2026-09-16 21:22:11
pop-corn-chicken-avinka-bolsa-350g,Pop Corn Chicken AVINKA Bolsa 350g,AVINKA,congelados,13.7,13.7,False,0.0,https://www.plazavea.com.pe/pop-corn-chicken-avinka-bolsa-350g/p,https://plazavea.vteximg.com.br/arquivos/ids/27431479-184-184/20358110.jpg?v=638288710296330000,2026-09-16 21:22:11
nuggets-de-pollo-con-quinua-avinka-bolsa-15un,Nuggets de Pollo con Quinua AVINKA Bolsa 15un,AVINKA,congelados,11.8,11.8,False,0.0,https://www.plazavea.com.pe/nuggets-de-pollo-con-quinua-avinka-bolsa-15un/p,https://plazavea.vteximg.com.br/arquivos/ids/27431476-184-184/20358112.jpg?v=638288709234130000,2026-09-16 21:22:11
milanesa-de-pollo-avinka-bolsa-4un,Milanesa de Pollo AVINKA Bolsa 4un,AVINKA,congelados,27.9,27.9,False,0.0,https://www.plazavea.com.pe/milanesa-de-pollo-avinka-bolsa-4un/p,https://plazavea.vteximg.com.br/arquivos/ids/27431475-184-184/20358115.jpg?v=639173062351900000,2026-09-16 21:22:11
nuggets-de-pollo-con-brocoli-avinka-bolsa-15un,Nuggets de Pollo con Brócoli AVINKA Bolsa 15un,AVINKA,congelados,11.4,11.4,False,0.0,https://www.plazavea.com.pe/nuggets-de-pollo-con-brocoli-avinka-bolsa-15un/p,https://plazavea.vteximg.com.br/arquivos/ids/27431474-184-184/20358111.jpg?v=638288708529330000,2026-09-16 21:22:11
hamburguesa-de-carne-la-super-san-fernando-bolsa-14un-20283505,Hamburguesa de Carne La Super SAN FERNANDO Bol...,SAN FERNANDO,congelados,12.49,12.49,False,0.0,https://www.plazavea.com.pe/hamburguesa-de-carne-la-super-san-fernando-bolsa-14un-20283505/p,https://vivanda.vteximg.com.br/arquivos/Alto_sodio.png?v=123,2026-09-16 21:22:11
helado-donofrio-peziduri-choco-lucuma-pote-x-22l-20205483,Helado D'ONOFRIO PEZIDURI Choco Lúcuma Pote x ...,D'ONOFRIO,congelados,21.9,21.9,False,0.0,https://www.plazavea.com.pe/helado-donofrio-peziduri-choco-lucuma-pote-x-22l-20205483/p,https://vivanda.vteximg.com.br/arquivos/Alto_azucar.png?v=123,2026-09-16 21:22:11
helado-donofrio-peziduri-tricolor-cremoso-pote-900ml,Helado D'ONOFRIO Peziduri Tricolor Cremoso Pot...,D'ONOFRIO,congelados,9.7,11.9,False,18.49,https://www.plazavea.com.pe/helado-donofrio-peziduri-tricolor-cremoso-pote-900ml/p,https://vivanda.vteximg.com.br/arquivos/Alto_azucar.png?v=123,2026-09-16 21:22:11
helado-bombones-donofrio-pote-216ml,Helado Bombones D'ONOFRIO Pote 18un,D'ONOFRIO,congelados,12.5,13.5,False,7.41,https://www.plazavea.com.pe/helado-bombones-donofrio-pote-216ml/p,https://vivanda.vteximg.com.br/arquivos/azucar_saturadas.png?v=123,2026-09-16 21:22:11
hamburguesa-otto-kunz-premium-de-res-bolsa-8un-114482,Hamburguesa OTTO KUNZ Premium de Res Bolsa 8un,OTTO KUNZ,congelados,17.9,23.9,False,25.1,https://www.plazavea.com.pe/hamburguesa-otto-kunz-premium-de-res-bolsa-8un-114482/p,https://vivanda.vteximg.com.br/arquivos/Sodio_saturadas.png?v=123,2026-09-16 21:22:11
hamburguesa-redondos-de-pollo-paquete-14un,Hamburguesa de pollo REDONDOS Bolsa 14un,REDONDOS,congelados,9.5,13.5,False,29.63,https://www.plazavea.com.pe/hamburguesa-redondos-de-pollo-paquete-14un/p,https://plazavea.vteximg.com.br/arquivos/ids/378553-184-184/16894.jpg?v=639173062878870000,2026-09-16 21:22:11
nuggets-pechuga-de-pollo-san-fernando-caja-24un,Nuggets Pechuga de Pollo SAN FERNANDO Bolsa 36...,SAN FERNANDO,congelados,10.9,14.9,False,26.85,https://www.plazavea.com.pe/nuggets-pechuga-de-pollo-san-fernando-caja-24un/p,https://vivanda.vteximg.com.br/arquivos/Alto_sodio.png?v=123,2026-09-16 21:22:11
helado-donofrio-peziduri-chocochips-pote-900ml,Helado D'ONOFRIO Peziduri Chocochips Cremoso P...,D'ONOFRIO,congelados,9.7,11.9,False,18.49,https://www.plazavea.com.pe/helado-donofrio-peziduri-chocochips-pote-900ml/p,https://plazavea.vteximg.com.br/arquivos/ids/28884627-184-184/20392570.jpg?v=638467778246100000,2026-09-16 21:22:11
helado-donofrio-peziduri-fresa-cremoso-pote-900ml,Helado D'ONOFRIO Peziduri Fresa Cremoso Pote 9...,D'ONOFRIO,congelados,9.7,11.9,False,18.49,https://www.plazavea.com.pe/helado-donofrio-peziduri-fresa-cremoso-pote-900ml/p,https://plazavea.vteximg.com.br/arquivos/ids/28884625-184-184/20392571.jpg?v=638467778183630000,2026-09-16 21:22:11
helado-donofrio-peziduri-chocolate-pote-900ml,Helado D'ONOFRIO Peziduri Chocolate Cremoso Po...,D'ONOFRIO,congelados,9.7,11.9,False,18.49,https://www.plazavea.com.pe/helado-donofrio-peziduri-chocolate-pote-900ml/p,https://plazavea.vteximg.com.br/arquivos/ids/28884623-184-184/20392576.jpg?v=638467778133270000,2026-09-16 21:22:11
helado-donofrio-peziduri-vainilla-pote-900ml,Helado D'ONOFRIO Peziduri Vainilla Cremoso Pot...,D'ONOFRIO,congelados,9.7,11.9,False,18.49,https://www.plazavea.com.pe/helado-donofrio-peziduri-vainilla-pote-900ml/p,https://plazavea.vteximg.com.br/arquivos/ids/28884621-184-184/20392572.jpg?v=638467778068970000,2026-09-16 21:22:11
suprema-de-pollo-avinka-bolsa-4un-20358117,Suprema de Pollo AVINKA Bolsa 4un,AVINKA,congelados,26.5,26.5,False,0.0,https://www.plazavea.com.pe/suprema-de-pollo-avinka-bolsa-4un-20358117/p,https://plazavea.vteximg.com.br/arquivos/ids/34988093-184-184/20358117.jpg?v=639172442326700000,2026-09-16 21:22:11
hamburguesa-de-carne-la-casera-san-fernando-bolsa-14un-20283506,Hamburguesa de Carne La Casera SAN FERNANDO Bo...,SAN FERNANDO,congelados,11.5,13.9,False,17.27,https://www.plazavea.com.pe/hamburguesa-de-carne-la-casera-san-fernando-bolsa-14un-20283506/p,https://plazavea.vteximg.com.br/arquivos/ids/34976028-184-184/20283506.jpg?v=639171532139070000,2026-09-16 21:22:11
hamburguesa-la-casera-de-pollo-san-fernando-bolsa-14un-20283399,Hamburguesa La Casera de Pollo SAN FERNANDO Bo...,SAN FERNANDO,congelados,9.9,13.9,False,28.78,https://www.plazavea.com.pe/hamburguesa-la-casera-de-pollo-san-fernando-bolsa-14un-20283399/p,https://plazavea.vteximg.com.br/arquivos/ids/34988092-184-184/20283399.jpg?v=639172442310670000,2026-09-16 21:22:11
helado-donofrio-con-trozos-de-mani-sublime-pote-900ml,Helado D'ONOFRIO con Trozos de Maní SUBLIME Po...,D'ONOFRIO,congelados,16.9,19.5,False,13.33,https://www.plazavea.com.pe/helado-donofrio-con-trozos-de-mani-sublime-pote-900ml/p,https://vivanda.vteximg.com.br/arquivos/Alto_azucar.png?v=123,2026-09-16 21:22:11
mini-hamburguesas-de-res-oregon-foods-paquete-12un-20208827,Mini Hamburguesas de Res OREGON FOODS Paquete ...,OREGON FOODS,congelados,22.9,22.9,False,0.0,https://www.plazavea.com.pe/mini-hamburguesas-de-res-oregon-foods-paquete-12un-20208827/p,https://vivanda.vteximg.com.br/arquivos/Alto_saturadas.png?v=123,2026-09-16 21:22:11
helados-donofrio-mini-sandiwch-caja-10un,Helados D'ONOFRIO Mini Sandiwch Caja 10un,D'ONOFRIO,congelados,17.2,20.0,False,14.0,https://www.plazavea.com.pe/helados-donofrio-mini-sandiwch-caja-10un/p,https://vivanda.vteximg.com.br/arquivos/azucar_saturadas.png?v=123,2026-09-16 21:22:11
nuggets-de-pechuga-de-pollo-redondos-caja-23un,Nuggets de Pechuga de Pollo REDONDOS Caja 23un,REDONDOS,congelados,9.5,9.9,False,4.04,https://www.plazavea.com.pe/nuggets-de-pechuga-de-pollo-redondos-caja-23un/p,https://vivanda.vteximg.com.br/arquivos/Sodio_saturadas.png?v=123,2026-09-16 21:22:11
helado-peziduri-tricolor-pote-2-2l,Helado D'ONOFRIO PEZIDURI Tricolor Pote x 2.2L,D'ONOFRIO,congelados,21.9,21.9,False,0.0,https://www.plazavea.com.pe/helado-peziduri-tricolor-pote-2-2l/p,https://vivanda.vteximg.com.br/arquivos/Alto_azucar.png?v=123,2026-09-16 21:22:11
pan-frances-don-mamino-precocido-bolsa-250g,Pan Francés DON MAMINO Precocido Bolsa 250g,DON MAMINO,congelados,4.5,4.5,False,0.0,https://www.plazavea.com.pe/pan-frances-don-mamino-precocido-bolsa-250g/p,https://plazavea.vteximg.com.br/arquivos/ids/500927-184-184/20119916.jpg?v=637407125359870000,2026-09-16 21:22:11
hamburguesa-otto-kunz-premium-de-res-bolsa-4un-114480,Hamburguesa OTTO KUNZ Premium de Res Bolsa 4un,OTTO KUNZ,congelados,10.19,12.9,False,21.01,https://www.plazavea.com.pe/hamburguesa-otto-kunz-premium-de-res-bolsa-4un-114480/p,https://vivanda.vteximg.com.br/arquivos/Sodio_saturadas.png?v=123,2026-09-16 21:22:11
siu-mai-deli-freeze-de-cerdo-caja-12un,Siu Mai DELIFREEZE de Cerdo Caja 12un,DELI FREEZE,congelados,13.99,13.99,False,0.0,https://www.plazavea.com.pe/siu-mai-deli-freeze-de-cerdo-caja-12un/p,https://vivanda.vteximg.com.br/arquivos/octagono-sodio-azucar.png?v=123,2026-09-16 21:22:11
hamburguesa-oregon-foods-parrillera-100-carne-de-novillo-caja-4un,Hamburguesa OREGON FOODS Parrillera Novillo Ca...,OREGON FOODS,congelados,25.9,27.9,False,7.17,https://www.plazavea.com.pe/hamburguesa-oregon-foods-parrillera-100-carne-de-novillo-caja-4un/p,https://vivanda.vteximg.com.br/arquivos/Alto_saturadas.png?v=123,2026-09-16 21:22:11
super-hamburguesa-de-pollo-san-fernando-paquete-14un,La Súper Rica San Fernando Bolsa 14un,SAN FERNANDO,congelados,12.49,12.49,True,0.0,https://www.plazavea.com.pe/super-hamburguesa-de-pollo-san-fernando-paquete-14un/p,https://vivanda.vteximg.com.br/arquivos/Sodio_saturadas.png?v=123,2026-09-16 21:22:11
nuggets-de-pechuga-de-pollo-braedt-bolsa-15un-20629097,Nuggets de Pechuga de Pollo BRAEDT Bolsa 15un,BRAEDT,congelados,9.5,13.5,False,29.63,https://www.plazavea.com.pe/nuggets-de-pechuga-de-pollo-braedt-bolsa-15un-20629097/p,https://plazavea.vteximg.com.br/arquivos/ids/34418126-184-184/20629097.jpg?v=639126411669200000,2026-09-16 21:22:11
dedos-de-pollo-avinka-jalapeno-bolsa-12un-20570309,Dedos de Pollo AVINKA Jalapeño Bolsa 12un,AVINKA,congelados,12.5,13.9,False,10.07,https://www.plazavea.com.pe/dedos-de-pollo-avinka-jalapeno-bolsa-12un-20570309/p,https://plazavea.vteximg.com.br/arquivos/ids/34475498-184-184/20570309.jpg?v=639130834056600000,2026-09-16 21:22:11
nuggets-de-pollo-san-fernando-safari-bolsa-10un,Nuggets de Pollo SAN FERNANDO Safari Bolsa 10u...,SAN FERNANDO,congelados,6.1,6.1,False,0.0,https://www.plazavea.com.pe/nuggets-de-pollo-san-fernando-safari-bolsa-10un/p,https://plazavea.vteximg.com.br/arquivos/ids/34371477-184-184/20567059.jpg?v=639125115288400000,2026-09-16 21:22:11
nuggets-de-pollo-avinka-match-bolsa-250g-paquete-14un,Nuggets de Pollo AVINKA Match Bolsa 250g Paque...,AVINKA,congelados,12.0,12.0,False,0.0,https://www.plazavea.com.pe/nuggets-de-pollo-avinka-match-bolsa-250g-paquete-14un/p,https://plazavea.vteximg.com.br/arquivos/ids/32177206-184-184/20539938.jpg?v=638937204650000000,2026-09-16 21:22:11
milanesa-de-pechuga-de-pollo-oregon-foods-bolsa-4un,Milanesa de Pechuga de Pollo OREGON FOODS Bols...,OREGON FOODS,congelados,25.5,31.9,False,20.06,https://www.plazavea.com.pe/milanesa-de-pechuga-de-pollo-oregon-foods-bolsa-4un/p,https://vivanda.vteximg.com.br/arquivos/Alto_saturadas.png?v=123,2026-09-16 21:22:11
hamburguesa-de-pollo-oregon-foods-bolsa-8un,Hamburguesa de Pollo OREGON FOODS Bolsa 8un,OREGON FOODS,congelados,20.0,27.5,False,27.27,https://www.plazavea.com.pe/hamburguesa-de-pollo-oregon-foods-bolsa-8un/p,https://vivanda.vteximg.com.br/arquivos/Alto_saturadas.png?v=123,2026-09-16 21:22:11
nuggets-de-pechuga-de-pollo-oregon-foods-bolsa-15un,Nuggets de Pechuga de Pollo OREGON FOODS Bolsa...,OREGON FOODS,congelados,11.2,15.5,False,27.74,https://www.plazavea.com.pe/nuggets-de-pechuga-de-pollo-oregon-foods-bolsa-15un/p,https://vivanda.vteximg.com.br/arquivos/Alto_sodio.png?v=123,2026-09-16 21:22:11
hamburguesa-de-res-y-cerdo-san-fernando-bolsa-8un,Hamburguesa de Res y Cerdo SAN FERNANDO Bolsa ...,SAN FERNANDO,congelados,26.5,26.5,False,0.0,https://www.plazavea.com.pe/hamburguesa-de-res-y-cerdo-san-fernando-bolsa-8un/p,https://plazavea.vteximg.com.br/arquivos/ids/28638167-184-184/20393451.jpg?v=638405338505000000,2026-09-16 21:22:11
helado-donofrio-peziduri-lucuma-pote-900ml,Helado D'ONOFRIO Peziduri Lúcuma Cremoso Pote ...,D'ONOFRIO,congelados,9.7,11.9,False,18.49,https://www.plazavea.com.pe/helado-donofrio-peziduri-lucuma-pote-900ml/p,https://plazavea.vteximg.com.br/arquivos/ids/28884619-184-184/20392577.jpg?v=638467778013900000,2026-09-16 21:22:11
filete-de-pechuga-a-la-pimienta-avinka-bolsa-4un,Filete de Pechuga a la Pimienta AVINKA Bolsa 4...,AVINKA,congelados,25.9,25.9,False,0.0,https://www.plazavea.com.pe/filete-de-pechuga-a-la-pimienta-avinka-bolsa-4un/p,https://plazavea.vteximg.com.br/arquivos/ids/27431493-184-184/20358407.jpg?v=638288715473900000,2026-09-16 21:22:11
helado-donofrio-frio-rico-crocante-cafe-pote-900ml,Helado D'ONOFRIO Frio Rico Crocante Café Pote ...,D'ONOFRIO,congelados,24.9,24.9,False,0.0,https://www.plazavea.com.pe/helado-donofrio-frio-rico-crocante-cafe-pote-900ml/p,https://plazavea.vteximg.com.br/arquivos/ids/28884603-184-184/20357236.jpg?v=638467777558470000,2026-09-16 21:22:36
helado-siviero-maria-pistacchio-pote-1l-20200053,Helado SIVIERO MARIA Pistacchio Pote 1L,SIVIERO MARIA,congelados,17.5,17.5,False,0.0,https://www.plazavea.com.pe/helado-siviero-maria-pistacchio-pote-1l-20200053/p,https://vivanda.vteximg.com.br/arquivos/azucar_saturadas.png?v=123,2026-09-16 21:22:36
nuggets-flexfood-190g-bolsa-12un,Nuggets FLEXFOOD Bolsa 12un,FLEXFOOD,congelados,11.9,11.9,False,0.0,https://www.plazavea.com.pe/nuggets-flexfood-190g-bolsa-12un/p,https://plazavea.vteximg.com.br/arquivos/ids/22591294-184-184/20325850.jpg?v=638053730722900000,2026-09-16 21:22:36
helado-donofrio-con-trozos-de-galleta-sandwich-pote-900ml,Helado D'ONOFRIO con Trozos de Galleta SANDWIC...,D'ONOFRIO,congelados,16.9,19.5,False,13.33,https://www.plazavea.com.pe/helado-donofrio-con-trozos-de-galleta-sandwich-pote-900ml/p,https://vivanda.vteximg.com.br/arquivos/azucar_saturadas.png?v=123,2026-09-16 21:22:36
helado-donofrio-con-chocolate-y-trozos-de-galleta-morochas-pote-900ml,Helado D'ONOFRIO con Chocolate y Trozos de Gal...,D'ONOFRIO,congelados,16.9,19.5,False,13.33,https://www.plazavea.com.pe/helado-donofrio-con-chocolate-y-trozos-de-galleta-morochas-pote-900ml/p,https://vivanda.vteximg.com.br/arquivos/azucar_saturadas.png?v=123,2026-09-16 21:22:36
helado-donofrio-con-bolitas-de-chocolate-princesa-pote-900ml,Helado D'ONOFRIO con Bolitas de Chocolate PRIN...,D'ONOFRIO,congelados,16.9,19.5,False,13.33,https://www.plazavea.com.pe/helado-donofrio-con-bolitas-de-chocolate-princesa-pote-900ml/p,https://vivanda.vteximg.com.br/arquivos/azucar_saturadas.png?v=123,2026-09-16 21:22:36
alitas-sabor-a-la-brasa-redondos-caja-400g,Alitas sabor a la Brasa REDONDOS Caja 400g,REDONDOS,congelados,15.7,15.7,False,0.0,https://www.plazavea.com.pe/alitas-sabor-a-la-brasa-redondos-caja-400g/p,https://vivanda.vteximg.com.br/arquivos/Alto_sodio.png?v=123,2026-09-16 21:22:36
ravioles-de-carne-y-verdura-bells-bolsa-1kg,Ravioles de Carne y Verdura BELL'S Bolsa 1Kg,BELL'S,congelados,17.9,17.9,False,0.0,https://www.plazavea.com.pe/ravioles-de-carne-y-verdura-bells-bolsa-1kg/p,https://vivanda.vteximg.com.br/arquivos/octagono-trans.png?v=123,2026-09-16 21:22:36
ravioles-4-quesos-bells-paquete-500g,Ravioles 4 Quesos BELL'S Paquete 500g,BELL'S,congelados,9.5,9.5,False,0.0,https://www.plazavea.com.pe/ravioles-4-quesos-bells-paquete-500g/p,https://vivanda.vteximg.com.br/arquivos/octagono-trans.png?v=123,2026-09-16 21:22:36
ravioles-de-carne-y-verdura-bells-paquete-500g,Ravioles de Carne y Verdura BELL'S Paquete 500...,BELL'S,congelados,9.5,9.5,False,0.0,https://www.plazavea.com.pe/ravioles-de-carne-y-verdura-bells-paquete-500g/p,https://vivanda.vteximg.com.br/arquivos/octagono-trans.png?v=123,2026-09-16 21:22:36
helado-donofrio-peziduri-chocochips-pote-x-2-2l,Helado D'ONOFRIO PEZIDURI Chocochips Pote x 2....,D'ONOFRIO,congelados,21.9,21.9,False,0.0,https://www.plazavea.com.pe/helado-donofrio-peziduri-chocochips-pote-x-2-2l/p,https://vivanda.vteximg.com.br/arquivos/azucar_saturadas.png?v=123,2026-09-16 21:22:36
chiqui-nuggets-redondos-bolsa-270g,Chiqui Nuggets REDONDOS Bolsa 10un,REDONDOS,congelados,5.2,5.7,False,8.77,https://www.plazavea.com.pe/chiqui-nuggets-redondos-bolsa-270g/p,https://vivanda.vteximg.com.br/arquivos/Sodio_saturadas.png?v=123,2026-09-16 21:22:36
deditos-de-pechuga-de-pollo-redondos-bolsa-300g,Deditos de Pechuga de Pollo REDONDOS Bolsa 15u...,REDONDOS,congelados,13.0,13.0,False,0.0,https://www.plazavea.com.pe/deditos-de-pechuga-de-pollo-redondos-bolsa-300g/p,https://vivanda.vteximg.com.br/arquivos/Alto_sodio.png?v=123,2026-09-16 21:22:36
waffle-tradicional-forno-de-minas-bolsa-210g,Waffle Tradicional FORNO DE MINAS Bolsa 210g,FORNO DE MINAS,congelados,11.9,11.9,False,0.0,https://www.plazavea.com.pe/waffle-tradicional-forno-de-minas-bolsa-210g/p,https://plazavea.vteximg.com.br/arquivos/ids/561442-184-184/20168818.jpg?v=637427431739870000,2026-09-16 21:22:36
helado-siviero-maria-ciock-menta-1l-20130220,Helado SIVIERO MARIA Ciock Menta 1L,SIVIERO MARIA,congelados,17.5,17.5,False,0.0,https://www.plazavea.com.pe/helado-siviero-maria-ciock-menta-1l-20130220/p,https://vivanda.vteximg.com.br/arquivos/azucar_saturadas.png?v=123,2026-09-16 21:22:36
pan-ciabatta-don-mamino-precocido-bolsa-250g,Pan Ciabatta DON MAMINO Precocido Bolsa 250g,DON MAMINO,congelados,4.5,4.5,False,0.0,https://www.plazavea.com.pe/pan-ciabatta-don-mamino-precocido-bolsa-250g/p,https://plazavea.vteximg.com.br/arquivos/ids/500926-184-184/914055.jpg?v=637407125326030000,2026-09-16 21:22:36
nuggets-de-pollo-crispy-san-fernando-paquete-10un,Nuggets de Pollo Crispy San Fernando Paquete 1...,SAN FERNANDO,congelados,5.7,5.7,False,0.0,https://www.plazavea.com.pe/nuggets-de-pollo-crispy-san-fernando-paquete-10un/p,https://vivanda.vteximg.com.br/arquivos/Alto_sodio.png?v=123,2026-09-16 21:22:36
nuggets-de-pavita-san-fernando-con-quinua-y-kiwicha-caja-24un,Nuggets de Pavita con Cereal SAN FERNANDO Bols...,SAN FERNANDO,congelados,20.9,20.9,False,0.0,https://www.plazavea.com.pe/nuggets-de-pavita-san-fernando-con-quinua-y-kiwicha-caja-24un/p,https://plazavea.vteximg.com.br/arquivos/ids/34332060-184-184/20024161.jpg?v=639173076001670000,2026-09-16 21:22:36
nuggets-de-pollo-precocido-bells-paquete-15un,Nuggets de Pollo BELL'S Bolsa 15un,BELL'S,congelados,7.49,7.49,False,0.0,https://www.plazavea.com.pe/nuggets-de-pollo-precocido-bells-paquete-15un/p,https://plazavea.vteximg.com.br/arquivos/ids/550689-184-184/19275.jpg?v=639173074708400000,2026-09-16 21:22:36
siu-mai-deli-freeze-de-pollo-caja-12un,Siu Mai DELIFREEZE de Pollo Caja 12un,DELI FREEZE,congelados,13.99,13.99,False,0.0,https://www.plazavea.com.pe/siu-mai-deli-freeze-de-pollo-caja-12un/p,https://vivanda.vteximg.com.br/arquivos/octagono-sodio-azucar.png?v=123,2026-09-16 21:22:36
ravioles-don-italo-de-carne-bandeja-500g,Ravioles DON ITALO De carne Bandeja 500Gr,DON ITALO,congelados,26.39,29.5,False,10.54,https://www.plazavea.com.pe/ravioles-don-italo-de-carne-bandeja-500g/p,https://plazavea.vteximg.com.br/arquivos/ids/34331036-184-184/102636.jpg?v=639124902649870000,2026-09-16 21:22:36
milanesa-vegetal-flexfood-bolsa-2un-20565493,Milanesa Vegetal FLEXFOOD Bolsa 2un,FLEXFOOD,congelados,12.5,12.5,False,0.0,https://www.plazavea.com.pe/milanesa-vegetal-flexfood-bolsa-2un-20565493/p,https://plazavea.vteximg.com.br/arquivos/ids/34976037-184-184/20565493.jpg?v=639171532206170000,2026-09-16 21:22:36
helado-de-tiramisu-siviero-maria-pote-1l-20469155,Helado de Tiramisú SIVIERO MARIA Pote 1L,SIVIERO MARIA,congelados,17.5,17.5,False,0.0,https://www.plazavea.com.pe/helado-de-tiramisu-siviero-maria-pote-1l-20469155/p,https://plazavea.vteximg.com.br/arquivos/ids/35797971-184-184/20469155.jpg?v=639228319744270000,2026-09-16 21:22:36
helado-paleta-de-fruta-fresa-bells-paquete-6un,Helado Paleta de Fruta Fresa BELL'S Paquete 6u...,BELL'S,congelados,7.99,7.99,False,0.0,https://www.plazavea.com.pe/helado-paleta-de-fruta-fresa-bells-paquete-6un/p,https://plazavea.vteximg.com.br/arquivos/ids/30847604-184-184/20464614.jpg?v=638774263331300000,2026-09-16 21:22:36
helado-paleta-de-fruta-mango-bells-paquete-6un,Helado Paleta de Fruta Mango BELL'S Paquete 6u...,BELL'S,congelados,7.99,7.99,False,0.0,https://www.plazavea.com.pe/helado-paleta-de-fruta-mango-bells-paquete-6un/p,https://plazavea.vteximg.com.br/arquivos/ids/30847603-184-184/20464613.jpg?v=638774262977700000,2026-09-16 21:22:36
helados-de-sandwich-bells-sabor-a-vainilla-paquete-6un,Helados de Sandwich BELL'S Sabor a Vainilla Pa...,BELL'S,congelados,7.99,7.99,False,0.0,https://www.plazavea.com.pe/helados-de-sandwich-bells-sabor-a-vainilla-paquete-6un/p,https://plazavea.vteximg.com.br/arquivos/ids/30847602-184-184/20464595.jpg?v=638774262639830000,2026-09-16 21:22:36
pizza-congelada-italpizza-pepperoni-caja-420-g,Pizza Congelada ITALPIZZA Pepperoni Caja 420g,ITALPIZZA,congelados,16.9,16.9,False,0.0,https://www.plazavea.com.pe/pizza-congelada-italpizza-pepperoni-caja-420-g/p,https://plazavea.vteximg.com.br/arquivos/ids/30666341-184-184/20463019.jpg?v=638761863063400000,2026-09-16 21:22:36
helado-bells-bombones-pote-18un,Helado BELL'S Bombones Pote 18un,BELL'S,congelados,8.9,8.9,False,0.0,https://www.plazavea.com.pe/helado-bells-bombones-pote-18un/p,https://plazavea.vteximg.com.br/arquivos/ids/30307672-184-184/20426440.jpg?v=638697098720800000,2026-09-16 21:22:36
chicken-bites-oregon-foods-bolsa-300g,Chicken Bites OREGON FOODS Bolsa 300g,OREGON FOODS,congelados,13.9,13.9,False,0.0,https://www.plazavea.com.pe/chicken-bites-oregon-foods-bolsa-300g/p,https://plazavea.vteximg.com.br/arquivos/ids/29450112-184-184/20433378.jpg?v=638616161325300000,2026-09-16 21:22:36
strips-de-pollo-oregon-foods-bolsa-300g,Strips de Pollo OREGON FOODS Bolsa 300g,OREGON FOODS,congelados,12.6,14.5,False,13.1,https://www.plazavea.com.pe/strips-de-pollo-oregon-foods-bolsa-300g/p,https://vivanda.vteximg.com.br/arquivos/Alto_sodio.png?v=123,2026-09-16 21:22:36
tiras-de-pollo-san-fernando-paquete-300g,Tiras de Pollo SAN FERNANDO Paquete 300g,SAN FERNANDO,congelados,16.9,16.9,False,0.0,https://www.plazavea.com.pe/tiras-de-pollo-san-fernando-paquete-300g/p,https://plazavea.vteximg.com.br/arquivos/ids/29228335-184-184/20425794.jpg?v=639173065152500000,2026-09-16 21:22:36
bistec-apanado-oregon-foods-paquete-3un-20393456,Bistec Apanado OREGON FOODS Paquete 3un,OREGON FOODS,congelados,32.9,32.9,False,0.0,https://www.plazavea.com.pe/bistec-apanado-oregon-foods-paquete-3un-20393456/p,https://plazavea.vteximg.com.br/arquivos/ids/29450932-184-184/20393456.jpg?v=639106594686900000,2026-09-16 21:22:36
filete-de-merluza-empanizada-seafrost-caja-500g,Filete de Merluza Empanizada SEAFROST Caja 500...,SEAFROST,congelados,14.9,14.9,False,0.0,https://www.plazavea.com.pe/filete-de-merluza-empanizada-seafrost-caja-500g/p,https://plazavea.vteximg.com.br/arquivos/ids/31481012-184-184/20332029.jpg?v=638853121336200000,2026-09-16 21:22:36
helado-donofrio-frio-rico-crocante-fresa-pote-900ml,Helado D'ONOFRIO Frio Rico Crocante Fresa Pote...,D'ONOFRIO,congelados,24.9,24.9,False,0.0,https://www.plazavea.com.pe/helado-donofrio-frio-rico-crocante-fresa-pote-900ml/p,https://plazavea.vteximg.com.br/arquivos/ids/28884607-184-184/20357233.jpg?v=638467777668670000,2026-09-16 21:22:36
paleta-choco-golden-bells-caja-6un,Paleta Choco Golden BELL'S Caja 6un,BELL'S,congelados,8.49,8.49,False,0.0,https://www.plazavea.com.pe/paleta-choco-golden-bells-caja-6un/p,https://plazavea.vteximg.com.br/arquivos/ids/28513581-184-184/20356587.jpg?v=638373191654700000,2026-09-16 21:22:36
helado-de-chocolate-zubzero-pote-500ml,Helado de Chocolate ZUBZERO Pote 500ml,ZUBZERO,congelados,19.9,19.9,False,0.0,https://www.plazavea.com.pe/helado-de-chocolate-zubzero-pote-500ml/p,https://plazavea.vteximg.com.br/arquivos/ids/19457340-184-184/20289667.jpg?v=638010492139500000,2026-09-16 21:22:36
bombones-franui-chocolate-con-leche-y-chocolate-blanco-pote-x-150g,Bombones FRANUÍ Chocolate con Leche y Chocolat...,FRANUÍ,congelados,24.5,24.5,False,0.0,https://www.plazavea.com.pe/bombones-franui-chocolate-con-leche-y-chocolate-blanco-pote-x-150g/p,https://vivanda.vteximg.com.br/arquivos/azucar_saturadas.png?v=123,2026-09-16 21:22:36
nuggets-de-pollo-con-chia-san-fernando-bolsa-24un,Nuggets de Pollo con Chia SAN FERNANDO Bolsa 2...,SAN FERNANDO,congelados,18.9,18.9,False,0.0,https://www.plazavea.com.pe/nuggets-de-pollo-con-chia-san-fernando-bolsa-24un/p,https://plazavea.vteximg.com.br/arquivos/ids/34359434-184-184/20236403.jpg?v=639173076565270000,2026-09-16 21:22:36
helado-multipack-kitkat-caja-5un,Helado Multipack KITKAT Caja 5un,KIT KAT,congelados,20.5,24.5,False,16.33,https://www.plazavea.com.pe/helado-multipack-kitkat-caja-5un/p,https://vivanda.vteximg.com.br/arquivos/azucar_saturadas.png?v=123,2026-09-16 21:22:36
ravioles-de-pollo-y-verdura-bells-paquete-500g,Ravioles de Pollo y Verdura BELL'S Paquete 500...,BELL'S,congelados,9.5,9.5,False,0.0,https://www.plazavea.com.pe/ravioles-de-pollo-y-verdura-bells-paquete-500g/p,https://plazavea.vteximg.com.br/arquivos/ids/1549701-184-184/20199404.jpg?v=637552235176800000,2026-09-16 21:22:36
capellettis-4-quesos-bells-bolsa-1kg-20199397,Capellettis 4 Quesos BELL'S Bolsa 1Kg,BELL'S,congelados,17.9,17.9,False,0.0,https://www.plazavea.com.pe/capellettis-4-quesos-bells-bolsa-1kg-20199397/p,https://vivanda.vteximg.com.br/arquivos/octagono-trans.png?v=123,2026-09-16 21:22:36
nuggets-de-pechuga-de-pollo-redondos-bolsa-12un,Nuggets de Pechuga de Pollo REDONDOS Bolsa 12u...,REDONDOS,congelados,6.3,6.3,False,0.0,https://www.plazavea.com.pe/nuggets-de-pechuga-de-pollo-redondos-bolsa-12un/p,https://vivanda.vteximg.com.br/arquivos/Sodio_saturadas.png?v=123,2026-09-16 21:22:36
deli-bistec-san-fernando-bolsa-4un,Deli Bistec SAN FERNANDO Bolsa 4un,SAN FERNANDO,congelados,9.9,9.9,False,0.0,https://www.plazavea.com.pe/deli-bistec-san-fernando-bolsa-4un/p,https://vivanda.vteximg.com.br/arquivos/Alto_sodio.png?v=123,2026-09-16 21:22:36
chicken-pop-redondos-bolsa-300g,Chicken Pop Empanizados REDONDOS Bolsa 300g,REDONDOS,congelados,11.2,12.7,False,11.81,https://www.plazavea.com.pe/chicken-pop-redondos-bolsa-300g/p,https://vivanda.vteximg.com.br/arquivos/Alto_sodio.png?v=123,2026-09-16 21:22:36
helado-siviero-maria-cioccolatissimo-1l-20130219,Helado SIVIERO MARIA Cioccolatissimo 1L,SIVIERO MARIA,congelados,17.5,17.5,False,0.0,https://www.plazavea.com.pe/helado-siviero-maria-cioccolatissimo-1l-20130219/p,https://vivanda.vteximg.com.br/arquivos/azucar_saturadas.png?v=123,2026-09-16 21:22:36
helado-siverio-maria-panna-frutti-di-bosco-pote-1l-20130221,Helado SIVERIO MARIA Panna Frutti Di Bosco Pot...,SIVIERO MARIA,congelados,17.5,17.5,False,0.0,https://www.plazavea.com.pe/helado-siverio-maria-panna-frutti-di-bosco-pote-1l-20130221/p,https://vivanda.vteximg.com.br/arquivos/azucar_saturadas.png?v=123,2026-09-16 21:22:36
pan-forno-de-minas-queso-bolsa-400g,Pan de Queso FORNO DE MINAS Bolsa 400g,FORNO DE MINAS,congelados,18.9,18.9,False,0.0,https://www.plazavea.com.pe/pan-forno-de-minas-queso-bolsa-400g/p,https://vivanda.vteximg.com.br/arquivos/Sodio_saturadas.png?v=123,2026-09-16 21:22:36
hamburguesa-redondos-pollo-bolsa-360g,Hamburguesa de Pollo REDONDOS Bolsa 6un,REDONDOS,congelados,5.19,6.6,False,21.36,https://www.plazavea.com.pe/hamburguesa-redondos-pollo-bolsa-360g/p,https://plazavea.vteximg.com.br/arquivos/ids/34976022-184-184/20106436.jpg?v=639171532077500000,2026-09-16 21:23:02
nuggets-de-pollo-san-fernando-paquete-10un,Nuggets de Pollo San Fernando Paquete 10un,SAN FERNANDO,congelados,5.4,5.4,False,0.0,https://www.plazavea.com.pe/nuggets-de-pollo-san-fernando-paquete-10un/p,https://vivanda.vteximg.com.br/arquivos/Alto_sodio.png?v=123,2026-09-16 21:23:02
enrollado-de-pollo-redondos-con-frutas-unid-x-1-3kg,Enrollado de pollo con Frutas REDONDOS unid x ...,REDONDOS,congelados,39.9,39.9,False,0.0,https://www.plazavea.com.pe/enrollado-de-pollo-redondos-con-frutas-unid-x-1-3kg/p,https://plazavea.vteximg.com.br/arquivos/ids/30567878-184-184/448727.jpg?v=638745327648870000,2026-09-16 21:23:02
raviolitos-don-italo-de-ricotta-con-espinaca-28-paquete-500g,Raviolitos DON ITALO de Ricotta con Espinaca P...,DON ITALO,congelados,17.2,23.9,False,28.03,https://www.plazavea.com.pe/raviolitos-don-italo-de-ricotta-con-espinaca-28-paquete-500g/p,https://plazavea.vteximg.com.br/arquivos/ids/34331044-184-184/26391.jpg?v=639124902727170000,2026-09-16 21:23:02
hamburguesa-otto-kunz-parrillera-de-res-bolsa-4un-114484,Hamburguesa OTTO KUNZ Parrillera de Res Bolsa ...,OTTO KUNZ,congelados,19.5,25.9,False,24.71,https://www.plazavea.com.pe/hamburguesa-otto-kunz-parrillera-de-res-bolsa-4un-114484/p,https://vivanda.vteximg.com.br/arquivos/Sodio_saturadas.png?v=123,2026-09-16 21:23:02
ravioles-don-italo-de-carne-28-bandeja-500g,Raviolitos DON ITALO de Carne Bandeja 500g,DON ITALO,congelados,19.1,20.3,False,5.91,https://www.plazavea.com.pe/ravioles-don-italo-de-carne-28-bandeja-500g/p,https://plazavea.vteximg.com.br/arquivos/ids/34331032-184-184/26390.jpg?v=639124902597730000,2026-09-16 21:23:02
ravioles-don-italo-de-ricotta-con-espinaca-bandeja-500g,Ravioles DON ITALO De Ricotta con Espinaca Ban...,DON ITALO,congelados,24.7,28.9,False,14.53,https://www.plazavea.com.pe/ravioles-don-italo-de-ricotta-con-espinaca-bandeja-500g/p,https://plazavea.vteximg.com.br/arquivos/ids/34331033-184-184/26381.jpg?v=639124902607670000,2026-09-16 21:23:02
hamburguesa-oregon-foods-best-meats-100-carne-angus-caja-4un,Hamburguesa OREGON FOODS Carne Angus Caja 4un,OREGON FOODS,congelados,50.9,50.9,False,0.0,https://www.plazavea.com.pe/hamburguesa-oregon-foods-best-meats-100-carne-angus-caja-4un/p,https://vivanda.vteximg.com.br/arquivos/Alto_saturadas.png?v=123,2026-09-16 21:23:02
nuggets-de-pollo-redondos-doypack-900g-20632958,Nuggets de Pollo REDONDOS Doypack 900g,REDONDOS,congelados,17.9,22.9,False,21.83,https://www.plazavea.com.pe/nuggets-de-pollo-redondos-doypack-900g-20632958/p,https://plazavea.vteximg.com.br/arquivos/ids/34826575-184-184/20632958.jpg?v=639161893426270000,2026-09-16 21:23:02
bombones-franui-free-chocolate-pote-150g-20632960,Bombones FRANUÍ Free Chocolate Pote 150g,FRANUÍ,congelados,24.5,24.5,False,0.0,https://www.plazavea.com.pe/bombones-franui-free-chocolate-pote-150g-20632960/p,https://plazavea.vteximg.com.br/arquivos/ids/34749533-184-184/20632960.jpg?v=639154025864770000,2026-09-16 21:23:02
nuggets-horneados-san-fernando-pechuga-de-pollo-paquete-20un-20607974,Nuggets Horneados SAN FERNANDO Pechuga de Poll...,SAN FERNANDO,congelados,8.9,11.3,False,21.24,https://www.plazavea.com.pe/nuggets-horneados-san-fernando-pechuga-de-pollo-paquete-20un-20607974/p,https://plazavea.vteximg.com.br/arquivos/ids/34221265-184-184/20607974.jpg?v=639106667726730000,2026-09-16 21:23:02
helado-de-vainilla-chips-bells-potel-930ml-20474974,Helado de Vainilla Chips BELL'S Potel 930ml,BELL'S,congelados,7.9,7.9,True,0.0,https://www.plazavea.com.pe/helado-de-vainilla-chips-bells-potel-930ml-20474974/p,https://plazavea.vteximg.com.br/arquivos/ids/36154703-184-184/20474974.jpg?v=639250971426470000,2026-09-16 21:23:02
ravioles-de-carne-antigua-taberna-queirolo-caja-500g-20466826,Ravioles de Carne ANTIGUA TABERNA QUEIROLO Caj...,ANTIGUA TABERNA QUEIROLO,congelados,30.6,30.6,False,0.0,https://www.plazavea.com.pe/ravioles-de-carne-antigua-taberna-queirolo-caja-500g-20466826/p,https://plazavea.vteximg.com.br/arquivos/ids/35604984-184-184/20466826.jpg?v=639215569728100000,2026-09-16 21:23:02
helado-de-galleta-sublime-pote-900ml,Helado de Galleta SUBLIME Pote 900ml,D'ONOFRIO,congelados,16.9,19.5,False,13.33,https://www.plazavea.com.pe/helado-de-galleta-sublime-pote-900ml/p,https://plazavea.vteximg.com.br/arquivos/ids/30461446-184-184/20466806.jpg?v=638738445116800000,2026-09-16 21:23:02
pizza-congelada-italpizza-margherita-caja-410-g,Pizza Congelada ITALPIZZA Margherita Caja 410g,ITALPIZZA,congelados,16.9,16.9,False,0.0,https://www.plazavea.com.pe/pizza-congelada-italpizza-margherita-caja-410-g/p,https://plazavea.vteximg.com.br/arquivos/ids/30666308-184-184/20463020.jpg?v=638761863024330000,2026-09-16 21:23:02
helado-frio-rico-crocante-maracuya-pote-900ml,Helado FRIO RICO Crocante Maracuyá Pote 900ml,FRIO RICO,congelados,24.9,24.9,False,0.0,https://www.plazavea.com.pe/helado-frio-rico-crocante-maracuya-pote-900ml/p,https://plazavea.vteximg.com.br/arquivos/ids/30247152-184-184/20425004.jpg?v=638681703788070000,2026-09-16 21:23:02
chicharron-de-pechuga-de-pollo-oregan-foods-bolsa-300g,Chicharrón de Pechuga de Pollo OREGON FOODS Bo...,OREGON FOODS,congelados,15.9,15.9,False,0.0,https://www.plazavea.com.pe/chicharron-de-pechuga-de-pollo-oregan-foods-bolsa-300g/p,https://vivanda.vteximg.com.br/arquivos/Alto_sodio.png?v=123,2026-09-16 21:23:02
chicharron-de-pollo-san-fernando-paquete-300g,Chicharrón de Pollo SAN FERNANDO Paquete 300g,SAN FERNANDO,congelados,16.9,16.9,False,0.0,https://www.plazavea.com.pe/chicharron-de-pollo-san-fernando-paquete-300g/p,https://plazavea.vteximg.com.br/arquivos/ids/29228337-184-184/20425772.jpg?v=639173078190070000,2026-09-16 21:23:02
milanesa-de-pescado-seafrost-caja-4un-20332033,Milanesa de Pescado SEAFROST Caja 4un,SEAFROST,congelados,23.9,23.9,False,0.0,https://www.plazavea.com.pe/milanesa-de-pescado-seafrost-caja-4un-20332033/p,https://plazavea.vteximg.com.br/arquivos/ids/34976032-184-184/20332033.jpg?v=639171532171170000,2026-09-16 21:23:02
helado-de-lucuma-zubzero-pote-500ml,Helado de Lúcuma ZUBZERO Pote 500ml,ZUBZERO,congelados,19.9,19.9,False,0.0,https://www.plazavea.com.pe/helado-de-lucuma-zubzero-pote-500ml/p,https://plazavea.vteximg.com.br/arquivos/ids/19457341-184-184/20289655.jpg?v=638010492440270000,2026-09-16 21:23:02
capellettis-4-quesos-bells-paquete-500g-20199394,Capellettis 4 Quesos BELL'S Paquete 500g,BELL'S,congelados,9.5,9.5,False,0.0,https://www.plazavea.com.pe/capellettis-4-quesos-bells-paquete-500g-20199394/p,https://vivanda.vteximg.com.br/arquivos/octagono-trans.png?v=123,2026-09-16 21:23:02
helado-siviero-maria-croccantino-al-cioc-pote-1l-20200049,Helado SIVIERO MARIA Croccantino al Cioc Pote ...,SIVIERO MARIA,congelados,17.5,17.5,False,0.0,https://www.plazavea.com.pe/helado-siviero-maria-croccantino-al-cioc-pote-1l-20200049/p,https://vivanda.vteximg.com.br/arquivos/azucar_saturadas.png?v=123,2026-09-16 21:23:02
chups-happy-chups-sabores-surtidos-light-con-vitamina-c-paquete-10un,Chups Light HAPPY CHUPS Sabores Surtidos con V...,HAPPY,congelados,10.3,10.3,False,0.0,https://www.plazavea.com.pe/chups-happy-chups-sabores-surtidos-light-con-vitamina-c-paquete-10un/p,https://plazavea.vteximg.com.br/arquivos/ids/561242-184-184/20139485.jpg?v=637427424850130000,2026-09-16 21:23:02
salsa-don-italo-pesto-pote-250g,Salsa Pesto DON ITALO Pote 250g,DON ITALO,congelados,23.9,23.9,False,0.0,https://www.plazavea.com.pe/salsa-don-italo-pesto-pote-250g/p,https://vivanda.vteximg.com.br/arquivos/Alto_saturadas.png?v=123,2026-09-16 21:23:02
paleta-nescafe-donofrio-caja-4un-20652312,Paleta Nescafé D'ONOFRIO Caja 4un,NESCAFÉ,congelados,22.1,24.5,False,9.8,https://www.plazavea.com.pe/paleta-nescafe-donofrio-caja-4un-20652312/p,https://vivanda.vteximg.com.br/arquivos/azucar_saturadas.png?v=123,2026-09-16 21:23:02
salmon-wellington-umi-ivp-caja-185g-20633297,Salmón Wellington UMI IVP Caja 185g,UMIFOODS,congelados,20.9,20.9,False,0.0,https://www.plazavea.com.pe/salmon-wellington-umi-ivp-caja-185g-20633297/p,https://plazavea.vteximg.com.br/arquivos/ids/34826727-184-184/20633297.jpg?v=639161894160500000,2026-09-16 21:23:02
langostino-precocido-umi-torpedo-caja-200g-20633296,Langostino Precocido UMI Torpedo Caja 200g,UMIFOODS,congelados,19.5,19.5,False,0.0,https://www.plazavea.com.pe/langostino-precocido-umi-torpedo-caja-200g-20633296/p,https://vivanda.vteximg.com.br/arquivos/Alto_saturadas.png?v=123,2026-09-16 21:23:02
nuggets-de-pollo-redondos-doypack-10un-20632959,Nuggets de Pollo REDONDOS Doypack 10un,REDONDOS,congelados,5.4,5.4,False,0.0,https://www.plazavea.com.pe/nuggets-de-pollo-redondos-doypack-10un-20632959/p,https://plazavea.vteximg.com.br/arquivos/ids/34826576-184-184/20632959.jpg?v=639161893433130000,2026-09-16 21:23:02
hamburguesa-de-res-bon-beef-parrillera-caja-4un-20630822,Hamburguesa de Res BON BEEF Parrillera Caja 4u...,BON BEEF,congelados,29.9,29.9,False,0.0,https://www.plazavea.com.pe/hamburguesa-de-res-bon-beef-parrillera-caja-4un-20630822/p,https://plazavea.vteximg.com.br/arquivos/ids/34658729-184-184/20630822.jpg?v=639144775295170000,2026-09-16 21:23:02
hamburguesa-de-carne-bon-beef-angus-caja-4un-20630820,Hamburguesa de Carne BON BEEF Angus Caja 4un,BON BEEF,congelados,54.9,54.9,False,0.0,https://www.plazavea.com.pe/hamburguesa-de-carne-bon-beef-angus-caja-4un-20630820/p,https://plazavea.vteximg.com.br/arquivos/ids/34658727-184-184/20630820.jpg?v=639144775285770000,2026-09-16 21:23:02
mini-hamburguesas-de-res-bon-beef-angus-caja-12un-20630823,Mini Hamburguesas de Res BON BEEF Angus Caja 1...,BON BEEF,congelados,43.9,43.9,False,0.0,https://www.plazavea.com.pe/mini-hamburguesas-de-res-bon-beef-angus-caja-12un-20630823/p,https://plazavea.vteximg.com.br/arquivos/ids/34646517-184-184/20630823.jpg?v=639143912155170000,2026-09-16 21:23:02
nuggets-de-pollo-braedt-bolsa-15un-20629096,Nuggets de Pollo BRAEDT Bolsa 15un,BRAEDT,congelados,6.9,10.0,False,31.0,https://www.plazavea.com.pe/nuggets-de-pollo-braedt-bolsa-15un-20629096/p,https://plazavea.vteximg.com.br/arquivos/ids/34418124-184-184/20629096.jpg?v=639126416139770000,2026-09-16 21:23:02
hamburguesa-con-bondiola-pancenta-casa-europa-miel-y-rocoto-caja-4un-20621724,"Hamburguesa con Bondiola, Pancenta CASA EUROPA...",CASA EUROPA,congelados,23.9,35.9,False,33.43,https://www.plazavea.com.pe/hamburguesa-con-bondiola-pancenta-casa-europa-miel-y-rocoto-caja-4un-20621724/p,https://vivanda.vteximg.com.br/arquivos/Alto_sodio.png?v=123,2026-09-16 21:23:02
hamburguesa-con-bondiola-y-panceta-ahumada-casa-europa-caja-4un-20621725,Hamburguesa con Bondiola y Panceta Ahumada CAS...,CASA EUROPA,congelados,23.9,32.9,False,27.36,https://www.plazavea.com.pe/hamburguesa-con-bondiola-y-panceta-ahumada-casa-europa-caja-4un-20621725/p,https://plazavea.vteximg.com.br/arquivos/ids/34976038-184-184/20621725.jpg?v=639171532212900000,2026-09-16 21:23:02
helado-bells-napolitano-pote-1-27kg-20463424,Helado BELL'S Napolitano Pote 1.27Kg,BELL'S,congelados,15.9,15.9,False,0.0,https://www.plazavea.com.pe/helado-bells-napolitano-pote-1-27kg-20463424/p,https://plazavea.vteximg.com.br/arquivos/ids/34465003-184-184/20463424.jpg?v=639130789618800000,2026-09-16 21:23:02
helado-chocolate-bells-pote-930ml-20474972,Helado Chocolate BELL'S Pote 930ml,BELL'S,congelados,7.9,7.9,True,0.0,https://www.plazavea.com.pe/helado-chocolate-bells-pote-930ml-20474972/p,https://plazavea.vteximg.com.br/arquivos/ids/36154705-184-184/20474972.jpg?v=639250971447900000,2026-09-16 21:23:02
helado-trisabor-bells-pote-930ml-20474971,Helado Trisabor BELL'S Pote 930ml,BELL'S,congelados,7.9,7.9,True,0.0,https://www.plazavea.com.pe/helado-trisabor-bells-pote-930ml-20474971/p,https://plazavea.vteximg.com.br/arquivos/ids/36154704-184-184/20474971.jpg?v=639250971442230000,2026-09-16 21:23:02
helado-napolitano-bells-pote-930ml-20474975,Helado Napolitano BELL'S Pote 930ml,BELL'S,congelados,7.9,7.9,True,0.0,https://www.plazavea.com.pe/helado-napolitano-bells-pote-930ml-20474975/p,https://plazavea.vteximg.com.br/arquivos/ids/34366047-184-184/20474975.jpg?v=639125083740400000,2026-09-16 21:23:02
crema-con-fresa-siviero-maria-pote-1l-20416409,Crema con Fresa SIVIERO MARIA Pote 1L,SIVIERO MARIA,congelados,17.5,17.5,False,0.0,https://www.plazavea.com.pe/crema-con-fresa-siviero-maria-pote-1l-20416409/p,https://vivanda.vteximg.com.br/arquivos/azucar_saturadas.png?v=123,2026-09-16 21:23:02
helado-my-mochi-sabor-a-mango-caja-6un-20468858,Helado MY MOCHI Sabor a Mango Caja 6un,MY MOCHI,congelados,19.9,19.9,False,0.0,https://www.plazavea.com.pe/helado-my-mochi-sabor-a-mango-caja-6un-20468858/p,https://plazavea.vteximg.com.br/arquivos/ids/34465102-184-184/20468858.jpg?v=639130789910830000,2026-09-16 21:23:02
helado-my-mochi-sabor-a-fresa-caja-6un-20468856,Helado MY MOCHI Sabor a Fresa Caja 6un,MY MOCHI,congelados,19.9,19.9,False,0.0,https://www.plazavea.com.pe/helado-my-mochi-sabor-a-fresa-caja-6un-20468856/p,https://plazavea.vteximg.com.br/arquivos/ids/34465100-184-184/20468856.jpg?v=639130789905000000,2026-09-16 21:23:02
helado-kit-kat-caramel-pote-900ml-20568857,Helado KIT KAT Caramel Pote 900ml,KIT KAT,congelados,25.9,25.9,False,0.0,https://www.plazavea.com.pe/helado-kit-kat-caramel-pote-900ml-20568857/p,https://plazavea.vteximg.com.br/arquivos/ids/34470845-184-184/20568857.jpg?v=639227552967930000,2026-09-16 21:23:02
helado-haagen-dazs-de-pistacho-y-crema-pote-420ml-20568573,Helado HÄAGEN DAZS de Pistacho y Crema Pote 42...,HÄAGEN DAZS,congelados,31.9,35.5,False,10.14,https://www.plazavea.com.pe/helado-haagen-dazs-de-pistacho-y-crema-pote-420ml-20568573/p,https://vivanda.vteximg.com.br/arquivos/azucar_saturadas.png?v=123,2026-09-16 21:23:02
bombones-de-chocolate-franui-pink-pote-150g,Bombones de Chocolate FRANUÍ Pink Pote 150g,FRANUÍ,congelados,24.5,24.5,False,0.0,https://www.plazavea.com.pe/bombones-de-chocolate-franui-pink-pote-150g/p,https://vivanda.vteximg.com.br/arquivos/azucar_saturadas.png?v=123,2026-09-16 21:23:02
helado-tradicional-tonitto-yogurt-blanco-pote-500ml,Helado Tradicional TONITTO Yogurt Blanco Pote ...,TONITTO,congelados,11.9,11.9,False,0.0,https://www.plazavea.com.pe/helado-tradicional-tonitto-yogurt-blanco-pote-500ml/p,https://plazavea.vteximg.com.br/arquivos/ids/30706873-184-184/20463416.jpg?v=638763894904200000,2026-09-16 21:23:02
helado-tradicional-tonitto-yogurt-de-frambuesa-pote-500ml-pv-pv,Helado Tradicional TONITTO Yogurt de Frambuesa...,TONITTO,congelados,11.9,11.9,False,0.0,https://www.plazavea.com.pe/helado-tradicional-tonitto-yogurt-de-frambuesa-pote-500ml-pv-pv/p,https://plazavea.vteximg.com.br/arquivos/ids/30693809-184-184/20463425.jpg?v=638762167184200000,2026-09-16 21:23:02
ravioles-de-espinaca-y-ricotta-antigua-taberna-queirolo-caja-500g-20466825,Ravioles de Espinaca y Ricotta ANTIGUA TABERNA...,ANTIGUA TABERNA QUEIROLO,congelados,25.9,30.6,False,15.36,https://www.plazavea.com.pe/ravioles-de-espinaca-y-ricotta-antigua-taberna-queirolo-caja-500g-20466825/p,https://plazavea.vteximg.com.br/arquivos/ids/35604987-184-184/20466825.jpg?v=639215569749930000,2026-09-16 21:23:02
salsa-pomarola-antigua-taberna-queirolo-caja-250g-20466827,Salsa Pomarola ANTIGUA TABERNA QUEIROLO Caja 2...,ANTIGUA TABERNA QUEIROLO,congelados,14.7,17.3,False,15.03,https://www.plazavea.com.pe/salsa-pomarola-antigua-taberna-queirolo-caja-250g-20466827/p,https://plazavea.vteximg.com.br/arquivos/ids/35604986-184-184/20466827.jpg?v=639215569745900000,2026-09-16 21:23:02
salsa-carne-antigua-taberna-queirolo-caja-250g-20466821,Salsa Carne ANTIGUA TABERNA QUEIROLO Caja 250g,ANTIGUA TABERNA QUEIROLO,congelados,18.3,18.3,False,0.0,https://www.plazavea.com.pe/salsa-carne-antigua-taberna-queirolo-caja-250g-20466821/p,https://plazavea.vteximg.com.br/arquivos/ids/35604985-184-184/20466821.jpg?v=639215569741530000,2026-09-16 21:23:02
salsa-pesto-antigua-taberna-queirolo-caja-250g-20466824,Salsa Pesto ANTIGUA TABERNA QUEIROLO Caja 250g,ANTIGUA TABERNA QUEIROLO,congelados,24.9,26.5,False,6.04,https://www.plazavea.com.pe/salsa-pesto-antigua-taberna-queirolo-caja-250g-20466824/p,https://plazavea.vteximg.com.br/arquivos/ids/35604983-184-184/20466824.jpg?v=639215569682030000,2026-09-16 21:23:02
lasagna-de-carne-antigua-taberna-queirolo-caja-500g-20466823,Lasagna de Carne ANTIGUA TABERNA QUEIROLO Caja...,ANTIGUA TABERNA QUEIROLO,congelados,27.2,32.6,False,16.56,https://www.plazavea.com.pe/lasagna-de-carne-antigua-taberna-queirolo-caja-500g-20466823/p,https://plazavea.vteximg.com.br/arquivos/ids/35604982-184-184/20466823.jpg?v=639215569649270000,2026-09-16 21:23:28
